panel,row,column,age,year,red,green,blue
1,0,0,20,1954,242,242,242
1,0,1,20,1955,253,253,253
1,0,2,20,1956,253,253,253
1,0,3,20,1957,253,253,253
1,0,4,20,1958,253,253,253
1,0,5,20,1959,254,254,254
1,0,6,20,1960,254,254,254
1,0,7,20,1961,253,253,253
1,0,8,20,1962,253,253,253
1,0,9,20,1963,253,253,253
1,0,10,20,1964,253,253,253
1,0,11,20,1965,253,253,253
1,0,12,20,1966,253,253,253
1,0,13,20,1967,253,253,253
1,0,14,20,1968,253,253,253
1,0,15,20,1969,253,253,253
1,0,16,20,1970,253,253,253
1,0,17,20,1971,253,253,253
1,0,18,20,1972,253,253,253
1,0,19,20,1973,253,253,253
1,0,20,20,1974,253,253,253
1,0,21,20,1975,253,253,253
1,0,22,20,1976,253,253,253
1,0,23,20,1977,253,253,253
1,0,24,20,1978,253,253,253
1,0,25,20,1979,253,253,253
1,0,26,20,1980,254,254,254
1,0,27,20,1981,253,253,253
1,0,28,20,1982,253,253,253
1,0,29,20,1983,253,253,253
1,0,30,20,1984,253,253,253
1,0,31,20,1985,253,253,253
1,0,32,20,1986,253,253,253
1,0,33,20,1987,253,253,253
1,0,34,20,1988,253,253,253
1,0,35,20,1989,253,253,253
1,0,36,20,1990,253,253,253
1,0,37,20,1991,253,253,253
1,0,38,20,1992,253,253,253
1,0,39,20,1993,253,253,253
1,0,40,20,1994,253,253,253
1,0,41,20,1995,253,253,253
1,0,42,20,1996,253,253,253
1,0,43,20,1997,253,253,253
1,0,44,20,1998,253,253,253
1,0,45,20,1999,253,253,253
1,0,46,20,2000,253,253,253
1,0,47,20,2001,253,253,253
1,0,48,20,2002,253,253,253
1,0,49,20,2003,250,250,250
1,0,50,20,2004,250,250,250
1,0,51,20,2005,253,253,253
1,0,52,20,2006,249,249,249
1,0,53,20,2007,253,253,253
1,0,54,20,2008,252,252,252
1,0,55,20,2009,253,253,253
1,0,56,20,2010,253,253,253
1,0,57,20,2011,252,252,252
1,0,58,20,2012,253,253,253
1,0,59,20,2013,251,251,251
1,0,60,20,2014,254,254,254
1,0,61,20,2015,253,253,253
1,0,62,20,2016,253,253,253
1,0,63,20,2017,253,253,253
1,0,64,20,2018,253,253,253
1,0,65,20,2019,253,253,253
1,0,66,20,2020,254,254,254
1,0,67,20,2021,253,253,253
1,0,68,20,2022,248,248,248
1,1,0,21,1954,243,243,243
1,1,1,21,1955,255,255,255
1,1,2,21,1956,255,255,255
1,1,3,21,1957,255,255,255
1,1,4,21,1958,255,255,255
1,1,5,21,1959,255,255,255
1,1,6,21,1960,255,255,255
1,1,7,21,1961,255,255,255
1,1,8,21,1962,255,255,255
1,1,9,21,1963,255,255,255
1,1,10,21,1964,255,255,255
1,1,11,21,1965,255,255,255
1,1,12,21,1966,255,255,255
1,1,13,21,1967,255,255,255
1,1,14,21,1968,255,255,255
1,1,15,21,1969,255,255,255
1,1,16,21,1970,255,255,255
1,1,17,21,1971,255,255,255
1,1,18,21,1972,255,255,255
1,1,19,21,1973,255,255,255
1,1,20,21,1974,255,255,255
1,1,21,21,1975,255,255,255
1,1,22,21,1976,255,255,255
1,1,23,21,1977,255,255,255
1,1,24,21,1978,255,255,255
1,1,25,21,1979,255,255,255
1,1,26,21,1980,255,255,255
1,1,27,21,1981,255,255,255
1,1,28,21,1982,255,255,255
1,1,29,21,1983,255,255,255
1,1,30,21,1984,255,255,255
1,1,31,21,1985,255,255,255
1,1,32,21,1986,255,255,255
1,1,33,21,1987,255,255,255
1,1,34,21,1988,255,255,255
1,1,35,21,1989,255,255,255
1,1,36,21,1990,255,255,255
1,1,37,21,1991,255,255,255
1,1,38,21,1992,255,255,255
1,1,39,21,1993,255,255,255
1,1,40,21,1994,255,255,255
1,1,41,21,1995,255,255,255
1,1,42,21,1996,255,255,255
1,1,43,21,1997,255,255,255
1,1,44,21,1998,255,255,255
1,1,45,21,1999,255,255,255
1,1,46,21,2000,255,255,255
1,1,47,21,2001,255,255,255
1,1,48,21,2002,255,255,255
1,1,49,21,2003,255,255,255
1,1,50,21,2004,255,255,255
1,1,51,21,2005,255,255,255
1,1,52,21,2006,255,255,255
1,1,53,21,2007,255,255,255
1,1,54,21,2008,255,255,255
1,1,55,21,2009,254,254,254
1,1,56,21,2010,253,253,253
1,1,57,21,2011,253,253,253
1,1,58,21,2012,255,255,255
1,1,59,21,2013,254,254,254
1,1,60,21,2014,254,254,254
1,1,61,21,2015,255,255,255
1,1,62,21,2016,255,255,255
1,1,63,21,2017,255,255,255
1,1,64,21,2018,255,255,255
1,1,65,21,2019,255,255,255
1,1,66,21,2020,255,255,255
1,1,67,21,2021,255,255,255
1,1,68,21,2022,254,254,254
1,2,0,22,1954,226,226,226
1,2,1,22,1955,233,233,233
1,2,2,22,1956,254,254,254
1,2,3,22,1957,255,255,255
1,2,4,22,1958,220,220,220
1,2,5,22,1959,255,255,255
1,2,6,22,1960,255,255,255
1,2,7,22,1961,233,233,233
1,2,8,22,1962,254,254,254
1,2,9,22,1963,243,243,243
1,2,10,22,1964,255,255,255
1,2,11,22,1965,255,255,255
1,2,12,22,1966,255,255,255
1,2,13,22,1967,246,246,246
1,2,14,22,1968,253,253,253
1,2,15,22,1969,255,255,255
1,2,16,22,1970,255,255,255
1,2,17,22,1971,255,255,255
1,2,18,22,1972,255,255,255
1,2,19,22,1973,255,255,255
1,2,20,22,1974,255,255,255
1,2,21,22,1975,232,232,232
1,2,22,22,1976,254,254,254
1,2,23,22,1977,255,255,255
1,2,24,22,1978,255,255,255
1,2,25,22,1979,255,255,255
1,2,26,22,1980,255,255,255
1,2,27,22,1981,255,255,255
1,2,28,22,1982,255,255,255
1,2,29,22,1983,255,255,255
1,2,30,22,1984,255,255,255
1,2,31,22,1985,255,255,255
1,2,32,22,1986,255,255,255
1,2,33,22,1987,255,255,255
1,2,34,22,1988,255,255,255
1,2,35,22,1989,255,255,255
1,2,36,22,1990,255,255,255
1,2,37,22,1991,253,253,253
1,2,38,22,1992,254,254,254
1,2,39,22,1993,255,255,255
1,2,40,22,1994,255,255,255
1,2,41,22,1995,245,245,245
1,2,42,22,1996,252,252,252
1,2,43,22,1997,255,255,255
1,2,44,22,1998,254,254,254
1,2,45,22,1999,254,254,254
1,2,46,22,2000,255,255,255
1,2,47,22,2001,255,255,255
1,2,48,22,2002,255,255,255
1,2,49,22,2003,249,249,249
1,2,50,22,2004,251,251,251
1,2,51,22,2005,255,255,255
1,2,52,22,2006,255,255,255
1,2,53,22,2007,255,255,255
1,2,54,22,2008,255,255,255
1,2,55,22,2009,248,248,248
1,2,56,22,2010,237,237,237
1,2,57,22,2011,243,243,243
1,2,58,22,2012,254,254,254
1,2,59,22,2013,252,252,252
1,2,60,22,2014,253,253,253
1,2,61,22,2015,254,254,254
1,2,62,22,2016,255,255,255
1,2,63,22,2017,255,255,255
1,2,64,22,2018,255,255,255
1,2,65,22,2019,250,250,250
1,2,66,22,2020,233,233,233
1,2,67,22,2021,254,254,254
1,2,68,22,2022,252,252,252
1,3,0,23,1954,253,253,253
1,3,1,23,1955,247,247,247
1,3,2,23,1956,251,251,251
1,3,3,23,1957,254,254,254
1,3,4,23,1958,228,228,228
1,3,5,23,1959,241,241,241
1,3,6,23,1960,255,255,255
1,3,7,23,1961,255,255,255
1,3,8,23,1962,254,254,254
1,3,9,23,1963,254,254,254
1,3,10,23,1964,242,242,242
1,3,11,23,1965,255,255,255
1,3,12,23,1966,255,255,255
1,3,13,23,1967,246,246,246
1,3,14,23,1968,248,248,248
1,3,15,23,1969,255,255,255
1,3,16,23,1970,255,255,255
1,3,17,23,1971,252,252,252
1,3,18,23,1972,255,255,255
1,3,19,23,1973,255,255,255
1,3,20,23,1974,255,255,255
1,3,21,23,1975,231,231,231
1,3,22,23,1976,233,233,233
1,3,23,23,1977,254,254,254
1,3,24,23,1978,255,255,255
1,3,25,23,1979,255,255,255
1,3,26,23,1980,255,255,255
1,3,27,23,1981,255,255,255
1,3,28,23,1982,255,255,255
1,3,29,23,1983,255,255,255
1,3,30,23,1984,255,255,255
1,3,31,23,1985,255,255,255
1,3,32,23,1986,255,255,255
1,3,33,23,1987,255,255,255
1,3,34,23,1988,255,255,255
1,3,35,23,1989,243,243,243
1,3,36,23,1990,255,255,255
1,3,37,23,1991,254,254,254
1,3,38,23,1992,249,249,249
1,3,39,23,1993,253,253,253
1,3,40,23,1994,255,255,255
1,3,41,23,1995,254,254,254
1,3,42,23,1996,255,255,255
1,3,43,23,1997,240,240,240
1,3,44,23,1998,243,243,243
1,3,45,23,1999,248,248,248
1,3,46,23,2000,251,251,251
1,3,47,23,2001,255,255,255
1,3,48,23,2002,255,255,255
1,3,49,23,2003,249,249,249
1,3,50,23,2004,246,246,246
1,3,51,23,2005,247,247,247
1,3,52,23,2006,254,254,254
1,3,53,23,2007,253,253,253
1,3,54,23,2008,254,254,254
1,3,55,23,2009,247,247,247
1,3,56,23,2010,234,234,234
1,3,57,23,2011,236,236,236
1,3,58,23,2012,252,252,252
1,3,59,23,2013,251,251,251
1,3,60,23,2014,250,250,250
1,3,61,23,2015,243,243,243
1,3,62,23,2016,253,253,253
1,3,63,23,2017,255,255,255
1,3,64,23,2018,255,255,255
1,3,65,23,2019,253,253,253
1,3,66,23,2020,253,253,253
1,3,67,23,2021,246,246,246
1,3,68,23,2022,237,237,237
1,4,0,24,1954,245,245,245
1,4,1,24,1955,227,227,227
1,4,2,24,1956,254,254,254
1,4,3,24,1957,255,255,255
1,4,4,24,1958,251,251,251
1,4,5,24,1959,244,244,244
1,4,6,24,1960,255,255,255
1,4,7,24,1961,252,252,252
1,4,8,24,1962,254,254,254
1,4,9,24,1963,253,253,253
1,4,10,24,1964,254,254,254
1,4,11,24,1965,246,246,246
1,4,12,24,1966,253,253,253
1,4,13,24,1967,255,255,255
1,4,14,24,1968,252,252,252
1,4,15,24,1969,255,255,255
1,4,16,24,1970,255,255,255
1,4,17,24,1971,255,255,255
1,4,18,24,1972,246,246,246
1,4,19,24,1973,253,253,253
1,4,20,24,1974,255,255,255
1,4,21,24,1975,235,235,235
1,4,22,24,1976,233,233,233
1,4,23,24,1977,255,255,255
1,4,24,24,1978,255,255,255
1,4,25,24,1979,255,255,255
1,4,26,24,1980,250,250,250
1,4,27,24,1981,254,254,254
1,4,28,24,1982,255,255,255
1,4,29,24,1983,255,255,255
1,4,30,24,1984,255,255,255
1,4,31,24,1985,255,255,255
1,4,32,24,1986,255,255,255
1,4,33,24,1987,255,255,255
1,4,34,24,1988,255,255,255
1,4,35,24,1989,254,254,254
1,4,36,24,1990,255,255,255
1,4,37,24,1991,255,255,255
1,4,38,24,1992,255,255,255
1,4,39,24,1993,248,248,248
1,4,40,24,1994,253,253,253
1,4,41,24,1995,255,255,255
1,4,42,24,1996,255,255,255
1,4,43,24,1997,249,249,249
1,4,44,24,1998,208,208,208
1,4,45,24,1999,227,227,227
1,4,46,24,2000,249,249,249
1,4,47,24,2001,255,255,255
1,4,48,24,2002,255,255,255
1,4,49,24,2003,247,247,247
1,4,50,24,2004,241,241,241
1,4,51,24,2005,244,244,244
1,4,52,24,2006,250,250,250
1,4,53,24,2007,247,247,247
1,4,54,24,2008,254,254,254
1,4,55,24,2009,248,248,248
1,4,56,24,2010,238,238,238
1,4,57,24,2011,237,237,237
1,4,58,24,2012,250,250,250
1,4,59,24,2013,246,246,246
1,4,60,24,2014,250,250,250
1,4,61,24,2015,242,242,242
1,4,62,24,2016,250,250,250
1,4,63,24,2017,251,251,251
1,4,64,24,2018,250,250,250
1,4,65,24,2019,254,254,254
1,4,66,24,2020,249,249,249
1,4,67,24,2021,247,247,247
1,4,68,24,2022,251,251,251
1,5,0,25,1954,242,242,242
1,5,1,25,1955,225,225,225
1,5,2,25,1956,251,251,251
1,5,3,25,1957,254,254,254
1,5,4,25,1958,241,241,241
1,5,5,25,1959,253,253,253
1,5,6,25,1960,255,255,255
1,5,7,25,1961,225,225,225
1,5,8,25,1962,254,254,254
1,5,9,25,1963,255,255,255
1,5,10,25,1964,247,247,247
1,5,11,25,1965,254,254,254
1,5,12,25,1966,255,255,255
1,5,13,25,1967,255,255,255
1,5,14,25,1968,255,255,255
1,5,15,25,1969,255,255,255
1,5,16,25,1970,255,255,255
1,5,17,25,1971,255,255,255
1,5,18,25,1972,249,249,249
1,5,19,25,1973,254,254,254
1,5,20,25,1974,255,255,255
1,5,21,25,1975,236,236,236
1,5,22,25,1976,231,231,231
1,5,23,25,1977,254,254,254
1,5,24,25,1978,255,255,255
1,5,25,25,1979,255,255,255
1,5,26,25,1980,254,254,254
1,5,27,25,1981,255,255,255
1,5,28,25,1982,255,255,255
1,5,29,25,1983,255,255,255
1,5,30,25,1984,255,255,255
1,5,31,25,1985,249,249,249
1,5,32,25,1986,254,254,254
1,5,33,25,1987,255,255,255
1,5,34,25,1988,255,255,255
1,5,35,25,1989,255,255,255
1,5,36,25,1990,255,255,255
1,5,37,25,1991,255,255,255
1,5,38,25,1992,255,255,255
1,5,39,25,1993,255,255,255
1,5,40,25,1994,254,254,254
1,5,41,25,1995,255,255,255
1,5,42,25,1996,255,255,255
1,5,43,25,1997,225,225,225
1,5,44,25,1998,209,209,209
1,5,45,25,1999,216,216,216
1,5,46,25,2000,241,241,241
1,5,47,25,2001,255,255,255
1,5,48,25,2002,255,255,255
1,5,49,25,2003,248,248,248
1,5,50,25,2004,243,243,243
1,5,51,25,2005,240,240,240
1,5,52,25,2006,247,247,247
1,5,53,25,2007,242,242,242
1,5,54,25,2008,251,251,251
1,5,55,25,2009,247,247,247
1,5,56,25,2010,233,233,233
1,5,57,25,2011,238,238,238
1,5,58,25,2012,248,248,248
1,5,59,25,2013,235,235,235
1,5,60,25,2014,249,249,249
1,5,61,25,2015,235,235,235
1,5,62,25,2016,249,249,249
1,5,63,25,2017,239,239,239
1,5,64,25,2018,230,230,230
1,5,65,25,2019,252,252,252
1,5,66,25,2020,249,249,249
1,5,67,25,2021,234,234,234
1,5,68,25,2022,220,220,220
1,6,0,26,1954,253,253,253
1,6,1,26,1955,205,205,205
1,6,2,26,1956,251,251,251
1,6,3,26,1957,255,255,255
1,6,4,26,1958,248,248,248
1,6,5,26,1959,235,235,235
1,6,6,26,1960,252,252,252
1,6,7,26,1961,232,232,232
1,6,8,26,1962,253,253,253
1,6,9,26,1963,252,252,252
1,6,10,26,1964,254,254,254
1,6,11,26,1965,255,255,255
1,6,12,26,1966,255,255,255
1,6,13,26,1967,254,254,254
1,6,14,26,1968,255,255,255
1,6,15,26,1969,255,255,255
1,6,16,26,1970,255,255,255
1,6,17,26,1971,255,255,255
1,6,18,26,1972,255,255,255
1,6,19,26,1973,255,255,255
1,6,20,26,1974,255,255,255
1,6,21,26,1975,236,236,236
1,6,22,26,1976,233,233,233
1,6,23,26,1977,255,255,255
1,6,24,26,1978,255,255,255
1,6,25,26,1979,255,255,255
1,6,26,26,1980,255,255,255
1,6,27,26,1981,255,255,255
1,6,28,26,1982,255,255,255
1,6,29,26,1983,255,255,255
1,6,30,26,1984,255,255,255
1,6,31,26,1985,255,255,255
1,6,32,26,1986,238,238,238
1,6,33,26,1987,253,253,253
1,6,34,26,1988,255,255,255
1,6,35,26,1989,255,255,255
1,6,36,26,1990,255,255,255
1,6,37,26,1991,255,255,255
1,6,38,26,1992,252,252,252
1,6,39,26,1993,253,253,253
1,6,40,26,1994,255,255,255
1,6,41,26,1995,244,244,244
1,6,42,26,1996,238,238,238
1,6,43,26,1997,195,195,195
1,6,44,26,1998,213,213,213
1,6,45,26,1999,211,211,211
1,6,46,26,2000,247,247,247
1,6,47,26,2001,255,255,255
1,6,48,26,2002,255,255,255
1,6,49,26,2003,252,252,252
1,6,50,26,2004,244,244,244
1,6,51,26,2005,244,244,244
1,6,52,26,2006,243,243,243
1,6,53,26,2007,238,238,238
1,6,54,26,2008,251,251,251
1,6,55,26,2009,250,250,250
1,6,56,26,2010,239,239,239
1,6,57,26,2011,239,239,239
1,6,58,26,2012,249,249,249
1,6,59,26,2013,217,217,217
1,6,60,26,2014,187,187,187
1,6,61,26,2015,235,235,235
1,6,62,26,2016,248,248,248
1,6,63,26,2017,240,240,240
1,6,64,26,2018,222,222,222
1,6,65,26,2019,250,250,250
1,6,66,26,2020,240,240,240
1,6,67,26,2021,230,230,230
1,6,68,26,2022,204,204,204
1,7,0,27,1954,252,252,252
1,7,1,27,1955,203,203,203
1,7,2,27,1956,245,245,245
1,7,3,27,1957,254,254,254
1,7,4,27,1958,233,233,233
1,7,5,27,1959,242,242,242
1,7,6,27,1960,253,253,253
1,7,7,27,1961,236,236,236
1,7,8,27,1962,252,252,252
1,7,9,27,1963,252,252,252
1,7,10,27,1964,244,244,244
1,7,11,27,1965,255,255,255
1,7,12,27,1966,253,253,253
1,7,13,27,1967,255,255,255
1,7,14,27,1968,248,248,248
1,7,15,27,1969,255,255,255
1,7,16,27,1970,255,255,255
1,7,17,27,1971,255,255,255
1,7,18,27,1972,250,250,250
1,7,19,27,1973,255,255,255
1,7,20,27,1974,255,255,255
1,7,21,27,1975,231,231,231
1,7,22,27,1976,232,232,232
1,7,23,27,1977,254,254,254
1,7,24,27,1978,255,255,255
1,7,25,27,1979,255,255,255
1,7,26,27,1980,255,255,255
1,7,27,27,1981,254,254,254
1,7,28,27,1982,255,255,255
1,7,29,27,1983,255,255,255
1,7,30,27,1984,255,255,255
1,7,31,27,1985,255,255,255
1,7,32,27,1986,253,253,253
1,7,33,27,1987,255,255,255
1,7,34,27,1988,255,255,255
1,7,35,27,1989,255,255,255
1,7,36,27,1990,255,255,255
1,7,37,27,1991,255,255,255
1,7,38,27,1992,255,255,255
1,7,39,27,1993,255,255,255
1,7,40,27,1994,255,255,255
1,7,41,27,1995,253,253,253
1,7,42,27,1996,254,254,254
1,7,43,27,1997,164,164,164
1,7,44,27,1998,208,208,208
1,7,45,27,1999,217,217,217
1,7,46,27,2000,248,248,248
1,7,47,27,2001,255,255,255
1,7,48,27,2002,255,255,255
1,7,49,27,2003,255,255,255
1,7,50,27,2004,242,242,242
1,7,51,27,2005,244,244,244
1,7,52,27,2006,242,242,242
1,7,53,27,2007,237,237,237
1,7,54,27,2008,251,251,251
1,7,55,27,2009,253,253,253
1,7,56,27,2010,243,243,243
1,7,57,27,2011,239,239,239
1,7,58,27,2012,246,246,246
1,7,59,27,2013,217,217,217
1,7,60,27,2014,203,203,203
1,7,61,27,2015,226,226,226
1,7,62,27,2016,245,245,245
1,7,63,27,2017,235,235,235
1,7,64,27,2018,221,221,221
1,7,65,27,2019,248,248,248
1,7,66,27,2020,225,225,225
1,7,67,27,2021,221,221,221
1,7,68,27,2022,202,202,202
1,8,0,28,1954,252,252,252
1,8,1,28,1955,201,201,201
1,8,2,28,1956,248,248,248
1,8,3,28,1957,254,254,254
1,8,4,28,1958,231,231,231
1,8,5,28,1959,238,238,238
1,8,6,28,1960,253,253,253
1,8,7,28,1961,211,211,211
1,8,8,28,1962,253,253,253
1,8,9,28,1963,249,249,249
1,8,10,28,1964,236,236,236
1,8,11,28,1965,244,244,244
1,8,12,28,1966,253,253,253
1,8,13,28,1967,255,255,255
1,8,14,28,1968,255,255,255
1,8,15,28,1969,255,255,255
1,8,16,28,1970,255,255,255
1,8,17,28,1971,255,255,255
1,8,18,28,1972,255,255,255
1,8,19,28,1973,255,255,255
1,8,20,28,1974,255,255,255
1,8,21,28,1975,233,233,233
1,8,22,28,1976,230,230,230
1,8,23,28,1977,253,253,253
1,8,24,28,1978,255,255,255
1,8,25,28,1979,255,255,255
1,8,26,28,1980,249,249,249
1,8,27,28,1981,255,255,255
1,8,28,28,1982,255,255,255
1,8,29,28,1983,255,255,255
1,8,30,28,1984,255,255,255
1,8,31,28,1985,255,255,255
1,8,32,28,1986,255,255,255
1,8,33,28,1987,255,255,255
1,8,34,28,1988,252,252,252
1,8,35,28,1989,255,255,255
1,8,36,28,1990,255,255,255
1,8,37,28,1991,255,255,255
1,8,38,28,1992,255,255,255
1,8,39,28,1993,255,255,255
1,8,40,28,1994,255,255,255
1,8,41,28,1995,255,255,255
1,8,42,28,1996,255,255,255
1,8,43,28,1997,221,221,221
1,8,44,28,1998,205,205,205
1,8,45,28,1999,214,214,214
1,8,46,28,2000,247,247,247
1,8,47,28,2001,255,255,255
1,8,48,28,2002,255,255,255
1,8,49,28,2003,254,254,254
1,8,50,28,2004,244,244,244
1,8,51,28,2005,249,249,249
1,8,52,28,2006,245,245,245
1,8,53,28,2007,239,239,239
1,8,54,28,2008,250,250,250
1,8,55,28,2009,248,248,248
1,8,56,28,2010,241,241,241
1,8,57,28,2011,252,252,252
1,8,58,28,2012,248,248,248
1,8,59,28,2013,226,226,226
1,8,60,28,2014,208,208,208
1,8,61,28,2015,225,225,225
1,8,62,28,2016,245,245,245
1,8,63,28,2017,228,228,228
1,8,64,28,2018,214,214,214
1,8,65,28,2019,249,249,249
1,8,66,28,2020,217,217,217
1,8,67,28,2021,220,220,220
1,8,68,28,2022,208,208,208
1,9,0,29,1954,224,224,224
1,9,1,29,1955,200,200,200
1,9,2,29,1956,248,248,248
1,9,3,29,1957,255,255,255
1,9,4,29,1958,232,232,232
1,9,5,29,1959,231,231,231
1,9,6,29,1960,255,255,255
1,9,7,29,1961,220,220,220
1,9,8,29,1962,252,252,252
1,9,9,29,1963,246,246,246
1,9,10,29,1964,249,249,249
1,9,11,29,1965,254,254,254
1,9,12,29,1966,254,254,254
1,9,13,29,1967,254,254,254
1,9,14,29,1968,255,255,255
1,9,15,29,1969,255,255,255
1,9,16,29,1970,255,255,255
1,9,17,29,1971,255,255,255
1,9,18,29,1972,255,255,255
1,9,19,29,1973,255,255,255
1,9,20,29,1974,255,255,255
1,9,21,29,1975,237,237,237
1,9,22,29,1976,234,234,234
1,9,23,29,1977,252,252,252
1,9,24,29,1978,255,255,255
1,9,25,29,1979,255,255,255
1,9,26,29,1980,252,252,252
1,9,27,29,1981,254,254,254
1,9,28,29,1982,255,255,255
1,9,29,29,1983,255,255,255
1,9,30,29,1984,255,255,255
1,9,31,29,1985,255,255,255
1,9,32,29,1986,255,255,255
1,9,33,29,1987,255,255,255
1,9,34,29,1988,255,255,255
1,9,35,29,1989,250,250,250
1,9,36,29,1990,255,255,255
1,9,37,29,1991,255,255,255
1,9,38,29,1992,255,255,255
1,9,39,29,1993,255,255,255
1,9,40,29,1994,255,255,255
1,9,41,29,1995,255,255,255
1,9,42,29,1996,249,249,249
1,9,43,29,1997,162,162,162
1,9,44,29,1998,204,204,204
1,9,45,29,1999,212,212,212
1,9,46,29,2000,245,245,245
1,9,47,29,2001,255,255,255
1,9,48,29,2002,255,255,255
1,9,49,29,2003,251,251,251
1,9,50,29,2004,238,238,238
1,9,51,29,2005,237,237,237
1,9,52,29,2006,247,247,247
1,9,53,29,2007,246,246,246
1,9,54,29,2008,250,250,250
1,9,55,29,2009,251,251,251
1,9,56,29,2010,238,238,238
1,9,57,29,2011,239,239,239
1,9,58,29,2012,246,246,246
1,9,59,29,2013,219,219,219
1,9,60,29,2014,196,196,196
1,9,61,29,2015,227,227,227
1,9,62,29,2016,245,245,245
1,9,63,29,2017,229,229,229
1,9,64,29,2018,200,200,200
1,9,65,29,2019,248,248,248
1,9,66,29,2020,220,220,220
1,9,67,29,2021,212,212,212
1,9,68,29,2022,174,174,174
1,10,0,30,1954,253,253,253
1,10,1,30,1955,249,249,249
1,10,2,30,1956,249,249,249
1,10,3,30,1957,254,254,254
1,10,4,30,1958,227,227,227
1,10,5,30,1959,233,233,233
1,10,6,30,1960,253,253,253
1,10,7,30,1961,216,216,216
1,10,8,30,1962,252,252,252
1,10,9,30,1963,246,246,246
1,10,10,30,1964,235,235,235
1,10,11,30,1965,255,255,255
1,10,12,30,1966,255,255,255
1,10,13,30,1967,251,251,251
1,10,14,30,1968,255,255,255
1,10,15,30,1969,255,255,255
1,10,16,30,1970,255,255,255
1,10,17,30,1971,255,255,255
1,10,18,30,1972,255,255,255
1,10,19,30,1973,255,255,255
1,10,20,30,1974,255,255,255
1,10,21,30,1975,237,237,237
1,10,22,30,1976,235,235,235
1,10,23,30,1977,254,254,254
1,10,24,30,1978,255,255,255
1,10,25,30,1979,255,255,255
1,10,26,30,1980,255,255,255
1,10,27,30,1981,255,255,255
1,10,28,30,1982,255,255,255
1,10,29,30,1983,255,255,255
1,10,30,30,1984,255,255,255
1,10,31,30,1985,255,255,255
1,10,32,30,1986,238,238,238
1,10,33,30,1987,253,253,253
1,10,34,30,1988,255,255,255
1,10,35,30,1989,254,254,254
1,10,36,30,1990,255,255,255
1,10,37,30,1991,255,255,255
1,10,38,30,1992,255,255,255
1,10,39,30,1993,255,255,255
1,10,40,30,1994,255,255,255
1,10,41,30,1995,254,254,254
1,10,42,30,1996,253,253,253
1,10,43,30,1997,114,114,114
1,10,44,30,1998,196,196,196
1,10,45,30,1999,213,213,213
1,10,46,30,2000,245,245,245
1,10,47,30,2001,255,255,255
1,10,48,30,2002,255,255,255
1,10,49,30,2003,252,252,252
1,10,50,30,2004,228,228,228
1,10,51,30,2005,226,226,226
1,10,52,30,2006,241,241,241
1,10,53,30,2007,235,235,235
1,10,54,30,2008,253,253,253
1,10,55,30,2009,248,248,248
1,10,56,30,2010,234,234,234
1,10,57,30,2011,237,237,237
1,10,58,30,2012,249,249,249
1,10,59,30,2013,220,220,220
1,10,60,30,2014,192,192,192
1,10,61,30,2015,222,222,222
1,10,62,30,2016,249,249,249
1,10,63,30,2017,235,235,235
1,10,64,30,2018,219,219,219
1,10,65,30,2019,248,248,248
1,10,66,30,2020,215,215,215
1,10,67,30,2021,213,213,213
1,10,68,30,2022,173,173,173
1,11,0,31,1954,255,255,255
1,11,1,31,1955,203,203,203
1,11,2,31,1956,252,252,252
1,11,3,31,1957,254,254,254
1,11,4,31,1958,220,220,220
1,11,5,31,1959,230,230,230
1,11,6,31,1960,255,255,255
1,11,7,31,1961,200,200,200
1,11,8,31,1962,251,251,251
1,11,9,31,1963,245,245,245
1,11,10,31,1964,222,222,222
1,11,11,31,1965,239,239,239
1,11,12,31,1966,253,253,253
1,11,13,31,1967,255,255,255
1,11,14,31,1968,255,255,255
1,11,15,31,1969,255,255,255
1,11,16,31,1970,255,255,255
1,11,17,31,1971,255,255,255
1,11,18,31,1972,255,255,255
1,11,19,31,1973,255,255,255
1,11,20,31,1974,255,255,255
1,11,21,31,1975,239,239,239
1,11,22,31,1976,238,238,238
1,11,23,31,1977,254,254,254
1,11,24,31,1978,255,255,255
1,11,25,31,1979,255,255,255
1,11,26,31,1980,255,255,255
1,11,27,31,1981,255,255,255
1,11,28,31,1982,255,255,255
1,11,29,31,1983,255,255,255
1,11,30,31,1984,255,255,255
1,11,31,31,1985,254,254,254
1,11,32,31,1986,253,253,253
1,11,33,31,1987,253,253,253
1,11,34,31,1988,254,254,254
1,11,35,31,1989,255,255,255
1,11,36,31,1990,255,255,255
1,11,37,31,1991,255,255,255
1,11,38,31,1992,255,255,255
1,11,39,31,1993,255,255,255
1,11,40,31,1994,255,255,255
1,11,41,31,1995,241,241,241
1,11,42,31,1996,233,233,233
1,11,43,31,1997,148,148,148
1,11,44,31,1998,195,195,195
1,11,45,31,1999,197,197,197
1,11,46,31,2000,243,243,243
1,11,47,31,2001,255,255,255
1,11,48,31,2002,255,255,255
1,11,49,31,2003,250,250,250
1,11,50,31,2004,228,228,228
1,11,51,31,2005,231,231,231
1,11,52,31,2006,236,236,236
1,11,53,31,2007,227,227,227
1,11,54,31,2008,250,250,250
1,11,55,31,2009,248,248,248
1,11,56,31,2010,235,235,235
1,11,57,31,2011,239,239,239
1,11,58,31,2012,249,249,249
1,11,59,31,2013,242,242,242
1,11,60,31,2014,249,249,249
1,11,61,31,2015,249,249,249
1,11,62,31,2016,249,249,249
1,11,63,31,2017,235,235,235
1,11,64,31,2018,212,212,212
1,11,65,31,2019,247,247,247
1,11,66,31,2020,192,192,192
1,11,67,31,2021,212,212,212
1,11,68,31,2022,187,187,187
1,12,0,32,1954,255,255,255
1,12,1,32,1955,199,199,199
1,12,2,32,1956,245,245,245
1,12,3,32,1957,248,248,248
1,12,4,32,1958,227,227,227
1,12,5,32,1959,229,229,229
1,12,6,32,1960,255,255,255
1,12,7,32,1961,190,190,190
1,12,8,32,1962,252,252,252
1,12,9,32,1963,244,244,244
1,12,10,32,1964,221,221,221
1,12,11,32,1965,228,228,228
1,12,12,32,1966,252,252,252
1,12,13,32,1967,254,254,254
1,12,14,32,1968,255,255,255
1,12,15,32,1969,255,255,255
1,12,16,32,1970,255,255,255
1,12,17,32,1971,255,255,255
1,12,18,32,1972,255,255,255
1,12,19,32,1973,255,255,255
1,12,20,32,1974,255,255,255
1,12,21,32,1975,243,243,243
1,12,22,32,1976,235,235,235
1,12,23,32,1977,254,254,254
1,12,24,32,1978,255,255,255
1,12,25,32,1979,255,255,255
1,12,26,32,1980,252,252,252
1,12,27,32,1981,255,255,255
1,12,28,32,1982,255,255,255
1,12,29,32,1983,255,255,255
1,12,30,32,1984,255,255,255
1,12,31,32,1985,249,249,249
1,12,32,32,1986,253,253,253
1,12,33,32,1987,253,253,253
1,12,34,32,1988,247,247,247
1,12,35,32,1989,253,253,253
1,12,36,32,1990,255,255,255
1,12,37,32,1991,255,255,255
1,12,38,32,1992,255,255,255
1,12,39,32,1993,255,255,255
1,12,40,32,1994,255,255,255
1,12,41,32,1995,238,238,238
1,12,42,32,1996,196,196,196
1,12,43,32,1997,95,95,95
1,12,44,32,1998,192,192,192
1,12,45,32,1999,191,191,191
1,12,46,32,2000,242,242,242
1,12,47,32,2001,255,255,255
1,12,48,32,2002,255,255,255
1,12,49,32,2003,249,249,249
1,12,50,32,2004,229,229,229
1,12,51,32,2005,230,230,230
1,12,52,32,2006,237,237,237
1,12,53,32,2007,230,230,230
1,12,54,32,2008,248,248,248
1,12,55,32,2009,250,250,250
1,12,56,32,2010,241,241,241
1,12,57,32,2011,239,239,239
1,12,58,32,2012,246,246,246
1,12,59,32,2013,227,227,227
1,12,60,32,2014,220,220,220
1,12,61,32,2015,237,237,237
1,12,62,32,2016,250,250,250
1,12,63,32,2017,235,235,235
1,12,64,32,2018,235,235,235
1,12,65,32,2019,246,246,246
1,12,66,32,2020,207,207,207
1,12,67,32,2021,187,187,187
1,12,68,32,2022,166,166,166
1,13,0,33,1954,252,252,252
1,13,1,33,1955,193,193,193
1,13,2,33,1956,244,244,244
1,13,3,33,1957,253,253,253
1,13,4,33,1958,250,250,250
1,13,5,33,1959,229,229,229
1,13,6,33,1960,255,255,255
1,13,7,33,1961,191,191,191
1,13,8,33,1962,251,251,251
1,13,9,33,1963,240,240,240
1,13,10,33,1964,219,219,219
1,13,11,33,1965,235,235,235
1,13,12,33,1966,253,253,253
1,13,13,33,1967,251,251,251
1,13,14,33,1968,253,253,253
1,13,15,33,1969,255,255,255
1,13,16,33,1970,255,255,255
1,13,17,33,1971,255,255,255
1,13,18,33,1972,255,255,255
1,13,19,33,1973,255,255,255
1,13,20,33,1974,255,255,255
1,13,21,33,1975,254,254,254
1,13,22,33,1976,246,246,246
1,13,23,33,1977,253,253,253
1,13,24,33,1978,255,255,255
1,13,25,33,1979,255,255,255
1,13,26,33,1980,254,254,254
1,13,27,33,1981,255,255,255
1,13,28,33,1982,255,255,255
1,13,29,33,1983,255,255,255
1,13,30,33,1984,255,255,255
1,13,31,33,1985,237,237,237
1,13,32,33,1986,209,209,209
1,13,33,33,1987,251,251,251
1,13,34,33,1988,255,255,255
1,13,35,33,1989,254,254,254
1,13,36,33,1990,255,255,255
1,13,37,33,1991,255,255,255
1,13,38,33,1992,255,255,255
1,13,39,33,1993,255,255,255
1,13,40,33,1994,255,255,255
1,13,41,33,1995,236,236,236
1,13,42,33,1996,211,211,211
1,13,43,33,1997,99,99,99
1,13,44,33,1998,185,185,185
1,13,45,33,1999,205,205,205
1,13,46,33,2000,245,245,245
1,13,47,33,2001,255,255,255
1,13,48,33,2002,255,255,255
1,13,49,33,2003,251,251,251
1,13,50,33,2004,224,224,224
1,13,51,33,2005,226,226,226
1,13,52,33,2006,232,232,232
1,13,53,33,2007,220,220,220
1,13,54,33,2008,249,249,249
1,13,55,33,2009,253,253,253
1,13,56,33,2010,252,252,252
1,13,57,33,2011,250,250,250
1,13,58,33,2012,247,247,247
1,13,59,33,2013,225,225,225
1,13,60,33,2014,207,207,207
1,13,61,33,2015,249,249,249
1,13,62,33,2016,242,242,242
1,13,63,33,2017,250,250,250
1,13,64,33,2018,250,250,250
1,13,65,33,2019,250,250,250
1,13,66,33,2020,230,230,230
1,13,67,33,2021,239,239,239
1,13,68,33,2022,173,173,173
1,14,0,34,1954,244,244,244
1,14,1,34,1955,193,193,193
1,14,2,34,1956,242,242,242
1,14,3,34,1957,253,253,253
1,14,4,34,1958,224,224,224
1,14,5,34,1959,237,237,237
1,14,6,34,1960,255,255,255
1,14,7,34,1961,201,201,201
1,14,8,34,1962,251,251,251
1,14,9,34,1963,243,243,243
1,14,10,34,1964,228,228,228
1,14,11,34,1965,232,232,232
1,14,12,34,1966,252,252,252
1,14,13,34,1967,249,249,249
1,14,14,34,1968,253,253,253
1,14,15,34,1969,255,255,255
1,14,16,34,1970,255,255,255
1,14,17,34,1971,255,255,255
1,14,18,34,1972,255,255,255
1,14,19,34,1973,255,255,255
1,14,20,34,1974,255,255,255
1,14,21,34,1975,251,251,251
1,14,22,34,1976,253,253,253
1,14,23,34,1977,254,254,254
1,14,24,34,1978,255,255,255
1,14,25,34,1979,255,255,255
1,14,26,34,1980,254,254,254
1,14,27,34,1981,255,255,255
1,14,28,34,1982,255,255,255
1,14,29,34,1983,255,255,255
1,14,30,34,1984,255,255,255
1,14,31,34,1985,251,251,251
1,14,32,34,1986,227,227,227
1,14,33,34,1987,251,251,251
1,14,34,34,1988,255,255,255
1,14,35,34,1989,255,255,255
1,14,36,34,1990,255,255,255
1,14,37,34,1991,255,255,255
1,14,38,34,1992,255,255,255
1,14,39,34,1993,255,255,255
1,14,40,34,1994,255,255,255
1,14,41,34,1995,233,233,233
1,14,42,34,1996,200,200,200
1,14,43,34,1997,100,100,100
1,14,44,34,1998,175,175,175
1,14,45,34,1999,200,200,200
1,14,46,34,2000,246,246,246
1,14,47,34,2001,255,255,255
1,14,48,34,2002,255,255,255
1,14,49,34,2003,251,251,251
1,14,50,34,2004,216,216,216
1,14,51,34,2005,214,214,214
1,14,52,34,2006,231,231,231
1,14,53,34,2007,220,220,220
1,14,54,34,2008,243,243,243
1,14,55,34,2009,255,255,255
1,14,56,34,2010,250,250,250
1,14,57,34,2011,248,248,248
1,14,58,34,2012,245,245,245
1,14,59,34,2013,218,218,218
1,14,60,34,2014,203,203,203
1,14,61,34,2015,225,225,225
1,14,62,34,2016,251,251,251
1,14,63,34,2017,235,235,235
1,14,64,34,2018,249,249,249
1,14,65,34,2019,255,255,255
1,14,66,34,2020,254,254,254
1,14,67,34,2021,252,252,252
1,14,68,34,2022,243,243,243
1,15,0,35,1954,229,229,229
1,15,1,35,1955,199,199,199
1,15,2,35,1956,243,243,243
1,15,3,35,1957,254,254,254
1,15,4,35,1958,217,217,217
1,15,5,35,1959,228,228,228
1,15,6,35,1960,255,255,255
1,15,7,35,1961,180,180,180
1,15,8,35,1962,253,253,253
1,15,9,35,1963,240,240,240
1,15,10,35,1964,212,212,212
1,15,11,35,1965,231,231,231
1,15,12,35,1966,252,252,252
1,15,13,35,1967,247,247,247
1,15,14,35,1968,254,254,254
1,15,15,35,1969,255,255,255
1,15,16,35,1970,255,255,255
1,15,17,35,1971,255,255,255
1,15,18,35,1972,255,255,255
1,15,19,35,1973,255,255,255
1,15,20,35,1974,255,255,255
1,15,21,35,1975,254,254,254
1,15,22,35,1976,240,240,240
1,15,23,35,1977,254,254,254
1,15,24,35,1978,255,255,255
1,15,25,35,1979,255,255,255
1,15,26,35,1980,255,255,255
1,15,27,35,1981,255,255,255
1,15,28,35,1982,255,255,255
1,15,29,35,1983,255,255,255
1,15,30,35,1984,255,255,255
1,15,31,35,1985,247,247,247
1,15,32,35,1986,205,205,205
1,15,33,35,1987,252,252,252
1,15,34,35,1988,255,255,255
1,15,35,35,1989,254,254,254
1,15,36,35,1990,255,255,255
1,15,37,35,1991,255,255,255
1,15,38,35,1992,255,255,255
1,15,39,35,1993,255,255,255
1,15,40,35,1994,255,255,255
1,15,41,35,1995,249,249,249
1,15,42,35,1996,185,185,185
1,15,43,35,1997,68,68,68
1,15,44,35,1998,184,184,184
1,15,45,35,1999,202,202,202
1,15,46,35,2000,243,243,243
1,15,47,35,2001,255,255,255
1,15,48,35,2002,255,255,255
1,15,49,35,2003,251,251,251
1,15,50,35,2004,222,222,222
1,15,51,35,2005,226,226,226
1,15,52,35,2006,235,235,235
1,15,53,35,2007,226,226,226
1,15,54,35,2008,245,245,245
1,15,55,35,2009,255,255,255
1,15,56,35,2010,255,255,255
1,15,57,35,2011,253,253,253
1,15,58,35,2012,250,250,250
1,15,59,35,2013,226,226,226
1,15,60,35,2014,209,209,209
1,15,61,35,2015,227,227,227
1,15,62,35,2016,253,253,253
1,15,63,35,2017,238,238,238
1,15,64,35,2018,202,202,202
1,15,65,35,2019,250,250,250
1,15,66,35,2020,254,254,254
1,15,67,35,2021,246,246,246
1,15,68,35,2022,220,220,220
1,16,0,36,1954,226,226,226
1,16,1,36,1955,255,255,255
1,16,2,36,1956,246,246,246
1,16,3,36,1957,255,255,255
1,16,4,36,1958,219,219,219
1,16,5,36,1959,224,224,224
1,16,6,36,1960,252,252,252
1,16,7,36,1961,201,201,201
1,16,8,36,1962,252,252,252
1,16,9,36,1963,239,239,239
1,16,10,36,1964,210,210,210
1,16,11,36,1965,229,229,229
1,16,12,36,1966,252,252,252
1,16,13,36,1967,246,246,246
1,16,14,36,1968,254,254,254
1,16,15,36,1969,255,255,255
1,16,16,36,1970,255,255,255
1,16,17,36,1971,255,255,255
1,16,18,36,1972,255,255,255
1,16,19,36,1973,255,255,255
1,16,20,36,1974,255,255,255
1,16,21,36,1975,255,255,255
1,16,22,36,1976,255,255,255
1,16,23,36,1977,255,255,255
1,16,24,36,1978,255,255,255
1,16,25,36,1979,254,254,254
1,16,26,36,1980,255,255,255
1,16,27,36,1981,255,255,255
1,16,28,36,1982,255,255,255
1,16,29,36,1983,255,255,255
1,16,30,36,1984,255,255,255
1,16,31,36,1985,248,248,248
1,16,32,36,1986,202,202,202
1,16,33,36,1987,252,252,252
1,16,34,36,1988,245,245,245
1,16,35,36,1989,231,231,231
1,16,36,36,1990,255,255,255
1,16,37,36,1991,255,255,255
1,16,38,36,1992,255,255,255
1,16,39,36,1993,255,255,255
1,16,40,36,1994,255,255,255
1,16,41,36,1995,249,249,249
1,16,42,36,1996,202,202,202
1,16,43,36,1997,77,77,77
1,16,44,36,1998,178,178,178
1,16,45,36,1999,200,200,200
1,16,46,36,2000,244,244,244
1,16,47,36,2001,255,255,255
1,16,48,36,2002,255,255,255
1,16,49,36,2003,248,248,248
1,16,50,36,2004,210,210,210
1,16,51,36,2005,213,213,213
1,16,52,36,2006,226,226,226
1,16,53,36,2007,211,211,211
1,16,54,36,2008,247,247,247
1,16,55,36,2009,255,255,255
1,16,56,36,2010,255,255,255
1,16,57,36,2011,253,253,253
1,16,58,36,2012,245,245,245
1,16,59,36,2013,234,234,234
1,16,60,36,2014,251,251,251
1,16,61,36,2015,241,241,241
1,16,62,36,2016,248,248,248
1,16,63,36,2017,228,228,228
1,16,64,36,2018,234,234,234
1,16,65,36,2019,247,247,247
1,16,66,36,2020,208,208,208
1,16,67,36,2021,202,202,202
1,16,68,36,2022,153,153,153
1,17,0,37,1954,247,247,247
1,17,1,37,1955,254,254,254
1,17,2,37,1956,255,255,255
1,17,3,37,1957,255,255,255
1,17,4,37,1958,209,209,209
1,17,5,37,1959,222,222,222
1,17,6,37,1960,255,255,255
1,17,7,37,1961,185,185,185
1,17,8,37,1962,254,254,254
1,17,9,37,1963,242,242,242
1,17,10,37,1964,219,219,219
1,17,11,37,1965,226,226,226
1,17,12,37,1966,253,253,253
1,17,13,37,1967,253,253,253
1,17,14,37,1968,255,255,255
1,17,15,37,1969,255,255,255
1,17,16,37,1970,255,255,255
1,17,17,37,1971,255,255,255
1,17,18,37,1972,255,255,255
1,17,19,37,1973,255,255,255
1,17,20,37,1974,255,255,255
1,17,21,37,1975,255,255,255
1,17,22,37,1976,255,255,255
1,17,23,37,1977,255,255,255
1,17,24,37,1978,255,255,255
1,17,25,37,1979,255,255,255
1,17,26,37,1980,245,245,245
1,17,27,37,1981,254,254,254
1,17,28,37,1982,255,255,255
1,17,29,37,1983,255,255,255
1,17,30,37,1984,255,255,255
1,17,31,37,1985,243,243,243
1,17,32,37,1986,199,199,199
1,17,33,37,1987,253,253,253
1,17,34,37,1988,254,254,254
1,17,35,37,1989,202,202,202
1,17,36,37,1990,255,255,255
1,17,37,37,1991,255,255,255
1,17,38,37,1992,255,255,255
1,17,39,37,1993,255,255,255
1,17,40,37,1994,255,255,255
1,17,41,37,1995,246,246,246
1,17,42,37,1996,187,187,187
1,17,43,37,1997,60,60,60
1,17,44,37,1998,178,178,178
1,17,45,37,1999,196,196,196
1,17,46,37,2000,243,243,243
1,17,47,37,2001,255,255,255
1,17,48,37,2002,255,255,255
1,17,49,37,2003,248,248,248
1,17,50,37,2004,217,217,217
1,17,51,37,2005,220,220,220
1,17,52,37,2006,233,233,233
1,17,53,37,2007,221,221,221
1,17,54,37,2008,244,244,244
1,17,55,37,2009,255,255,255
1,17,56,37,2010,255,255,255
1,17,57,37,2011,255,255,255
1,17,58,37,2012,244,244,244
1,17,59,37,2013,240,240,240
1,17,60,37,2014,250,250,250
1,17,61,37,2015,234,234,234
1,17,62,37,2016,250,250,250
1,17,63,37,2017,233,233,233
1,17,64,37,2018,238,238,238
1,17,65,37,2019,243,243,243
1,17,66,37,2020,189,189,189
1,17,67,37,2021,189,189,189
1,17,68,37,2022,149,149,149
1,18,0,38,1954,200,200,200
1,18,1,38,1955,218,218,218
1,18,2,38,1956,253,253,253
1,18,3,38,1957,255,255,255
1,18,4,38,1958,222,222,222
1,18,5,38,1959,216,216,216
1,18,6,38,1960,255,255,255
1,18,7,38,1961,194,194,194
1,18,8,38,1962,252,252,252
1,18,9,38,1963,240,240,240
1,18,10,38,1964,211,211,211
1,18,11,38,1965,227,227,227
1,18,12,38,1966,254,254,254
1,18,13,38,1967,249,249,249
1,18,14,38,1968,253,253,253
1,18,15,38,1969,255,255,255
1,18,16,38,1970,255,255,255
1,18,17,38,1971,255,255,255
1,18,18,38,1972,255,255,255
1,18,19,38,1973,255,255,255
1,18,20,38,1974,255,255,255
1,18,21,38,1975,255,255,255
1,18,22,38,1976,255,255,255
1,18,23,38,1977,255,255,255
1,18,24,38,1978,255,255,255
1,18,25,38,1979,255,255,255
1,18,26,38,1980,255,255,255
1,18,27,38,1981,255,255,255
1,18,28,38,1982,255,255,255
1,18,29,38,1983,255,255,255
1,18,30,38,1984,255,255,255
1,18,31,38,1985,248,248,248
1,18,32,38,1986,212,212,212
1,18,33,38,1987,253,253,253
1,18,34,38,1988,255,255,255
1,18,35,38,1989,226,226,226
1,18,36,38,1990,255,255,255
1,18,37,38,1991,255,255,255
1,18,38,38,1992,255,255,255
1,18,39,38,1993,255,255,255
1,18,40,38,1994,255,255,255
1,18,41,38,1995,245,245,245
1,18,42,38,1996,199,199,199
1,18,43,38,1997,77,77,77
1,18,44,38,1998,182,182,182
1,18,45,38,1999,197,197,197
1,18,46,38,2000,248,248,248
1,18,47,38,2001,255,255,255
1,18,48,38,2002,255,255,255
1,18,49,38,2003,245,245,245
1,18,50,38,2004,212,212,212
1,18,51,38,2005,215,215,215
1,18,52,38,2006,223,223,223
1,18,53,38,2007,216,216,216
1,18,54,38,2008,244,244,244
1,18,55,38,2009,255,255,255
1,18,56,38,2010,255,255,255
1,18,57,38,2011,255,255,255
1,18,58,38,2012,247,247,247
1,18,59,38,2013,227,227,227
1,18,60,38,2014,248,248,248
1,18,61,38,2015,233,233,233
1,18,62,38,2016,244,244,244
1,18,63,38,2017,240,240,240
1,18,64,38,2018,208,208,208
1,18,65,38,2019,247,247,247
1,18,66,38,2020,190,190,190
1,18,67,38,2021,190,190,190
1,18,68,38,2022,171,171,171
1,19,0,39,1954,222,222,222
1,19,1,39,1955,190,190,190
1,19,2,39,1956,248,248,248
1,19,3,39,1957,255,255,255
1,19,4,39,1958,238,238,238
1,19,5,39,1959,213,213,213
1,19,6,39,1960,255,255,255
1,19,7,39,1961,176,176,176
1,19,8,39,1962,253,253,253
1,19,9,39,1963,237,237,237
1,19,10,39,1964,208,208,208
1,19,11,39,1965,228,228,228
1,19,12,39,1966,252,252,252
1,19,13,39,1967,246,246,246
1,19,14,39,1968,255,255,255
1,19,15,39,1969,255,255,255
1,19,16,39,1970,255,255,255
1,19,17,39,1971,255,255,255
1,19,18,39,1972,255,255,255
1,19,19,39,1973,255,255,255
1,19,20,39,1974,255,255,255
1,19,21,39,1975,255,255,255
1,19,22,39,1976,255,255,255
1,19,23,39,1977,255,255,255
1,19,24,39,1978,255,255,255
1,19,25,39,1979,255,255,255
1,19,26,39,1980,255,255,255
1,19,27,39,1981,255,255,255
1,19,28,39,1982,255,255,255
1,19,29,39,1983,255,255,255
1,19,30,39,1984,255,255,255
1,19,31,39,1985,246,246,246
1,19,32,39,1986,224,224,224
1,19,33,39,1987,253,253,253
1,19,34,39,1988,255,255,255
1,19,35,39,1989,248,248,248
1,19,36,39,1990,255,255,255
1,19,37,39,1991,251,251,251
1,19,38,39,1992,255,255,255
1,19,39,39,1993,253,253,253
1,19,40,39,1994,255,255,255
1,19,41,39,1995,249,249,249
1,19,42,39,1996,185,185,185
1,19,43,39,1997,54,54,54
1,19,44,39,1998,174,174,174
1,19,45,39,1999,200,200,200
1,19,46,39,2000,244,244,244
1,19,47,39,2001,255,255,255
1,19,48,39,2002,255,255,255
1,19,49,39,2003,245,245,245
1,19,50,39,2004,209,209,209
1,19,51,39,2005,211,211,211
1,19,52,39,2006,226,226,226
1,19,53,39,2007,209,209,209
1,19,54,39,2008,243,243,243
1,19,55,39,2009,255,255,255
1,19,56,39,2010,255,255,255
1,19,57,39,2011,255,255,255
1,19,58,39,2012,249,249,249
1,19,59,39,2013,235,235,235
1,19,60,39,2014,247,247,247
1,19,61,39,2015,229,229,229
1,19,62,39,2016,240,240,240
1,19,63,39,2017,228,228,228
1,19,64,39,2018,253,253,253
1,19,65,39,2019,255,255,255
1,19,66,39,2020,254,254,254
1,19,67,39,2021,189,189,189
1,19,68,39,2022,156,156,156
1,20,0,40,1954,247,247,247
1,20,1,40,1955,255,255,255
1,20,2,40,1956,255,255,255
1,20,3,40,1957,255,255,255
1,20,4,40,1958,242,242,242
1,20,5,40,1959,216,216,216
1,20,6,40,1960,255,255,255
1,20,7,40,1961,169,169,169
1,20,8,40,1962,252,252,252
1,20,9,40,1963,235,235,235
1,20,10,40,1964,210,210,210
1,20,11,40,1965,229,229,229
1,20,12,40,1966,253,253,253
1,20,13,40,1967,242,242,242
1,20,14,40,1968,254,254,254
1,20,15,40,1969,255,255,255
1,20,16,40,1970,255,255,255
1,20,17,40,1971,255,255,255
1,20,18,40,1972,255,255,255
1,20,19,40,1973,255,255,255
1,20,20,40,1974,255,255,255
1,20,21,40,1975,255,255,255
1,20,22,40,1976,255,255,255
1,20,23,40,1977,255,255,255
1,20,24,40,1978,255,255,255
1,20,25,40,1979,255,255,255
1,20,26,40,1980,255,255,255
1,20,27,40,1981,255,255,255
1,20,28,40,1982,255,255,255
1,20,29,40,1983,255,255,255
1,20,30,40,1984,255,255,255
1,20,31,40,1985,244,244,244
1,20,32,40,1986,233,233,233
1,20,33,40,1987,253,253,253
1,20,34,40,1988,254,254,254
1,20,35,40,1989,249,249,249
1,20,36,40,1990,255,255,255
1,20,37,40,1991,255,255,255
1,20,38,40,1992,250,250,250
1,20,39,40,1993,254,254,254
1,20,40,40,1994,252,252,252
1,20,41,40,1995,242,242,242
1,20,42,40,1996,188,188,188
1,20,43,40,1997,49,49,49
1,20,44,40,1998,169,169,169
1,20,45,40,1999,197,197,197
1,20,46,40,2000,247,247,247
1,20,47,40,2001,255,255,255
1,20,48,40,2002,255,255,255
1,20,49,40,2003,245,245,245
1,20,50,40,2004,199,199,199
1,20,51,40,2005,203,203,203
1,20,52,40,2006,220,220,220
1,20,53,40,2007,205,205,205
1,20,54,40,2008,244,244,244
1,20,55,40,2009,255,255,255
1,20,56,40,2010,255,255,255
1,20,57,40,2011,255,255,255
1,20,58,40,2012,244,244,244
1,20,59,40,2013,235,235,235
1,20,60,40,2014,249,249,249
1,20,61,40,2015,228,228,228
1,20,62,40,2016,242,242,242
1,20,63,40,2017,233,233,233
1,20,64,40,2018,210,210,210
1,20,65,40,2019,253,253,253
1,20,66,40,2020,248,248,248
1,20,67,40,2021,231,231,231
1,20,68,40,2022,157,157,157
1,21,0,41,1954,255,255,255
1,21,1,41,1955,187,187,187
1,21,2,41,1956,253,253,253
1,21,3,41,1957,255,255,255
1,21,4,41,1958,218,218,218
1,21,5,41,1959,224,224,224
1,21,6,41,1960,255,255,255
1,21,7,41,1961,172,172,172
1,21,8,41,1962,252,252,252
1,21,9,41,1963,239,239,239
1,21,10,41,1964,212,212,212
1,21,11,41,1965,226,226,226
1,21,12,41,1966,252,252,252
1,21,13,41,1967,244,244,244
1,21,14,41,1968,255,255,255
1,21,15,41,1969,255,255,255
1,21,16,41,1970,255,255,255
1,21,17,41,1971,255,255,255
1,21,18,41,1972,255,255,255
1,21,19,41,1973,255,255,255
1,21,20,41,1974,255,255,255
1,21,21,41,1975,255,255,255
1,21,22,41,1976,255,255,255
1,21,23,41,1977,255,255,255
1,21,24,41,1978,255,255,255
1,21,25,41,1979,255,255,255
1,21,26,41,1980,255,255,255
1,21,27,41,1981,255,255,255
1,21,28,41,1982,255,255,255
1,21,29,41,1983,255,255,255
1,21,30,41,1984,255,255,255
1,21,31,41,1985,247,247,247
1,21,32,41,1986,212,212,212
1,21,33,41,1987,253,253,253
1,21,34,41,1988,253,253,253
1,21,35,41,1989,219,219,219
1,21,36,41,1990,254,254,254
1,21,37,41,1991,255,255,255
1,21,38,41,1992,255,255,255
1,21,39,41,1993,255,255,255
1,21,40,41,1994,255,255,255
1,21,41,41,1995,173,173,173
1,21,42,41,1996,184,184,184
1,21,43,41,1997,47,47,47
1,21,44,41,1998,170,170,170
1,21,45,41,1999,192,192,192
1,21,46,41,2000,242,242,242
1,21,47,41,2001,255,255,255
1,21,48,41,2002,255,255,255
1,21,49,41,2003,245,245,245
1,21,50,41,2004,213,213,213
1,21,51,41,2005,216,216,216
1,21,52,41,2006,229,229,229
1,21,53,41,2007,219,219,219
1,21,54,41,2008,243,243,243
1,21,55,41,2009,255,255,255
1,21,56,41,2010,255,255,255
1,21,57,41,2011,255,255,255
1,21,58,41,2012,249,249,249
1,21,59,41,2013,236,236,236
1,21,60,41,2014,248,248,248
1,21,61,41,2015,225,225,225
1,21,62,41,2016,240,240,240
1,21,63,41,2017,229,229,229
1,21,64,41,2018,204,204,204
1,21,65,41,2019,247,247,247
1,21,66,41,2020,208,208,208
1,21,67,41,2021,243,243,243
1,21,68,41,2022,153,153,153
1,22,0,42,1954,255,255,255
1,22,1,42,1955,182,182,182
1,22,2,42,1956,242,242,242
1,22,3,42,1957,254,254,254
1,22,4,42,1958,254,254,254
1,22,5,42,1959,216,216,216
1,22,6,42,1960,255,255,255
1,22,7,42,1961,167,167,167
1,22,8,42,1962,251,251,251
1,22,9,42,1963,237,237,237
1,22,10,42,1964,214,214,214
1,22,11,42,1965,223,223,223
1,22,12,42,1966,252,252,252
1,22,13,42,1967,241,241,241
1,22,14,42,1968,255,255,255
1,22,15,42,1969,255,255,255
1,22,16,42,1970,255,255,255
1,22,17,42,1971,255,255,255
1,22,18,42,1972,255,255,255
1,22,19,42,1973,255,255,255
1,22,20,42,1974,255,255,255
1,22,21,42,1975,255,255,255
1,22,22,42,1976,255,255,255
1,22,23,42,1977,255,255,255
1,22,24,42,1978,255,255,255
1,22,25,42,1979,255,255,255
1,22,26,42,1980,255,255,255
1,22,27,42,1981,255,255,255
1,22,28,42,1982,255,255,255
1,22,29,42,1983,255,255,255
1,22,30,42,1984,255,255,255
1,22,31,42,1985,251,251,251
1,22,32,42,1986,231,231,231
1,22,33,42,1987,253,253,253
1,22,34,42,1988,255,255,255
1,22,35,42,1989,236,236,236
1,22,36,42,1990,254,254,254
1,22,37,42,1991,255,255,255
1,22,38,42,1992,255,255,255
1,22,39,42,1993,255,255,255
1,22,40,42,1994,255,255,255
1,22,41,42,1995,254,254,254
1,22,42,42,1996,190,190,190
1,22,43,42,1997,49,49,49
1,22,44,42,1998,178,178,178
1,22,45,42,1999,195,195,195
1,22,46,42,2000,242,242,242
1,22,47,42,2001,255,255,255
1,22,48,42,2002,255,255,255
1,22,49,42,2003,240,240,240
1,22,50,42,2004,204,204,204
1,22,51,42,2005,204,204,204
1,22,52,42,2006,216,216,216
1,22,53,42,2007,201,201,201
1,22,54,42,2008,242,242,242
1,22,55,42,2009,255,255,255
1,22,56,42,2010,255,255,255
1,22,57,42,2011,254,254,254
1,22,58,42,2012,248,248,248
1,22,59,42,2013,235,235,235
1,22,60,42,2014,249,249,249
1,22,61,42,2015,223,223,223
1,22,62,42,2016,240,240,240
1,22,63,42,2017,210,210,210
1,22,64,42,2018,188,188,188
1,22,65,42,2019,246,246,246
1,22,66,42,2020,202,202,202
1,22,67,42,2021,201,201,201
1,22,68,42,2022,207,207,207
1,23,0,43,1954,255,255,255
1,23,1,43,1955,184,184,184
1,23,2,43,1956,245,245,245
1,23,3,43,1957,252,252,252
1,23,4,43,1958,240,240,240
1,23,5,43,1959,254,254,254
1,23,6,43,1960,255,255,255
1,23,7,43,1961,175,175,175
1,23,8,43,1962,253,253,253
1,23,9,43,1963,235,235,235
1,23,10,43,1964,202,202,202
1,23,11,43,1965,222,222,222
1,23,12,43,1966,253,253,253
1,23,13,43,1967,242,242,242
1,23,14,43,1968,254,254,254
1,23,15,43,1969,255,255,255
1,23,16,43,1970,255,255,255
1,23,17,43,1971,255,255,255
1,23,18,43,1972,255,255,255
1,23,19,43,1973,255,255,255
1,23,20,43,1974,255,255,255
1,23,21,43,1975,255,255,255
1,23,22,43,1976,255,255,255
1,23,23,43,1977,255,255,255
1,23,24,43,1978,255,255,255
1,23,25,43,1979,255,255,255
1,23,26,43,1980,255,255,255
1,23,27,43,1981,255,255,255
1,23,28,43,1982,255,255,255
1,23,29,43,1983,255,255,255
1,23,30,43,1984,255,255,255
1,23,31,43,1985,255,255,255
1,23,32,43,1986,248,248,248
1,23,33,43,1987,253,253,253
1,23,34,43,1988,250,250,250
1,23,35,43,1989,254,254,254
1,23,36,43,1990,255,255,255
1,23,37,43,1991,255,255,255
1,23,38,43,1992,255,255,255
1,23,39,43,1993,255,255,255
1,23,40,43,1994,255,255,255
1,23,41,43,1995,255,255,255
1,23,42,43,1996,209,209,209
1,23,43,43,1997,45,45,45
1,23,44,43,1998,172,172,172
1,23,45,43,1999,195,195,195
1,23,46,43,2000,240,240,240
1,23,47,43,2001,255,255,255
1,23,48,43,2002,255,255,255
1,23,49,43,2003,241,241,241
1,23,50,43,2004,201,201,201
1,23,51,43,2005,204,204,204
1,23,52,43,2006,215,215,215
1,23,53,43,2007,199,199,199
1,23,54,43,2008,242,242,242
1,23,55,43,2009,255,255,255
1,23,56,43,2010,255,255,255
1,23,57,43,2011,255,255,255
1,23,58,43,2012,247,247,247
1,23,59,43,2013,228,228,228
1,23,60,43,2014,248,248,248
1,23,61,43,2015,226,226,226
1,23,62,43,2016,237,237,237
1,23,63,43,2017,225,225,225
1,23,64,43,2018,190,190,190
1,23,65,43,2019,246,246,246
1,23,66,43,2020,197,197,197
1,23,67,43,2021,199,199,199
1,23,68,43,2022,169,169,169
1,24,0,44,1954,225,225,225
1,24,1,44,1955,184,184,184
1,24,2,44,1956,237,237,237
1,24,3,44,1957,254,254,254
1,24,4,44,1958,209,209,209
1,24,5,44,1959,223,223,223
1,24,6,44,1960,236,236,236
1,24,7,44,1961,176,176,176
1,24,8,44,1962,254,254,254
1,24,9,44,1963,239,239,239
1,24,10,44,1964,211,211,211
1,24,11,44,1965,221,221,221
1,24,12,44,1966,253,253,253
1,24,13,44,1967,246,246,246
1,24,14,44,1968,254,254,254
1,24,15,44,1969,255,255,255
1,24,16,44,1970,255,255,255
1,24,17,44,1971,255,255,255
1,24,18,44,1972,255,255,255
1,24,19,44,1973,255,255,255
1,24,20,44,1974,255,255,255
1,24,21,44,1975,255,255,255
1,24,22,44,1976,255,255,255
1,24,23,44,1977,255,255,255
1,24,24,44,1978,255,255,255
1,24,25,44,1979,255,255,255
1,24,26,44,1980,255,255,255
1,24,27,44,1981,255,255,255
1,24,28,44,1982,255,255,255
1,24,29,44,1983,255,255,255
1,24,30,44,1984,255,255,255
1,24,31,44,1985,248,248,248
1,24,32,44,1986,253,253,253
1,24,33,44,1987,255,255,255
1,24,34,44,1988,255,255,255
1,24,35,44,1989,248,248,248
1,24,36,44,1990,255,255,255
1,24,37,44,1991,255,255,255
1,24,38,44,1992,255,255,255
1,24,39,44,1993,255,255,255
1,24,40,44,1994,255,255,255
1,24,41,44,1995,255,255,255
1,24,42,44,1996,254,254,254
1,24,43,44,1997,49,49,49
1,24,44,44,1998,167,167,167
1,24,45,44,1999,193,193,193
1,24,46,44,2000,244,244,244
1,24,47,44,2001,255,255,255
1,24,48,44,2002,255,255,255
1,24,49,44,2003,244,244,244
1,24,50,44,2004,215,215,215
1,24,51,44,2005,213,213,213
1,24,52,44,2006,227,227,227
1,24,53,44,2007,217,217,217
1,24,54,44,2008,242,242,242
1,24,55,44,2009,255,255,255
1,24,56,44,2010,255,255,255
1,24,57,44,2011,255,255,255
1,24,58,44,2012,245,245,245
1,24,59,44,2013,224,224,224
1,24,60,44,2014,250,250,250
1,24,61,44,2015,225,225,225
1,24,62,44,2016,236,236,236
1,24,63,44,2017,220,220,220
1,24,64,44,2018,192,192,192
1,24,65,44,2019,247,247,247
1,24,66,44,2020,191,191,191
1,24,67,44,2021,198,198,198
1,24,68,44,2022,171,171,171
1,25,0,45,1954,201,201,201
1,25,1,45,1955,254,254,254
1,25,2,45,1956,243,243,243
1,25,3,45,1957,254,254,254
1,25,4,45,1958,205,205,205
1,25,5,45,1959,220,220,220
1,25,6,45,1960,255,255,255
1,25,7,45,1961,244,244,244
1,25,8,45,1962,254,254,254
1,25,9,45,1963,238,238,238
1,25,10,45,1964,212,212,212
1,25,11,45,1965,222,222,222
1,25,12,45,1966,252,252,252
1,25,13,45,1967,247,247,247
1,25,14,45,1968,254,254,254
1,25,15,45,1969,255,255,255
1,25,16,45,1970,255,255,255
1,25,17,45,1971,255,255,255
1,25,18,45,1972,255,255,255
1,25,19,45,1973,255,255,255
1,25,20,45,1974,255,255,255
1,25,21,45,1975,255,255,255
1,25,22,45,1976,255,255,255
1,25,23,45,1977,255,255,255
1,25,24,45,1978,255,255,255
1,25,25,45,1979,255,255,255
1,25,26,45,1980,255,255,255
1,25,27,45,1981,255,255,255
1,25,28,45,1982,255,255,255
1,25,29,45,1983,255,255,255
1,25,30,45,1984,255,255,255
1,25,31,45,1985,255,255,255
1,25,32,45,1986,254,254,254
1,25,33,45,1987,255,255,255
1,25,34,45,1988,255,255,255
1,25,35,45,1989,255,255,255
1,25,36,45,1990,255,255,255
1,25,37,45,1991,255,255,255
1,25,38,45,1992,255,255,255
1,25,39,45,1993,255,255,255
1,25,40,45,1994,255,255,255
1,25,41,45,1995,249,249,249
1,25,42,45,1996,219,219,219
1,25,43,45,1997,70,70,70
1,25,44,45,1998,170,170,170
1,25,45,45,1999,192,192,192
1,25,46,45,2000,242,242,242
1,25,47,45,2001,255,255,255
1,25,48,45,2002,255,255,255
1,25,49,45,2003,242,242,242
1,25,50,45,2004,201,201,201
1,25,51,45,2005,203,203,203
1,25,52,45,2006,215,215,215
1,25,53,45,2007,201,201,201
1,25,54,45,2008,242,242,242
1,25,55,45,2009,255,255,255
1,25,56,45,2010,255,255,255
1,25,57,45,2011,255,255,255
1,25,58,45,2012,243,243,243
1,25,59,45,2013,230,230,230
1,25,60,45,2014,249,249,249
1,25,61,45,2015,227,227,227
1,25,62,45,2016,238,238,238
1,25,63,45,2017,225,225,225
1,25,64,45,2018,191,191,191
1,25,65,45,2019,244,244,244
1,25,66,45,2020,181,181,181
1,25,67,45,2021,191,191,191
1,25,68,45,2022,168,168,168
1,26,0,46,1954,182,182,182
1,26,1,46,1955,178,178,178
1,26,2,46,1956,252,252,252
1,26,3,46,1957,254,254,254
1,26,4,46,1958,209,209,209
1,26,5,46,1959,219,219,219
1,26,6,46,1960,255,255,255
1,26,7,46,1961,167,167,167
1,26,8,46,1962,253,253,253
1,26,9,46,1963,232,232,232
1,26,10,46,1964,200,200,200
1,26,11,46,1965,221,221,221
1,26,12,46,1966,252,252,252
1,26,13,46,1967,246,246,246
1,26,14,46,1968,254,254,254
1,26,15,46,1969,255,255,255
1,26,16,46,1970,255,255,255
1,26,17,46,1971,255,255,255
1,26,18,46,1972,255,255,255
1,26,19,46,1973,255,255,255
1,26,20,46,1974,255,255,255
1,26,21,46,1975,255,255,255
1,26,22,46,1976,255,255,255
1,26,23,46,1977,255,255,255
1,26,24,46,1978,255,255,255
1,26,25,46,1979,255,255,255
1,26,26,46,1980,255,255,255
1,26,27,46,1981,255,255,255
1,26,28,46,1982,255,255,255
1,26,29,46,1983,255,255,255
1,26,30,46,1984,255,255,255
1,26,31,46,1985,255,255,255
1,26,32,46,1986,255,255,255
1,26,33,46,1987,255,255,255
1,26,34,46,1988,255,255,255
1,26,35,46,1989,255,255,255
1,26,36,46,1990,255,255,255
1,26,37,46,1991,255,255,255
1,26,38,46,1992,255,255,255
1,26,39,46,1993,255,255,255
1,26,40,46,1994,255,255,255
1,26,41,46,1995,247,247,247
1,26,42,46,1996,176,176,176
1,26,43,46,1997,43,43,43
1,26,44,46,1998,172,172,172
1,26,45,46,1999,192,192,192
1,26,46,46,2000,243,243,243
1,26,47,46,2001,255,255,255
1,26,48,46,2002,255,255,255
1,26,49,46,2003,237,237,237
1,26,50,46,2004,199,199,199
1,26,51,46,2005,202,202,202
1,26,52,46,2006,215,215,215
1,26,53,46,2007,200,200,200
1,26,54,46,2008,241,241,241
1,26,55,46,2009,255,255,255
1,26,56,46,2010,255,255,255
1,26,57,46,2011,255,255,255
1,26,58,46,2012,246,246,246
1,26,59,46,2013,232,232,232
1,26,60,46,2014,249,249,249
1,26,61,46,2015,232,232,232
1,26,62,46,2016,238,238,238
1,26,63,46,2017,210,210,210
1,26,64,46,2018,176,176,176
1,26,65,46,2019,240,240,240
1,26,66,46,2020,163,163,163
1,26,67,46,2021,166,166,166
1,26,68,46,2022,146,146,146
1,27,0,47,1954,193,193,193
1,27,1,47,1955,174,174,174
1,27,2,47,1956,252,252,252
1,27,3,47,1957,255,255,255
1,27,4,47,1958,201,201,201
1,27,5,47,1959,215,215,215
1,27,6,47,1960,255,255,255
1,27,7,47,1961,166,166,166
1,27,8,47,1962,252,252,252
1,27,9,47,1963,239,239,239
1,27,10,47,1964,195,195,195
1,27,11,47,1965,222,222,222
1,27,12,47,1966,251,251,251
1,27,13,47,1967,244,244,244
1,27,14,47,1968,254,254,254
1,27,15,47,1969,255,255,255
1,27,16,47,1970,255,255,255
1,27,17,47,1971,255,255,255
1,27,18,47,1972,255,255,255
1,27,19,47,1973,255,255,255
1,27,20,47,1974,255,255,255
1,27,21,47,1975,255,255,255
1,27,22,47,1976,255,255,255
1,27,23,47,1977,255,255,255
1,27,24,47,1978,255,255,255
1,27,25,47,1979,255,255,255
1,27,26,47,1980,255,255,255
1,27,27,47,1981,255,255,255
1,27,28,47,1982,255,255,255
1,27,29,47,1983,255,255,255
1,27,30,47,1984,255,255,255
1,27,31,47,1985,255,255,255
1,27,32,47,1986,255,255,255
1,27,33,47,1987,255,255,255
1,27,34,47,1988,255,255,255
1,27,35,47,1989,255,255,255
1,27,36,47,1990,255,255,255
1,27,37,47,1991,255,255,255
1,27,38,47,1992,255,255,255
1,27,39,47,1993,255,255,255
1,27,40,47,1994,255,255,255
1,27,41,47,1995,254,254,254
1,27,42,47,1996,179,179,179
1,27,43,47,1997,40,40,40
1,27,44,47,1998,167,167,167
1,27,45,47,1999,187,187,187
1,27,46,47,2000,242,242,242
1,27,47,47,2001,255,255,255
1,27,48,47,2002,255,255,255
1,27,49,47,2003,236,236,236
1,27,50,47,2004,199,199,199
1,27,51,47,2005,204,204,204
1,27,52,47,2006,212,212,212
1,27,53,47,2007,198,198,198
1,27,54,47,2008,241,241,241
1,27,55,47,2009,255,255,255
1,27,56,47,2010,255,255,255
1,27,57,47,2011,255,255,255
1,27,58,47,2012,242,242,242
1,27,59,47,2013,223,223,223
1,27,60,47,2014,249,249,249
1,27,61,47,2015,231,231,231
1,27,62,47,2016,237,237,237
1,27,63,47,2017,223,223,223
1,27,64,47,2018,175,175,175
1,27,65,47,2019,244,244,244
1,27,66,47,2020,157,157,157
1,27,67,47,2021,187,187,187
1,27,68,47,2022,132,132,132
1,28,0,48,1954,244,244,244
1,28,1,48,1955,247,247,247
1,28,2,48,1956,252,252,252
1,28,3,48,1957,255,255,255
1,28,4,48,1958,211,211,211
1,28,5,48,1959,205,205,205
1,28,6,48,1960,254,254,254
1,28,7,48,1961,168,168,168
1,28,8,48,1962,251,251,251
1,28,9,48,1963,236,236,236
1,28,10,48,1964,209,209,209
1,28,11,48,1965,222,222,222
1,28,12,48,1966,253,253,253
1,28,13,48,1967,248,248,248
1,28,14,48,1968,253,253,253
1,28,15,48,1969,255,255,255
1,28,16,48,1970,255,255,255
1,28,17,48,1971,255,255,255
1,28,18,48,1972,255,255,255
1,28,19,48,1973,255,255,255
1,28,20,48,1974,255,255,255
1,28,21,48,1975,255,255,255
1,28,22,48,1976,255,255,255
1,28,23,48,1977,255,255,255
1,28,24,48,1978,255,255,255
1,28,25,48,1979,255,255,255
1,28,26,48,1980,255,255,255
1,28,27,48,1981,255,255,255
1,28,28,48,1982,255,255,255
1,28,29,48,1983,255,255,255
1,28,30,48,1984,255,255,255
1,28,31,48,1985,255,255,255
1,28,32,48,1986,255,255,255
1,28,33,48,1987,255,255,255
1,28,34,48,1988,255,255,255
1,28,35,48,1989,255,255,255
1,28,36,48,1990,255,255,255
1,28,37,48,1991,255,255,255
1,28,38,48,1992,255,255,255
1,28,39,48,1993,255,255,255
1,28,40,48,1994,255,255,255
1,28,41,48,1995,250,250,250
1,28,42,48,1996,210,210,210
1,28,43,48,1997,38,38,38
1,28,44,48,1998,149,149,149
1,28,45,48,1999,172,172,172
1,28,46,48,2000,245,245,245
1,28,47,48,2001,255,255,255
1,28,48,48,2002,255,255,255
1,28,49,48,2003,236,236,236
1,28,50,48,2004,195,195,195
1,28,51,48,2005,200,200,200
1,28,52,48,2006,211,211,211
1,28,53,48,2007,196,196,196
1,28,54,48,2008,241,241,241
1,28,55,48,2009,255,255,255
1,28,56,48,2010,255,255,255
1,28,57,48,2011,255,255,255
1,28,58,48,2012,242,242,242
1,28,59,48,2013,213,213,213
1,28,60,48,2014,245,245,245
1,28,61,48,2015,221,221,221
1,28,62,48,2016,237,237,237
1,28,63,48,2017,215,215,215
1,28,64,48,2018,185,185,185
1,28,65,48,2019,240,240,240
1,28,66,48,2020,175,175,175
1,28,67,48,2021,182,182,182
1,28,68,48,2022,149,149,149
1,29,0,49,1954,244,244,244
1,29,1,49,1955,188,188,188
1,29,2,49,1956,250,250,250
1,29,3,49,1957,255,255,255
1,29,4,49,1958,250,250,250
1,29,5,49,1959,216,216,216
1,29,6,49,1960,254,254,254
1,29,7,49,1961,162,162,162
1,29,8,49,1962,253,253,253
1,29,9,49,1963,231,231,231
1,29,10,49,1964,200,200,200
1,29,11,49,1965,222,222,222
1,29,12,49,1966,252,252,252
1,29,13,49,1967,245,245,245
1,29,14,49,1968,254,254,254
1,29,15,49,1969,255,255,255
1,29,16,49,1970,255,255,255
1,29,17,49,1971,255,255,255
1,29,18,49,1972,255,255,255
1,29,19,49,1973,255,255,255
1,29,20,49,1974,255,255,255
1,29,21,49,1975,255,255,255
1,29,22,49,1976,255,255,255
1,29,23,49,1977,255,255,255
1,29,24,49,1978,255,255,255
1,29,25,49,1979,255,255,255
1,29,26,49,1980,255,255,255
1,29,27,49,1981,255,255,255
1,29,28,49,1982,255,255,255
1,29,29,49,1983,255,255,255
1,29,30,49,1984,255,255,255
1,29,31,49,1985,255,255,255
1,29,32,49,1986,236,236,236
1,29,33,49,1987,255,255,255
1,29,34,49,1988,255,255,255
1,29,35,49,1989,255,255,255
1,29,36,49,1990,255,255,255
1,29,37,49,1991,255,255,255
1,29,38,49,1992,255,255,255
1,29,39,49,1993,255,255,255
1,29,40,49,1994,255,255,255
1,29,41,49,1995,220,220,220
1,29,42,49,1996,183,183,183
1,29,43,49,1997,42,42,42
1,29,44,49,1998,149,149,149
1,29,45,49,1999,175,175,175
1,29,46,49,2000,244,244,244
1,29,47,49,2001,255,255,255
1,29,48,49,2002,255,255,255
1,29,49,49,2003,238,238,238
1,29,50,49,2004,198,198,198
1,29,51,49,2005,199,199,199
1,29,52,49,2006,214,214,214
1,29,53,49,2007,198,198,198
1,29,54,49,2008,240,240,240
1,29,55,49,2009,255,255,255
1,29,56,49,2010,255,255,255
1,29,57,49,2011,255,255,255
1,29,58,49,2012,246,246,246
1,29,59,49,2013,224,224,224
1,29,60,49,2014,246,246,246
1,29,61,49,2015,231,231,231
1,29,62,49,2016,237,237,237
1,29,63,49,2017,205,205,205
1,29,64,49,2018,167,167,167
1,29,65,49,2019,241,241,241
1,29,66,49,2020,156,156,156
1,29,67,49,2021,158,158,158
1,29,68,49,2022,128,128,128
1,30,0,50,1954,255,255,255
1,30,1,50,1955,172,172,172
1,30,2,50,1956,240,240,240
1,30,3,50,1957,253,253,253
1,30,4,50,1958,229,229,229
1,30,5,50,1959,253,253,253
1,30,6,50,1960,254,254,254
1,30,7,50,1961,176,176,176
1,30,8,50,1962,253,253,253
1,30,9,50,1963,229,229,229
1,30,10,50,1964,197,197,197
1,30,11,50,1965,222,222,222
1,30,12,50,1966,252,252,252
1,30,13,50,1967,242,242,242
1,30,14,50,1968,254,254,254
1,30,15,50,1969,255,255,255
1,30,16,50,1970,255,255,255
1,30,17,50,1971,255,255,255
1,30,18,50,1972,255,255,255
1,30,19,50,1973,255,255,255
1,30,20,50,1974,255,255,255
1,30,21,50,1975,255,255,255
1,30,22,50,1976,255,255,255
1,30,23,50,1977,255,255,255
1,30,24,50,1978,255,255,255
1,30,25,50,1979,255,255,255
1,30,26,50,1980,255,255,255
1,30,27,50,1981,255,255,255
1,30,28,50,1982,255,255,255
1,30,29,50,1983,255,255,255
1,30,30,50,1984,255,255,255
1,30,31,50,1985,255,255,255
1,30,32,50,1986,254,254,254
1,30,33,50,1987,254,254,254
1,30,34,50,1988,255,255,255
1,30,35,50,1989,255,255,255
1,30,36,50,1990,255,255,255
1,30,37,50,1991,255,255,255
1,30,38,50,1992,255,255,255
1,30,39,50,1993,255,255,255
1,30,40,50,1994,255,255,255
1,30,41,50,1995,238,238,238
1,30,42,50,1996,180,180,180
1,30,43,50,1997,68,68,68
1,30,44,50,1998,180,180,180
1,30,45,50,1999,200,200,200
1,30,46,50,2000,250,250,250
1,30,47,50,2001,255,255,255
1,30,48,50,2002,255,255,255
1,30,49,50,2003,241,241,241
1,30,50,50,2004,198,198,198
1,30,51,50,2005,201,201,201
1,30,52,50,2006,216,216,216
1,30,53,50,2007,203,203,203
1,30,54,50,2008,242,242,242
1,30,55,50,2009,255,255,255
1,30,56,50,2010,255,255,255
1,30,57,50,2011,255,255,255
1,30,58,50,2012,242,242,242
1,30,59,50,2013,220,220,220
1,30,60,50,2014,250,250,250
1,30,61,50,2015,227,227,227
1,30,62,50,2016,238,238,238
1,30,63,50,2017,217,217,217
1,30,64,50,2018,186,186,186
1,30,65,50,2019,247,247,247
1,30,66,50,2020,183,183,183
1,30,67,50,2021,170,170,170
1,30,68,50,2022,132,132,132
1,31,0,51,1954,253,253,253
1,31,1,51,1955,172,172,172
1,31,2,51,1956,243,243,243
1,31,3,51,1957,254,254,254
1,31,4,51,1958,253,253,253
1,31,5,51,1959,254,254,254
1,31,6,51,1960,255,255,255
1,31,7,51,1961,178,178,178
1,31,8,51,1962,252,252,252
1,31,9,51,1963,231,231,231
1,31,10,51,1964,195,195,195
1,31,11,51,1965,219,219,219
1,31,12,51,1966,252,252,252
1,31,13,51,1967,240,240,240
1,31,14,51,1968,255,255,255
1,31,15,51,1969,255,255,255
1,31,16,51,1970,255,255,255
1,31,17,51,1971,255,255,255
1,31,18,51,1972,255,255,255
1,31,19,51,1973,255,255,255
1,31,20,51,1974,255,255,255
1,31,21,51,1975,255,255,255
1,31,22,51,1976,255,255,255
1,31,23,51,1977,255,255,255
1,31,24,51,1978,255,255,255
1,31,25,51,1979,255,255,255
1,31,26,51,1980,255,255,255
1,31,27,51,1981,255,255,255
1,31,28,51,1982,255,255,255
1,31,29,51,1983,255,255,255
1,31,30,51,1984,255,255,255
1,31,31,51,1985,254,254,254
1,31,32,51,1986,255,255,255
1,31,33,51,1987,255,255,255
1,31,34,51,1988,255,255,255
1,31,35,51,1989,255,255,255
1,31,36,51,1990,255,255,255
1,31,37,51,1991,255,255,255
1,31,38,51,1992,255,255,255
1,31,39,51,1993,243,243,243
1,31,40,51,1994,254,254,254
1,31,41,51,1995,215,215,215
1,31,42,51,1996,186,186,186
1,31,43,51,1997,54,54,54
1,31,44,51,1998,153,153,153
1,31,45,51,1999,173,173,173
1,31,46,51,2000,243,243,243
1,31,47,51,2001,255,255,255
1,31,48,51,2002,255,255,255
1,31,49,51,2003,240,240,240
1,31,50,51,2004,205,205,205
1,31,51,51,2005,206,206,206
1,31,52,51,2006,214,214,214
1,31,53,51,2007,197,197,197
1,31,54,51,2008,238,238,238
1,31,55,51,2009,255,255,255
1,31,56,51,2010,255,255,255
1,31,57,51,2011,255,255,255
1,31,58,51,2012,241,241,241
1,31,59,51,2013,216,216,216
1,31,60,51,2014,249,249,249
1,31,61,51,2015,232,232,232
1,31,62,51,2016,234,234,234
1,31,63,51,2017,199,199,199
1,31,64,51,2018,163,163,163
1,31,65,51,2019,243,243,243
1,31,66,51,2020,150,150,150
1,31,67,51,2021,176,176,176
1,31,68,51,2022,149,149,149
1,32,0,52,1954,253,253,253
1,32,1,52,1955,188,188,188
1,32,2,52,1956,243,243,243
1,32,3,52,1957,254,254,254
1,32,4,52,1958,209,209,209
1,32,5,52,1959,234,234,234
1,32,6,52,1960,255,255,255
1,32,7,52,1961,241,241,241
1,32,8,52,1962,253,253,253
1,32,9,52,1963,230,230,230
1,32,10,52,1964,190,190,190
1,32,11,52,1965,222,222,222
1,32,12,52,1966,251,251,251
1,32,13,52,1967,240,240,240
1,32,14,52,1968,253,253,253
1,32,15,52,1969,255,255,255
1,32,16,52,1970,255,255,255
1,32,17,52,1971,255,255,255
1,32,18,52,1972,255,255,255
1,32,19,52,1973,255,255,255
1,32,20,52,1974,255,255,255
1,32,21,52,1975,255,255,255
1,32,22,52,1976,255,255,255
1,32,23,52,1977,255,255,255
1,32,24,52,1978,255,255,255
1,32,25,52,1979,255,255,255
1,32,26,52,1980,255,255,255
1,32,27,52,1981,255,255,255
1,32,28,52,1982,255,255,255
1,32,29,52,1983,255,255,255
1,32,30,52,1984,255,255,255
1,32,31,52,1985,250,250,250
1,32,32,52,1986,220,220,220
1,32,33,52,1987,253,253,253
1,32,34,52,1988,255,255,255
1,32,35,52,1989,255,255,255
1,32,36,52,1990,255,255,255
1,32,37,52,1991,255,255,255
1,32,38,52,1992,245,245,245
1,32,39,52,1993,244,244,244
1,32,40,52,1994,254,254,254
1,32,41,52,1995,169,169,169
1,32,42,52,1996,165,165,165
1,32,43,52,1997,36,36,36
1,32,44,52,1998,146,146,146
1,32,45,52,1999,170,170,170
1,32,46,52,2000,241,241,241
1,32,47,52,2001,255,255,255
1,32,48,52,2002,255,255,255
1,32,49,52,2003,239,239,239
1,32,50,52,2004,192,192,192
1,32,51,52,2005,195,195,195
1,32,52,52,2006,208,208,208
1,32,53,52,2007,193,193,193
1,32,54,52,2008,238,238,238
1,32,55,52,2009,255,255,255
1,32,56,52,2010,255,255,255
1,32,57,52,2011,254,254,254
1,32,58,52,2012,238,238,238
1,32,59,52,2013,212,212,212
1,32,60,52,2014,248,248,248
1,32,61,52,2015,233,233,233
1,32,62,52,2016,234,234,234
1,32,63,52,2017,195,195,195
1,32,64,52,2018,160,160,160
1,32,65,52,2019,242,242,242
1,32,66,52,2020,164,164,164
1,32,67,52,2021,154,154,154
1,32,68,52,2022,132,132,132
1,33,0,53,1954,254,254,254
1,33,1,53,1955,171,171,171
1,33,2,53,1956,241,241,241
1,33,3,53,1957,254,254,254
1,33,4,53,1958,207,207,207
1,33,5,53,1959,218,218,218
1,33,6,53,1960,255,255,255
1,33,7,53,1961,255,255,255
1,33,8,53,1962,255,255,255
1,33,9,53,1963,234,234,234
1,33,10,53,1964,206,206,206
1,33,11,53,1965,212,212,212
1,33,12,53,1966,250,250,250
1,33,13,53,1967,238,238,238
1,33,14,53,1968,253,253,253
1,33,15,53,1969,255,255,255
1,33,16,53,1970,255,255,255
1,33,17,53,1971,255,255,255
1,33,18,53,1972,255,255,255
1,33,19,53,1973,255,255,255
1,33,20,53,1974,255,255,255
1,33,21,53,1975,255,255,255
1,33,22,53,1976,255,255,255
1,33,23,53,1977,255,255,255
1,33,24,53,1978,255,255,255
1,33,25,53,1979,255,255,255
1,33,26,53,1980,255,255,255
1,33,27,53,1981,255,255,255
1,33,28,53,1982,255,255,255
1,33,29,53,1983,255,255,255
1,33,30,53,1984,255,255,255
1,33,31,53,1985,249,249,249
1,33,32,53,1986,199,199,199
1,33,33,53,1987,253,253,253
1,33,34,53,1988,255,255,255
1,33,35,53,1989,255,255,255
1,33,36,53,1990,255,255,255
1,33,37,53,1991,255,255,255
1,33,38,53,1992,253,253,253
1,33,39,53,1993,238,238,238
1,33,40,53,1994,254,254,254
1,33,41,53,1995,152,152,152
1,33,42,53,1996,175,175,175
1,33,43,53,1997,45,45,45
1,33,44,53,1998,168,168,168
1,33,45,53,1999,186,186,186
1,33,46,53,2000,251,251,251
1,33,47,53,2001,255,255,255
1,33,48,53,2002,255,255,255
1,33,49,53,2003,236,236,236
1,33,50,53,2004,198,198,198
1,33,51,53,2005,200,200,200
1,33,52,53,2006,219,219,219
1,33,53,53,2007,210,210,210
1,33,54,53,2008,241,241,241
1,33,55,53,2009,255,255,255
1,33,56,53,2010,255,255,255
1,33,57,53,2011,254,254,254
1,33,58,53,2012,243,243,243
1,33,59,53,2013,225,225,225
1,33,60,53,2014,246,246,246
1,33,61,53,2015,224,224,224
1,33,62,53,2016,235,235,235
1,33,63,53,2017,202,202,202
1,33,64,53,2018,158,158,158
1,33,65,53,2019,243,243,243
1,33,66,53,2020,176,176,176
1,33,67,53,2021,178,178,178
1,33,68,53,2022,147,147,147
1,34,0,54,1954,254,254,254
1,34,1,54,1955,187,187,187
1,34,2,54,1956,242,242,242
1,34,3,54,1957,253,253,253
1,34,4,54,1958,195,195,195
1,34,5,54,1959,221,221,221
1,34,6,54,1960,255,255,255
1,34,7,54,1961,183,183,183
1,34,8,54,1962,252,252,252
1,34,9,54,1963,237,237,237
1,34,10,54,1964,210,210,210
1,34,11,54,1965,214,214,214
1,34,12,54,1966,251,251,251
1,34,13,54,1967,237,237,237
1,34,14,54,1968,254,254,254
1,34,15,54,1969,255,255,255
1,34,16,54,1970,255,255,255
1,34,17,54,1971,255,255,255
1,34,18,54,1972,255,255,255
1,34,19,54,1973,255,255,255
1,34,20,54,1974,255,255,255
1,34,21,54,1975,255,255,255
1,34,22,54,1976,255,255,255
1,34,23,54,1977,255,255,255
1,34,24,54,1978,255,255,255
1,34,25,54,1979,255,255,255
1,34,26,54,1980,255,255,255
1,34,27,54,1981,255,255,255
1,34,28,54,1982,255,255,255
1,34,29,54,1983,255,255,255
1,34,30,54,1984,255,255,255
1,34,31,54,1985,240,240,240
1,34,32,54,1986,193,193,193
1,34,33,54,1987,251,251,251
1,34,34,54,1988,255,255,255
1,34,35,54,1989,255,255,255
1,34,36,54,1990,255,255,255
1,34,37,54,1991,253,253,253
1,34,38,54,1992,238,238,238
1,34,39,54,1993,241,241,241
1,34,40,54,1994,251,251,251
1,34,41,54,1995,181,181,181
1,34,42,54,1996,174,174,174
1,34,43,54,1997,70,70,70
1,34,44,54,1998,179,179,179
1,34,45,54,1999,190,190,190
1,34,46,54,2000,244,244,244
1,34,47,54,2001,255,255,255
1,34,48,54,2002,255,255,255
1,34,49,54,2003,237,237,237
1,34,50,54,2004,202,202,202
1,34,51,54,2005,202,202,202
1,34,52,54,2006,222,222,222
1,34,53,54,2007,215,215,215
1,34,54,54,2008,242,242,242
1,34,55,54,2009,255,255,255
1,34,56,54,2010,255,255,255
1,34,57,54,2011,254,254,254
1,34,58,54,2012,240,240,240
1,34,59,54,2013,216,216,216
1,34,60,54,2014,249,249,249
1,34,61,54,2015,236,236,236
1,34,62,54,2016,236,236,236
1,34,63,54,2017,217,217,217
1,34,64,54,2018,184,184,184
1,34,65,54,2019,246,246,246
1,34,66,54,2020,178,178,178
1,34,67,54,2021,185,185,185
1,34,68,54,2022,152,152,152
1,35,0,55,1954,254,254,254
1,35,1,55,1955,184,184,184
1,35,2,55,1956,240,240,240
1,35,3,55,1957,254,254,254
1,35,4,55,1958,194,194,194
1,35,5,55,1959,215,215,215
1,35,6,55,1960,255,255,255
1,35,7,55,1961,159,159,159
1,35,8,55,1962,253,253,253
1,35,9,55,1963,254,254,254
1,35,10,55,1964,209,209,209
1,35,11,55,1965,220,220,220
1,35,12,55,1966,251,251,251
1,35,13,55,1967,237,237,237
1,35,14,55,1968,254,254,254
1,35,15,55,1969,255,255,255
1,35,16,55,1970,255,255,255
1,35,17,55,1971,255,255,255
1,35,18,55,1972,255,255,255
1,35,19,55,1973,255,255,255
1,35,20,55,1974,255,255,255
1,35,21,55,1975,255,255,255
1,35,22,55,1976,255,255,255
1,35,23,55,1977,255,255,255
1,35,24,55,1978,255,255,255
1,35,25,55,1979,255,255,255
1,35,26,55,1980,255,255,255
1,35,27,55,1981,255,255,255
1,35,28,55,1982,255,255,255
1,35,29,55,1983,255,255,255
1,35,30,55,1984,255,255,255
1,35,31,55,1985,225,225,225
1,35,32,55,1986,184,184,184
1,35,33,55,1987,252,252,252
1,35,34,55,1988,255,255,255
1,35,35,55,1989,255,255,255
1,35,36,55,1990,255,255,255
1,35,37,55,1991,254,254,254
1,35,38,55,1992,226,226,226
1,35,39,55,1993,219,219,219
1,35,40,55,1994,250,250,250
1,35,41,55,1995,148,148,148
1,35,42,55,1996,158,158,158
1,35,43,55,1997,36,36,36
1,35,44,55,1998,163,163,163
1,35,45,55,1999,185,185,185
1,35,46,55,2000,245,245,245
1,35,47,55,2001,255,255,255
1,35,48,55,2002,255,255,255
1,35,49,55,2003,234,234,234
1,35,50,55,2004,189,189,189
1,35,51,55,2005,195,195,195
1,35,52,55,2006,211,211,211
1,35,53,55,2007,192,192,192
1,35,54,55,2008,234,234,234
1,35,55,55,2009,255,255,255
1,35,56,55,2010,255,255,255
1,35,57,55,2011,253,253,253
1,35,58,55,2012,243,243,243
1,35,59,55,2013,218,218,218
1,35,60,55,2014,248,248,248
1,35,61,55,2015,220,220,220
1,35,62,55,2016,235,235,235
1,35,63,55,2017,196,196,196
1,35,64,55,2018,155,155,155
1,35,65,55,2019,242,242,242
1,35,66,55,2020,134,134,134
1,35,67,55,2021,151,151,151
1,35,68,55,2022,115,115,115
1,36,0,56,1954,254,254,254
1,36,1,56,1955,181,181,181
1,36,2,56,1956,235,235,235
1,36,3,56,1957,254,254,254
1,36,4,56,1958,206,206,206
1,36,5,56,1959,214,214,214
1,36,6,56,1960,255,255,255
1,36,7,56,1961,156,156,156
1,36,8,56,1962,252,252,252
1,36,9,56,1963,233,233,233
1,36,10,56,1964,216,216,216
1,36,11,56,1965,209,209,209
1,36,12,56,1966,252,252,252
1,36,13,56,1967,242,242,242
1,36,14,56,1968,254,254,254
1,36,15,56,1969,255,255,255
1,36,16,56,1970,255,255,255
1,36,17,56,1971,255,255,255
1,36,18,56,1972,255,255,255
1,36,19,56,1973,255,255,255
1,36,20,56,1974,255,255,255
1,36,21,56,1975,255,255,255
1,36,22,56,1976,255,255,255
1,36,23,56,1977,255,255,255
1,36,24,56,1978,255,255,255
1,36,25,56,1979,255,255,255
1,36,26,56,1980,255,255,255
1,36,27,56,1981,255,255,255
1,36,28,56,1982,255,255,255
1,36,29,56,1983,255,255,255
1,36,30,56,1984,255,255,255
1,36,31,56,1985,226,226,226
1,36,32,56,1986,198,198,198
1,36,33,56,1987,251,251,251
1,36,34,56,1988,255,255,255
1,36,35,56,1989,255,255,255
1,36,36,56,1990,255,255,255
1,36,37,56,1991,255,255,255
1,36,38,56,1992,250,250,250
1,36,39,56,1993,226,226,226
1,36,40,56,1994,247,247,247
1,36,41,56,1995,153,153,153
1,36,42,56,1996,165,165,165
1,36,43,56,1997,38,38,38
1,36,44,56,1998,166,166,166
1,36,45,56,1999,195,195,195
1,36,46,56,2000,245,245,245
1,36,47,56,2001,255,255,255
1,36,48,56,2002,255,255,255
1,36,49,56,2003,239,239,239
1,36,50,56,2004,188,188,188
1,36,51,56,2005,198,198,198
1,36,52,56,2006,211,211,211
1,36,53,56,2007,194,194,194
1,36,54,56,2008,234,234,234
1,36,55,56,2009,255,255,255
1,36,56,56,2010,255,255,255
1,36,57,56,2011,254,254,254
1,36,58,56,2012,245,245,245
1,36,59,56,2013,222,222,222
1,36,60,56,2014,246,246,246
1,36,61,56,2015,226,226,226
1,36,62,56,2016,233,233,233
1,36,63,56,2017,200,200,200
1,36,64,56,2018,153,153,153
1,36,65,56,2019,245,245,245
1,36,66,56,2020,154,154,154
1,36,67,56,2021,150,150,150
1,36,68,56,2022,117,117,117
1,37,0,57,1954,254,254,254
1,37,1,57,1955,168,168,168
1,37,2,57,1956,241,241,241
1,37,3,57,1957,255,255,255
1,37,4,57,1958,193,193,193
1,37,5,57,1959,217,217,217
1,37,6,57,1960,255,255,255
1,37,7,57,1961,159,159,159
1,37,8,57,1962,252,252,252
1,37,9,57,1963,225,225,225
1,37,10,57,1964,196,196,196
1,37,11,57,1965,221,221,221
1,37,12,57,1966,253,253,253
1,37,13,57,1967,236,236,236
1,37,14,57,1968,255,255,255
1,37,15,57,1969,255,255,255
1,37,16,57,1970,255,255,255
1,37,17,57,1971,255,255,255
1,37,18,57,1972,255,255,255
1,37,19,57,1973,255,255,255
1,37,20,57,1974,255,255,255
1,37,21,57,1975,255,255,255
1,37,22,57,1976,255,255,255
1,37,23,57,1977,255,255,255
1,37,24,57,1978,255,255,255
1,37,25,57,1979,255,255,255
1,37,26,57,1980,255,255,255
1,37,27,57,1981,255,255,255
1,37,28,57,1982,255,255,255
1,37,29,57,1983,255,255,255
1,37,30,57,1984,255,255,255
1,37,31,57,1985,215,215,215
1,37,32,57,1986,179,179,179
1,37,33,57,1987,250,250,250
1,37,34,57,1988,255,255,255
1,37,35,57,1989,255,255,255
1,37,36,57,1990,255,255,255
1,37,37,57,1991,249,249,249
1,37,38,57,1992,243,243,243
1,37,39,57,1993,241,241,241
1,37,40,57,1994,248,248,248
1,37,41,57,1995,165,165,165
1,37,42,57,1996,164,164,164
1,37,43,57,1997,47,47,47
1,37,44,57,1998,168,168,168
1,37,45,57,1999,191,191,191
1,37,46,57,2000,243,243,243
1,37,47,57,2001,255,255,255
1,37,48,57,2002,255,255,255
1,37,49,57,2003,239,239,239
1,37,50,57,2004,204,204,204
1,37,51,57,2005,209,209,209
1,37,52,57,2006,221,221,221
1,37,53,57,2007,208,208,208
1,37,54,57,2008,240,240,240
1,37,55,57,2009,255,255,255
1,37,56,57,2010,255,255,255
1,37,57,57,2011,254,254,254
1,37,58,57,2012,244,244,244
1,37,59,57,2013,219,219,219
1,37,60,57,2014,247,247,247
1,37,61,57,2015,221,221,221
1,37,62,57,2016,233,233,233
1,37,63,57,2017,215,215,215
1,37,64,57,2018,177,177,177
1,37,65,57,2019,242,242,242
1,37,66,57,2020,138,138,138
1,37,67,57,2021,153,153,153
1,37,68,57,2022,120,120,120
1,38,0,58,1954,253,253,253
1,38,1,58,1955,179,179,179
1,38,2,58,1956,244,244,244
1,38,3,58,1957,254,254,254
1,38,4,58,1958,205,205,205
1,38,5,58,1959,215,215,215
1,38,6,58,1960,255,255,255
1,38,7,58,1961,157,157,157
1,38,8,58,1962,250,250,250
1,38,9,58,1963,223,223,223
1,38,10,58,1964,192,192,192
1,38,11,58,1965,218,218,218
1,38,12,58,1966,252,252,252
1,38,13,58,1967,232,232,232
1,38,14,58,1968,252,252,252
1,38,15,58,1969,255,255,255
1,38,16,58,1970,255,255,255
1,38,17,58,1971,255,255,255
1,38,18,58,1972,255,255,255
1,38,19,58,1973,255,255,255
1,38,20,58,1974,255,255,255
1,38,21,58,1975,255,255,255
1,38,22,58,1976,255,255,255
1,38,23,58,1977,255,255,255
1,38,24,58,1978,255,255,255
1,38,25,58,1979,255,255,255
1,38,26,58,1980,255,255,255
1,38,27,58,1981,255,255,255
1,38,28,58,1982,255,255,255
1,38,29,58,1983,255,255,255
1,38,30,58,1984,254,254,254
1,38,31,58,1985,216,216,216
1,38,32,58,1986,200,200,200
1,38,33,58,1987,252,252,252
1,38,34,58,1988,255,255,255
1,38,35,58,1989,255,255,255
1,38,36,58,1990,255,255,255
1,38,37,58,1991,254,254,254
1,38,38,58,1992,222,222,222
1,38,39,58,1993,230,230,230
1,38,40,58,1994,247,247,247
1,38,41,58,1995,175,175,175
1,38,42,58,1996,172,172,172
1,38,43,58,1997,67,67,67
1,38,44,58,1998,175,175,175
1,38,45,58,1999,198,198,198
1,38,46,58,2000,247,247,247
1,38,47,58,2001,255,255,255
1,38,48,58,2002,255,255,255
1,38,49,58,2003,238,238,238
1,38,50,58,2004,213,213,213
1,38,51,58,2005,213,213,213
1,38,52,58,2006,212,212,212
1,38,53,58,2007,207,207,207
1,38,54,58,2008,242,242,242
1,38,55,58,2009,255,255,255
1,38,56,58,2010,255,255,255
1,38,57,58,2011,254,254,254
1,38,58,58,2012,239,239,239
1,38,59,58,2013,212,212,212
1,38,60,58,2014,248,248,248
1,38,61,58,2015,219,219,219
1,38,62,58,2016,236,236,236
1,38,63,58,2017,204,204,204
1,38,64,58,2018,167,167,167
1,38,65,58,2019,240,240,240
1,38,66,58,2020,150,150,150
1,38,67,58,2021,164,164,164
1,38,68,58,2022,143,143,143
1,39,0,59,1954,252,252,252
1,39,1,59,1955,157,157,157
1,39,2,59,1956,239,239,239
1,39,3,59,1957,254,254,254
1,39,4,59,1958,203,203,203
1,39,5,59,1959,219,219,219
1,39,6,59,1960,255,255,255
1,39,7,59,1961,175,175,175
1,39,8,59,1962,251,251,251
1,39,9,59,1963,232,232,232
1,39,10,59,1964,204,204,204
1,39,11,59,1965,222,222,222
1,39,12,59,1966,253,253,253
1,39,13,59,1967,238,238,238
1,39,14,59,1968,252,252,252
1,39,15,59,1969,255,255,255
1,39,16,59,1970,255,255,255
1,39,17,59,1971,255,255,255
1,39,18,59,1972,255,255,255
1,39,19,59,1973,255,255,255
1,39,20,59,1974,255,255,255
1,39,21,59,1975,255,255,255
1,39,22,59,1976,255,255,255
1,39,23,59,1977,255,255,255
1,39,24,59,1978,255,255,255
1,39,25,59,1979,255,255,255
1,39,26,59,1980,255,255,255
1,39,27,59,1981,255,255,255
1,39,28,59,1982,255,255,255
1,39,29,59,1983,254,254,254
1,39,30,59,1984,255,255,255
1,39,31,59,1985,217,217,217
1,39,32,59,1986,211,211,211
1,39,33,59,1987,252,252,252
1,39,34,59,1988,255,255,255
1,39,35,59,1989,255,255,255
1,39,36,59,1990,255,255,255
1,39,37,59,1991,254,254,254
1,39,38,59,1992,221,221,221
1,39,39,59,1993,232,232,232
1,39,40,59,1994,248,248,248
1,39,41,59,1995,170,170,170
1,39,42,59,1996,186,186,186
1,39,43,59,1997,94,94,94
1,39,44,59,1998,175,175,175
1,39,45,59,1999,193,193,193
1,39,46,59,2000,245,245,245
1,39,47,59,2001,255,255,255
1,39,48,59,2002,255,255,255
1,39,49,59,2003,244,244,244
1,39,50,59,2004,222,222,222
1,39,51,59,2005,216,216,216
1,39,52,59,2006,218,218,218
1,39,53,59,2007,210,210,210
1,39,54,59,2008,243,243,243
1,39,55,59,2009,255,255,255
1,39,56,59,2010,255,255,255
1,39,57,59,2011,254,254,254
1,39,58,59,2012,243,243,243
1,39,59,59,2013,226,226,226
1,39,60,59,2014,250,250,250
1,39,61,59,2015,225,225,225
1,39,62,59,2016,237,237,237
1,39,63,59,2017,215,215,215
1,39,64,59,2018,178,178,178
1,39,65,59,2019,244,244,244
1,39,66,59,2020,156,156,156
1,39,67,59,2021,179,179,179
1,39,68,59,2022,132,132,132
1,40,0,60,1954,252,252,252
1,40,1,60,1955,163,163,163
1,40,2,60,1956,241,241,241
1,40,3,60,1957,252,252,252
1,40,4,60,1958,204,204,204
1,40,5,60,1959,212,212,212
1,40,6,60,1960,255,255,255
1,40,7,60,1961,154,154,154
1,40,8,60,1962,252,252,252
1,40,9,60,1963,232,232,232
1,40,10,60,1964,204,204,204
1,40,11,60,1965,219,219,219
1,40,12,60,1966,253,253,253
1,40,13,60,1967,238,238,238
1,40,14,60,1968,252,252,252
1,40,15,60,1969,255,255,255
1,40,16,60,1970,255,255,255
1,40,17,60,1971,255,255,255
1,40,18,60,1972,255,255,255
1,40,19,60,1973,255,255,255
1,40,20,60,1974,255,255,255
1,40,21,60,1975,255,255,255
1,40,22,60,1976,255,255,255
1,40,23,60,1977,255,255,255
1,40,24,60,1978,255,255,255
1,40,25,60,1979,255,255,255
1,40,26,60,1980,255,255,255
1,40,27,60,1981,255,255,255
1,40,28,60,1982,255,255,255
1,40,29,60,1983,245,245,245
1,40,30,60,1984,252,252,252
1,40,31,60,1985,204,204,204
1,40,32,60,1986,174,174,174
1,40,33,60,1987,252,252,252
1,40,34,60,1988,255,255,255
1,40,35,60,1989,255,255,255
1,40,36,60,1990,255,255,255
1,40,37,60,1991,252,252,252
1,40,38,60,1992,204,204,204
1,40,39,60,1993,220,220,220
1,40,40,60,1994,246,246,246
1,40,41,60,1995,148,148,148
1,40,42,60,1996,177,177,177
1,40,43,60,1997,38,38,38
1,40,44,60,1998,162,162,162
1,40,45,60,1999,171,171,171
1,40,46,60,2000,239,239,239
1,40,47,60,2001,255,255,255
1,40,48,60,2002,255,255,255
1,40,49,60,2003,237,237,237
1,40,50,60,2004,205,205,205
1,40,51,60,2005,208,208,208
1,40,52,60,2006,210,210,210
1,40,53,60,2007,189,189,189
1,40,54,60,2008,237,237,237
1,40,55,60,2009,255,255,255
1,40,56,60,2010,255,255,255
1,40,57,60,2011,254,254,254
1,40,58,60,2012,241,241,241
1,40,59,60,2013,216,216,216
1,40,60,60,2014,248,248,248
1,40,61,60,2015,215,215,215
1,40,62,60,2016,230,230,230
1,40,63,60,2017,204,204,204
1,40,64,60,2018,148,148,148
1,40,65,60,2019,246,246,246
1,40,66,60,2020,127,127,127
1,40,67,60,2021,151,151,151
1,40,68,60,2022,113,113,113
1,41,0,61,1954,252,252,252
1,41,1,61,1955,160,160,160
1,41,2,61,1956,239,239,239
1,41,3,61,1957,253,253,253
1,41,4,61,1958,189,189,189
1,41,5,61,1959,215,215,215
1,41,6,61,1960,255,255,255
1,41,7,61,1961,154,154,154
1,41,8,61,1962,251,251,251
1,41,9,61,1963,222,222,222
1,41,10,61,1964,193,193,193
1,41,11,61,1965,217,217,217
1,41,12,61,1966,252,252,252
1,41,13,61,1967,233,233,233
1,41,14,61,1968,252,252,252
1,41,15,61,1969,255,255,255
1,41,16,61,1970,255,255,255
1,41,17,61,1971,255,255,255
1,41,18,61,1972,255,255,255
1,41,19,61,1973,255,255,255
1,41,20,61,1974,255,255,255
1,41,21,61,1975,255,255,255
1,41,22,61,1976,255,255,255
1,41,23,61,1977,255,255,255
1,41,24,61,1978,255,255,255
1,41,25,61,1979,255,255,255
1,41,26,61,1980,255,255,255
1,41,27,61,1981,255,255,255
1,41,28,61,1982,255,255,255
1,41,29,61,1983,232,232,232
1,41,30,61,1984,253,253,253
1,41,31,61,1985,202,202,202
1,41,32,61,1986,195,195,195
1,41,33,61,1987,251,251,251
1,41,34,61,1988,255,255,255
1,41,35,61,1989,255,255,255
1,41,36,61,1990,255,255,255
1,41,37,61,1991,251,251,251
1,41,38,61,1992,209,209,209
1,41,39,61,1993,226,226,226
1,41,40,61,1994,250,250,250
1,41,41,61,1995,134,134,134
1,41,42,61,1996,168,168,168
1,41,43,61,1997,39,39,39
1,41,44,61,1998,167,167,167
1,41,45,61,1999,189,189,189
1,41,46,61,2000,244,244,244
1,41,47,61,2001,255,255,255
1,41,48,61,2002,255,255,255
1,41,49,61,2003,237,237,237
1,41,50,61,2004,208,208,208
1,41,51,61,2005,209,209,209
1,41,52,61,2006,220,220,220
1,41,53,61,2007,209,209,209
1,41,54,61,2008,240,240,240
1,41,55,61,2009,255,255,255
1,41,56,61,2010,255,255,255
1,41,57,61,2011,254,254,254
1,41,58,61,2012,241,241,241
1,41,59,61,2013,217,217,217
1,41,60,61,2014,249,249,249
1,41,61,61,2015,224,224,224
1,41,62,61,2016,231,231,231
1,41,63,61,2017,200,200,200
1,41,64,61,2018,151,151,151
1,41,65,61,2019,244,244,244
1,41,66,61,2020,154,154,154
1,41,67,61,2021,149,149,149
1,41,68,61,2022,116,116,116
1,42,0,62,1954,253,253,253
1,42,1,62,1955,160,160,160
1,42,2,62,1956,241,241,241
1,42,3,62,1957,253,253,253
1,42,4,62,1958,186,186,186
1,42,5,62,1959,214,214,214
1,42,6,62,1960,255,255,255
1,42,7,62,1961,156,156,156
1,42,8,62,1962,253,253,253
1,42,9,62,1963,221,221,221
1,42,10,62,1964,190,190,190
1,42,11,62,1965,218,218,218
1,42,12,62,1966,252,252,252
1,42,13,62,1967,233,233,233
1,42,14,62,1968,253,253,253
1,42,15,62,1969,255,255,255
1,42,16,62,1970,255,255,255
1,42,17,62,1971,255,255,255
1,42,18,62,1972,255,255,255
1,42,19,62,1973,255,255,255
1,42,20,62,1974,255,255,255
1,42,21,62,1975,255,255,255
1,42,22,62,1976,255,255,255
1,42,23,62,1977,255,255,255
1,42,24,62,1978,255,255,255
1,42,25,62,1979,255,255,255
1,42,26,62,1980,255,255,255
1,42,27,62,1981,255,255,255
1,42,28,62,1982,255,255,255
1,42,29,62,1983,228,228,228
1,42,30,62,1984,253,253,253
1,42,31,62,1985,203,203,203
1,42,32,62,1986,198,198,198
1,42,33,62,1987,252,252,252
1,42,34,62,1988,255,255,255
1,42,35,62,1989,255,255,255
1,42,36,62,1990,255,255,255
1,42,37,62,1991,252,252,252
1,42,38,62,1992,206,206,206
1,42,39,62,1993,222,222,222
1,42,40,62,1994,251,251,251
1,42,41,62,1995,164,164,164
1,42,42,62,1996,186,186,186
1,42,43,62,1997,54,54,54
1,42,44,62,1998,166,166,166
1,42,45,62,1999,197,197,197
1,42,46,62,2000,245,245,245
1,42,47,62,2001,255,255,255
1,42,48,62,2002,255,255,255
1,42,49,62,2003,230,230,230
1,42,50,62,2004,199,199,199
1,42,51,62,2005,199,199,199
1,42,52,62,2006,214,214,214
1,42,53,62,2007,198,198,198
1,42,54,62,2008,240,240,240
1,42,55,62,2009,255,255,255
1,42,56,62,2010,255,255,255
1,42,57,62,2011,253,253,253
1,42,58,62,2012,236,236,236
1,42,59,62,2013,210,210,210
1,42,60,62,2014,249,249,249
1,42,61,62,2015,218,218,218
1,42,62,62,2016,232,232,232
1,42,63,62,2017,212,212,212
1,42,64,62,2018,176,176,176
1,42,65,62,2019,242,242,242
1,42,66,62,2020,140,140,140
1,42,67,62,2021,157,157,157
1,42,68,62,2022,120,120,120
1,43,0,63,1954,252,252,252
1,43,1,63,1955,156,156,156
1,43,2,63,1956,238,238,238
1,43,3,63,1957,254,254,254
1,43,4,63,1958,189,189,189
1,43,5,63,1959,215,215,215
1,43,6,63,1960,255,255,255
1,43,7,63,1961,152,152,152
1,43,8,63,1962,251,251,251
1,43,9,63,1963,221,221,221
1,43,10,63,1964,189,189,189
1,43,11,63,1965,216,216,216
1,43,12,63,1966,251,251,251
1,43,13,63,1967,231,231,231
1,43,14,63,1968,253,253,253
1,43,15,63,1969,255,255,255
1,43,16,63,1970,255,255,255
1,43,17,63,1971,255,255,255
1,43,18,63,1972,255,255,255
1,43,19,63,1973,255,255,255
1,43,20,63,1974,255,255,255
1,43,21,63,1975,255,255,255
1,43,22,63,1976,255,255,255
1,43,23,63,1977,255,255,255
1,43,24,63,1978,255,255,255
1,43,25,63,1979,255,255,255
1,43,26,63,1980,255,255,255
1,43,27,63,1981,255,255,255
1,43,28,63,1982,255,255,255
1,43,29,63,1983,229,229,229
1,43,30,63,1984,253,253,253
1,43,31,63,1985,189,189,189
1,43,32,63,1986,195,195,195
1,43,33,63,1987,251,251,251
1,43,34,63,1988,255,255,255
1,43,35,63,1989,255,255,255
1,43,36,63,1990,255,255,255
1,43,37,63,1991,252,252,252
1,43,38,63,1992,211,211,211
1,43,39,63,1993,229,229,229
1,43,40,63,1994,249,249,249
1,43,41,63,1995,159,159,159
1,43,42,63,1996,175,175,175
1,43,43,63,1997,91,91,91
1,43,44,63,1998,192,192,192
1,43,45,63,1999,206,206,206
1,43,46,63,2000,245,245,245
1,43,47,63,2001,255,255,255
1,43,48,63,2002,255,255,255
1,43,49,63,2003,239,239,239
1,43,50,63,2004,222,222,222
1,43,51,63,2005,219,219,219
1,43,52,63,2006,228,228,228
1,43,53,63,2007,220,220,220
1,43,54,63,2008,243,243,243
1,43,55,63,2009,255,255,255
1,43,56,63,2010,255,255,255
1,43,57,63,2011,254,254,254
1,43,58,63,2012,239,239,239
1,43,59,63,2013,221,221,221
1,43,60,63,2014,251,251,251
1,43,61,63,2015,225,225,225
1,43,62,63,2016,237,237,237
1,43,63,63,2017,209,209,209
1,43,64,63,2018,177,177,177
1,43,65,63,2019,241,241,241
1,43,66,63,2020,152,152,152
1,43,67,63,2021,193,193,193
1,43,68,63,2022,146,146,146
1,44,0,64,1954,252,252,252
1,44,1,64,1955,176,176,176
1,44,2,64,1956,242,242,242
1,44,3,64,1957,253,253,253
1,44,4,64,1958,203,203,203
1,44,5,64,1959,216,216,216
1,44,6,64,1960,255,255,255
1,44,7,64,1961,169,169,169
1,44,8,64,1962,248,248,248
1,44,9,64,1963,221,221,221
1,44,10,64,1964,193,193,193
1,44,11,64,1965,219,219,219
1,44,12,64,1966,252,252,252
1,44,13,64,1967,230,230,230
1,44,14,64,1968,253,253,253
1,44,15,64,1969,255,255,255
1,44,16,64,1970,255,255,255
1,44,17,64,1971,255,255,255
1,44,18,64,1972,255,255,255
1,44,19,64,1973,255,255,255
1,44,20,64,1974,255,255,255
1,44,21,64,1975,255,255,255
1,44,22,64,1976,255,255,255
1,44,23,64,1977,255,255,255
1,44,24,64,1978,255,255,255
1,44,25,64,1979,255,255,255
1,44,26,64,1980,255,255,255
1,44,27,64,1981,255,255,255
1,44,28,64,1982,255,255,255
1,44,29,64,1983,219,219,219
1,44,30,64,1984,253,253,253
1,44,31,64,1985,199,199,199
1,44,32,64,1986,217,217,217
1,44,33,64,1987,250,250,250
1,44,34,64,1988,255,255,255
1,44,35,64,1989,255,255,255
1,44,36,64,1990,255,255,255
1,44,37,64,1991,251,251,251
1,44,38,64,1992,201,201,201
1,44,39,64,1993,237,237,237
1,44,40,64,1994,253,253,253
1,44,41,64,1995,188,188,188
1,44,42,64,1996,190,190,190
1,44,43,64,1997,143,143,143
1,44,44,64,1998,205,205,205
1,44,45,64,1999,207,207,207
1,44,46,64,2000,244,244,244
1,44,47,64,2001,255,255,255
1,44,48,64,2002,255,255,255
1,44,49,64,2003,246,246,246
1,44,50,64,2004,230,230,230
1,44,51,64,2005,225,225,225
1,44,52,64,2006,229,229,229
1,44,53,64,2007,223,223,223
1,44,54,64,2008,247,247,247
1,44,55,64,2009,255,255,255
1,44,56,64,2010,255,255,255
1,44,57,64,2011,252,252,252
1,44,58,64,2012,243,243,243
1,44,59,64,2013,229,229,229
1,44,60,64,2014,248,248,248
1,44,61,64,2015,233,233,233
1,44,62,64,2016,240,240,240
1,44,63,64,2017,215,215,215
1,44,64,64,2018,179,179,179
1,44,65,64,2019,247,247,247
1,44,66,64,2020,176,176,176
1,44,67,64,2021,199,199,199
1,44,68,64,2022,129,129,129
1,45,0,65,1954,252,252,252
1,45,1,65,1955,159,159,159
1,45,2,65,1956,236,236,236
1,45,3,65,1957,253,253,253
1,45,4,65,1958,203,203,203
1,45,5,65,1959,204,204,204
1,45,6,65,1960,255,255,255
1,45,7,65,1961,169,169,169
1,45,8,65,1962,251,251,251
1,45,9,65,1963,229,229,229
1,45,10,65,1964,202,202,202
1,45,11,65,1965,213,213,213
1,45,12,65,1966,251,251,251
1,45,13,65,1967,237,237,237
1,45,14,65,1968,252,252,252
1,45,15,65,1969,255,255,255
1,45,16,65,1970,255,255,255
1,45,17,65,1971,255,255,255
1,45,18,65,1972,255,255,255
1,45,19,65,1973,255,255,255
1,45,20,65,1974,255,255,255
1,45,21,65,1975,255,255,255
1,45,22,65,1976,255,255,255
1,45,23,65,1977,255,255,255
1,45,24,65,1978,255,255,255
1,45,25,65,1979,255,255,255
1,45,26,65,1980,255,255,255
1,45,27,65,1981,255,255,255
1,45,28,65,1982,255,255,255
1,45,29,65,1983,223,223,223
1,45,30,65,1984,253,253,253
1,45,31,65,1985,180,180,180
1,45,32,65,1986,169,169,169
1,45,33,65,1987,251,251,251
1,45,34,65,1988,255,255,255
1,45,35,65,1989,255,255,255
1,45,36,65,1990,255,255,255
1,45,37,65,1991,249,249,249
1,45,38,65,1992,193,193,193
1,45,39,65,1993,224,224,224
1,45,40,65,1994,252,252,252
1,45,41,65,1995,129,129,129
1,45,42,65,1996,146,146,146
1,45,43,65,1997,29,29,29
1,45,44,65,1998,162,162,162
1,45,45,65,1999,183,183,183
1,45,46,65,2000,244,244,244
1,45,47,65,2001,255,255,255
1,45,48,65,2002,255,255,255
1,45,49,65,2003,232,232,232
1,45,50,65,2004,203,203,203
1,45,51,65,2005,204,204,204
1,45,52,65,2006,207,207,207
1,45,53,65,2007,192,192,192
1,45,54,65,2008,237,237,237
1,45,55,65,2009,255,255,255
1,45,56,65,2010,255,255,255
1,45,57,65,2011,253,253,253
1,45,58,65,2012,236,236,236
1,45,59,65,2013,204,204,204
1,45,60,65,2014,247,247,247
1,45,61,65,2015,221,221,221
1,45,62,65,2016,223,223,223
1,45,63,65,2017,186,186,186
1,45,64,65,2018,147,147,147
1,45,65,65,2019,243,243,243
1,45,66,65,2020,123,123,123
1,45,67,65,2021,141,141,141
1,45,68,65,2022,109,109,109
1,46,0,66,1954,252,252,252
1,46,1,66,1955,176,176,176
1,46,2,66,1956,236,236,236
1,46,3,66,1957,253,253,253
1,46,4,66,1958,186,186,186
1,46,5,66,1959,201,201,201
1,46,6,66,1960,255,255,255
1,46,7,66,1961,150,150,150
1,46,8,66,1962,252,252,252
1,46,9,66,1963,222,222,222
1,46,10,66,1964,187,187,187
1,46,11,66,1965,216,216,216
1,46,12,66,1966,252,252,252
1,46,13,66,1967,229,229,229
1,46,14,66,1968,253,253,253
1,46,15,66,1969,255,255,255
1,46,16,66,1970,255,255,255
1,46,17,66,1971,255,255,255
1,46,18,66,1972,255,255,255
1,46,19,66,1973,255,255,255
1,46,20,66,1974,255,255,255
1,46,21,66,1975,255,255,255
1,46,22,66,1976,255,255,255
1,46,23,66,1977,255,255,255
1,46,24,66,1978,255,255,255
1,46,25,66,1979,255,255,255
1,46,26,66,1980,255,255,255
1,46,27,66,1981,255,255,255
1,46,28,66,1982,255,255,255
1,46,29,66,1983,209,209,209
1,46,30,66,1984,251,251,251
1,46,31,66,1985,196,196,196
1,46,32,66,1986,193,193,193
1,46,33,66,1987,251,251,251
1,46,34,66,1988,255,255,255
1,46,35,66,1989,255,255,255
1,46,36,66,1990,255,255,255
1,46,37,66,1991,249,249,249
1,46,38,66,1992,195,195,195
1,46,39,66,1993,227,227,227
1,46,40,66,1994,251,251,251
1,46,41,66,1995,155,155,155
1,46,42,66,1996,176,176,176
1,46,43,66,1997,52,52,52
1,46,44,66,1998,165,165,165
1,46,45,66,1999,185,185,185
1,46,46,66,2000,243,243,243
1,46,47,66,2001,255,255,255
1,46,48,66,2002,255,255,255
1,46,49,66,2003,229,229,229
1,46,50,66,2004,196,196,196
1,46,51,66,2005,200,200,200
1,46,52,66,2006,209,209,209
1,46,53,66,2007,198,198,198
1,46,54,66,2008,240,240,240
1,46,55,66,2009,255,255,255
1,46,56,66,2010,255,255,255
1,46,57,66,2011,253,253,253
1,46,58,66,2012,239,239,239
1,46,59,66,2013,216,216,216
1,46,60,66,2014,246,246,246
1,46,61,66,2015,216,216,216
1,46,62,66,2016,226,226,226
1,46,63,66,2017,205,205,205
1,46,64,66,2018,161,161,161
1,46,65,66,2019,241,241,241
1,46,66,66,2020,142,142,142
1,46,67,66,2021,156,156,156
1,46,68,66,2022,121,121,121
1,47,0,67,1954,251,251,251
1,47,1,67,1955,153,153,153
1,47,2,67,1956,239,239,239
1,47,3,67,1957,253,253,253
1,47,4,67,1958,187,187,187
1,47,5,67,1959,214,214,214
1,47,6,67,1960,255,255,255
1,47,7,67,1961,169,169,169
1,47,8,67,1962,252,252,252
1,47,9,67,1963,230,230,230
1,47,10,67,1964,201,201,201
1,47,11,67,1965,216,216,216
1,47,12,67,1966,252,252,252
1,47,13,67,1967,232,232,232
1,47,14,67,1968,251,251,251
1,47,15,67,1969,255,255,255
1,47,16,67,1970,255,255,255
1,47,17,67,1971,255,255,255
1,47,18,67,1972,255,255,255
1,47,19,67,1973,255,255,255
1,47,20,67,1974,255,255,255
1,47,21,67,1975,255,255,255
1,47,22,67,1976,255,255,255
1,47,23,67,1977,255,255,255
1,47,24,67,1978,255,255,255
1,47,25,67,1979,255,255,255
1,47,26,67,1980,255,255,255
1,47,27,67,1981,253,253,253
1,47,28,67,1982,255,255,255
1,47,29,67,1983,203,203,203
1,47,30,67,1984,253,253,253
1,47,31,67,1985,196,196,196
1,47,32,67,1986,211,211,211
1,47,33,67,1987,251,251,251
1,47,34,67,1988,255,255,255
1,47,35,67,1989,255,255,255
1,47,36,67,1990,255,255,255
1,47,37,67,1991,245,245,245
1,47,38,67,1992,207,207,207
1,47,39,67,1993,229,229,229
1,47,40,67,1994,251,251,251
1,47,41,67,1995,171,171,171
1,47,42,67,1996,192,192,192
1,47,43,67,1997,104,104,104
1,47,44,67,1998,188,188,188
1,47,45,67,1999,206,206,206
1,47,46,67,2000,240,240,240
1,47,47,67,2001,255,255,255
1,47,48,67,2002,255,255,255
1,47,49,67,2003,238,238,238
1,47,50,67,2004,209,209,209
1,47,51,67,2005,210,210,210
1,47,52,67,2006,225,225,225
1,47,53,67,2007,215,215,215
1,47,54,67,2008,242,242,242
1,47,55,67,2009,255,255,255
1,47,56,67,2010,255,255,255
1,47,57,67,2011,253,253,253
1,47,58,67,2012,244,244,244
1,47,59,67,2013,230,230,230
1,47,60,67,2014,246,246,246
1,47,61,67,2015,225,225,225
1,47,62,67,2016,232,232,232
1,47,63,67,2017,209,209,209
1,47,64,67,2018,173,173,173
1,47,65,67,2019,239,239,239
1,47,66,67,2020,151,151,151
1,47,67,67,2021,192,192,192
1,47,68,67,2022,144,144,144
1,48,0,68,1954,252,252,252
1,48,1,68,1955,166,166,166
1,48,2,68,1956,233,233,233
1,48,3,68,1957,254,254,254
1,48,4,68,1958,181,181,181
1,48,5,68,1959,197,197,197
1,48,6,68,1960,255,255,255
1,48,7,68,1961,141,141,141
1,48,8,68,1962,252,252,252
1,48,9,68,1963,224,224,224
1,48,10,68,1964,199,199,199
1,48,11,68,1965,213,213,213
1,48,12,68,1966,254,254,254
1,48,13,68,1967,233,233,233
1,48,14,68,1968,252,252,252
1,48,15,68,1969,255,255,255
1,48,16,68,1970,255,255,255
1,48,17,68,1971,255,255,255
1,48,18,68,1972,255,255,255
1,48,19,68,1973,255,255,255
1,48,20,68,1974,255,255,255
1,48,21,68,1975,255,255,255
1,48,22,68,1976,255,255,255
1,48,23,68,1977,255,255,255
1,48,24,68,1978,255,255,255
1,48,25,68,1979,255,255,255
1,48,26,68,1980,255,255,255
1,48,27,68,1981,253,253,253
1,48,28,68,1982,255,255,255
1,48,29,68,1983,196,196,196
1,48,30,68,1984,254,254,254
1,48,31,68,1985,173,173,173
1,48,32,68,1986,198,198,198
1,48,33,68,1987,251,251,251
1,48,34,68,1988,255,255,255
1,48,35,68,1989,255,255,255
1,48,36,68,1990,255,255,255
1,48,37,68,1991,244,244,244
1,48,38,68,1992,191,191,191
1,48,39,68,1993,234,234,234
1,48,40,68,1994,251,251,251
1,48,41,68,1995,185,185,185
1,48,42,68,1996,174,174,174
1,48,43,68,1997,146,146,146
1,48,44,68,1998,198,198,198
1,48,45,68,1999,200,200,200
1,48,46,68,2000,246,246,246
1,48,47,68,2001,255,255,255
1,48,48,68,2002,255,255,255
1,48,49,68,2003,241,241,241
1,48,50,68,2004,228,228,228
1,48,51,68,2005,226,226,226
1,48,52,68,2006,224,224,224
1,48,53,68,2007,215,215,215
1,48,54,68,2008,245,245,245
1,48,55,68,2009,255,255,255
1,48,56,68,2010,255,255,255
1,48,57,68,2011,253,253,253
1,48,58,68,2012,242,242,242
1,48,59,68,2013,223,223,223
1,48,60,68,2014,248,248,248
1,48,61,68,2015,229,229,229
1,48,62,68,2016,236,236,236
1,48,63,68,2017,218,218,218
1,48,64,68,2018,185,185,185
1,48,65,68,2019,245,245,245
1,48,66,68,2020,145,145,145
1,48,67,68,2021,198,198,198
1,48,68,68,2022,137,137,137
1,49,0,69,1954,251,251,251
1,49,1,69,1955,155,155,155
1,49,2,69,1956,232,232,232
1,49,3,69,1957,253,253,253
1,49,4,69,1958,198,198,198
1,49,5,69,1959,199,199,199
1,49,6,69,1960,254,254,254
1,49,7,69,1961,140,140,140
1,49,8,69,1962,253,253,253
1,49,9,69,1963,218,218,218
1,49,10,69,1964,187,187,187
1,49,11,69,1965,214,214,214
1,49,12,69,1966,252,252,252
1,49,13,69,1967,227,227,227
1,49,14,69,1968,252,252,252
1,49,15,69,1969,255,255,255
1,49,16,69,1970,255,255,255
1,49,17,69,1971,255,255,255
1,49,18,69,1972,255,255,255
1,49,19,69,1973,255,255,255
1,49,20,69,1974,255,255,255
1,49,21,69,1975,255,255,255
1,49,22,69,1976,255,255,255
1,49,23,69,1977,255,255,255
1,49,24,69,1978,255,255,255
1,49,25,69,1979,255,255,255
1,49,26,69,1980,255,255,255
1,49,27,69,1981,255,255,255
1,49,28,69,1982,254,254,254
1,49,29,69,1983,205,205,205
1,49,30,69,1984,252,252,252
1,49,31,69,1985,178,178,178
1,49,32,69,1986,184,184,184
1,49,33,69,1987,253,253,253
1,49,34,69,1988,255,255,255
1,49,35,69,1989,255,255,255
1,49,36,69,1990,255,255,255
1,49,37,69,1991,242,242,242
1,49,38,69,1992,204,204,204
1,49,39,69,1993,213,213,213
1,49,40,69,1994,250,250,250
1,49,41,69,1995,111,111,111
1,49,42,69,1996,145,145,145
1,49,43,69,1997,20,20,20
1,49,44,69,1998,149,149,149
1,49,45,69,1999,178,178,178
1,49,46,69,2000,242,242,242
1,49,47,69,2001,255,255,255
1,49,48,69,2002,255,255,255
1,49,49,69,2003,223,223,223
1,49,50,69,2004,187,187,187
1,49,51,69,2005,189,189,189
1,49,52,69,2006,204,204,204
1,49,53,69,2007,187,187,187
1,49,54,69,2008,237,237,237
1,49,55,69,2009,255,255,255
1,49,56,69,2010,255,255,255
1,49,57,69,2011,254,254,254
1,49,58,69,2012,234,234,234
1,49,59,69,2013,201,201,201
1,49,60,69,2014,247,247,247
1,49,61,69,2015,218,218,218
1,49,62,69,2016,220,220,220
1,49,63,69,2017,189,189,189
1,49,64,69,2018,142,142,142
1,49,65,69,2019,241,241,241
1,49,66,69,2020,145,145,145
1,49,67,69,2021,141,141,141
1,49,68,69,2022,128,128,128
1,50,0,70,1954,251,251,251
1,50,1,70,1955,176,176,176
1,50,2,70,1956,238,238,238
1,50,3,70,1957,254,254,254
1,50,4,70,1958,187,187,187
1,50,5,70,1959,199,199,199
1,50,6,70,1960,254,254,254
1,50,7,70,1961,173,173,173
1,50,8,70,1962,253,253,253
1,50,9,70,1963,227,227,227
1,50,10,70,1964,201,201,201
1,50,11,70,1965,215,215,215
1,50,12,70,1966,252,252,252
1,50,13,70,1967,235,235,235
1,50,14,70,1968,253,253,253
1,50,15,70,1969,255,255,255
1,50,16,70,1970,255,255,255
1,50,17,70,1971,255,255,255
1,50,18,70,1972,255,255,255
1,50,19,70,1973,255,255,255
1,50,20,70,1974,255,255,255
1,50,21,70,1975,255,255,255
1,50,22,70,1976,255,255,255
1,50,23,70,1977,255,255,255
1,50,24,70,1978,255,255,255
1,50,25,70,1979,255,255,255
1,50,26,70,1980,255,255,255
1,50,27,70,1981,255,255,255
1,50,28,70,1982,240,240,240
1,50,29,70,1983,194,194,194
1,50,30,70,1984,252,252,252
1,50,31,70,1985,177,177,177
1,50,32,70,1986,178,178,178
1,50,33,70,1987,250,250,250
1,50,34,70,1988,255,255,255
1,50,35,70,1989,255,255,255
1,50,36,70,1990,255,255,255
1,50,37,70,1991,236,236,236
1,50,38,70,1992,198,198,198
1,50,39,70,1993,220,220,220
1,50,40,70,1994,248,248,248
1,50,41,70,1995,136,136,136
1,50,42,70,1996,180,180,180
1,50,43,70,1997,61,61,61
1,50,44,70,1998,171,171,171
1,50,45,70,1999,192,192,192
1,50,46,70,2000,242,242,242
1,50,47,70,2001,255,255,255
1,50,48,70,2002,255,255,255
1,50,49,70,2003,232,232,232
1,50,50,70,2004,197,197,197
1,50,51,70,2005,197,197,197
1,50,52,70,2006,213,213,213
1,50,53,70,2007,195,195,195
1,50,54,70,2008,235,235,235
1,50,55,70,2009,255,255,255
1,50,56,70,2010,255,255,255
1,50,57,70,2011,254,254,254
1,50,58,70,2012,236,236,236
1,50,59,70,2013,209,209,209
1,50,60,70,2014,245,245,245
1,50,61,70,2015,216,216,216
1,50,62,70,2016,232,232,232
1,50,63,70,2017,202,202,202
1,50,64,70,2018,166,166,166
1,50,65,70,2019,243,243,243
1,50,66,70,2020,146,146,146
1,50,67,70,2021,171,171,171
1,50,68,70,2022,142,142,142
1,51,0,71,1954,250,250,250
1,51,1,71,1955,150,150,150
1,51,2,71,1956,236,236,236
1,51,3,71,1957,253,253,253
1,51,4,71,1958,174,174,174
1,51,5,71,1959,198,198,198
1,51,6,71,1960,254,254,254
1,51,7,71,1961,141,141,141
1,51,8,71,1962,247,247,247
1,51,9,71,1963,215,215,215
1,51,10,71,1964,180,180,180
1,51,11,71,1965,212,212,212
1,51,12,71,1966,250,250,250
1,51,13,71,1967,225,225,225
1,51,14,71,1968,251,251,251
1,51,15,71,1969,255,255,255
1,51,16,71,1970,255,255,255
1,51,17,71,1971,255,255,255
1,51,18,71,1972,255,255,255
1,51,19,71,1973,255,255,255
1,51,20,71,1974,255,255,255
1,51,21,71,1975,255,255,255
1,51,22,71,1976,255,255,255
1,51,23,71,1977,255,255,255
1,51,24,71,1978,255,255,255
1,51,25,71,1979,255,255,255
1,51,26,71,1980,255,255,255
1,51,27,71,1981,254,254,254
1,51,28,71,1982,235,235,235
1,51,29,71,1983,192,192,192
1,51,30,71,1984,252,252,252
1,51,31,71,1985,179,179,179
1,51,32,71,1986,208,208,208
1,51,33,71,1987,250,250,250
1,51,34,71,1988,255,255,255
1,51,35,71,1989,255,255,255
1,51,36,71,1990,255,255,255
1,51,37,71,1991,240,240,240
1,51,38,71,1992,208,208,208
1,51,39,71,1993,229,229,229
1,51,40,71,1994,247,247,247
1,51,41,71,1995,165,165,165
1,51,42,71,1996,174,174,174
1,51,43,71,1997,101,101,101
1,51,44,71,1998,195,195,195
1,51,45,71,1999,201,201,201
1,51,46,71,2000,246,246,246
1,51,47,71,2001,255,255,255
1,51,48,71,2002,255,255,255
1,51,49,71,2003,237,237,237
1,51,50,71,2004,209,209,209
1,51,51,71,2005,207,207,207
1,51,52,71,2006,217,217,217
1,51,53,71,2007,210,210,210
1,51,54,71,2008,238,238,238
1,51,55,71,2009,255,255,255
1,51,56,71,2010,255,255,255
1,51,57,71,2011,255,255,255
1,51,58,71,2012,240,240,240
1,51,59,71,2013,218,218,218
1,51,60,71,2014,249,249,249
1,51,61,71,2015,228,228,228
1,51,62,71,2016,237,237,237
1,51,63,71,2017,207,207,207
1,51,64,71,2018,172,172,172
1,51,65,71,2019,243,243,243
1,51,66,71,2020,145,145,145
1,51,67,71,2021,194,194,194
1,51,68,71,2022,138,138,138
1,52,0,72,1954,251,251,251
1,52,1,72,1955,148,148,148
1,52,2,72,1956,234,234,234
1,52,3,72,1957,253,253,253
1,52,4,72,1958,195,195,195
1,52,5,72,1959,212,212,212
1,52,6,72,1960,254,254,254
1,52,7,72,1961,142,142,142
1,52,8,72,1962,253,253,253
1,52,9,72,1963,227,227,227
1,52,10,72,1964,199,199,199
1,52,11,72,1965,216,216,216
1,52,12,72,1966,252,252,252
1,52,13,72,1967,226,226,226
1,52,14,72,1968,253,253,253
1,52,15,72,1969,255,255,255
1,52,16,72,1970,255,255,255
1,52,17,72,1971,255,255,255
1,52,18,72,1972,255,255,255
1,52,19,72,1973,255,255,255
1,52,20,72,1974,255,255,255
1,52,21,72,1975,255,255,255
1,52,22,72,1976,255,255,255
1,52,23,72,1977,255,255,255
1,52,24,72,1978,255,255,255
1,52,25,72,1979,255,255,255
1,52,26,72,1980,255,255,255
1,52,27,72,1981,251,251,251
1,52,28,72,1982,240,240,240
1,52,29,72,1983,204,204,204
1,52,30,72,1984,251,251,251
1,52,31,72,1985,194,194,194
1,52,32,72,1986,213,213,213
1,52,33,72,1987,251,251,251
1,52,34,72,1988,255,255,255
1,52,35,72,1989,255,255,255
1,52,36,72,1990,255,255,255
1,52,37,72,1991,237,237,237
1,52,38,72,1992,197,197,197
1,52,39,72,1993,234,234,234
1,52,40,72,1994,247,247,247
1,52,41,72,1995,184,184,184
1,52,42,72,1996,171,171,171
1,52,43,72,1997,146,146,146
1,52,44,72,1998,198,198,198
1,52,45,72,1999,199,199,199
1,52,46,72,2000,251,251,251
1,52,47,72,2001,255,255,255
1,52,48,72,2002,255,255,255
1,52,49,72,2003,244,244,244
1,52,50,72,2004,218,218,218
1,52,51,72,2005,222,222,222
1,52,52,72,2006,224,224,224
1,52,53,72,2007,219,219,219
1,52,54,72,2008,245,245,245
1,52,55,72,2009,255,255,255
1,52,56,72,2010,255,255,255
1,52,57,72,2011,255,255,255
1,52,58,72,2012,240,240,240
1,52,59,72,2013,229,229,229
1,52,60,72,2014,248,248,248
1,52,61,72,2015,227,227,227
1,52,62,72,2016,239,239,239
1,52,63,72,2017,207,207,207
1,52,64,72,2018,172,172,172
1,52,65,72,2019,244,244,244
1,52,66,72,2020,146,146,146
1,52,67,72,2021,197,197,197
1,52,68,72,2022,121,121,121
1,53,0,73,1954,250,250,250
1,53,1,73,1955,161,161,161
1,53,2,73,1956,235,235,235
1,53,3,73,1957,253,253,253
1,53,4,73,1958,199,199,199
1,53,5,73,1959,213,213,213
1,53,6,73,1960,253,253,253
1,53,7,73,1961,171,171,171
1,53,8,73,1962,253,253,253
1,53,9,73,1963,218,218,218
1,53,10,73,1964,192,192,192
1,53,11,73,1965,217,217,217
1,53,12,73,1966,251,251,251
1,53,13,73,1967,229,229,229
1,53,14,73,1968,253,253,253
1,53,15,73,1969,255,255,255
1,53,16,73,1970,255,255,255
1,53,17,73,1971,255,255,255
1,53,18,73,1972,255,255,255
1,53,19,73,1973,255,255,255
1,53,20,73,1974,255,255,255
1,53,21,73,1975,255,255,255
1,53,22,73,1976,255,255,255
1,53,23,73,1977,255,255,255
1,53,24,73,1978,255,255,255
1,53,25,73,1979,255,255,255
1,53,26,73,1980,255,255,255
1,53,27,73,1981,250,250,250
1,53,28,73,1982,238,238,238
1,53,29,73,1983,195,195,195
1,53,30,73,1984,251,251,251
1,53,31,73,1985,194,194,194
1,53,32,73,1986,211,211,211
1,53,33,73,1987,250,250,250
1,53,34,73,1988,255,255,255
1,53,35,73,1989,255,255,255
1,53,36,73,1990,255,255,255
1,53,37,73,1991,238,238,238
1,53,38,73,1992,199,199,199
1,53,39,73,1993,226,226,226
1,53,40,73,1994,243,243,243
1,53,41,73,1995,186,186,186
1,53,42,73,1996,177,177,177
1,53,43,73,1997,156,156,156
1,53,44,73,1998,197,197,197
1,53,45,73,1999,203,203,203
1,53,46,73,2000,250,250,250
1,53,47,73,2001,255,255,255
1,53,48,73,2002,255,255,255
1,53,49,73,2003,243,243,243
1,53,50,73,2004,220,220,220
1,53,51,73,2005,222,222,222
1,53,52,73,2006,223,223,223
1,53,53,73,2007,221,221,221
1,53,54,73,2008,246,246,246
1,53,55,73,2009,255,255,255
1,53,56,73,2010,255,255,255
1,53,57,73,2011,254,254,254
1,53,58,73,2012,242,242,242
1,53,59,73,2013,233,233,233
1,53,60,73,2014,249,249,249
1,53,61,73,2015,227,227,227
1,53,62,73,2016,239,239,239
1,53,63,73,2017,210,210,210
1,53,64,73,2018,178,178,178
1,53,65,73,2019,246,246,246
1,53,66,73,2020,157,157,157
1,53,67,73,2021,202,202,202
1,53,68,73,2022,130,130,130
1,54,0,74,1954,249,249,249
1,54,1,74,1955,152,152,152
1,54,2,74,1956,236,236,236
1,54,3,74,1957,254,254,254
1,54,4,74,1958,180,180,180
1,54,5,74,1959,211,211,211
1,54,6,74,1960,255,255,255
1,54,7,74,1961,166,166,166
1,54,8,74,1962,252,252,252
1,54,9,74,1963,213,213,213
1,54,10,74,1964,185,185,185
1,54,11,74,1965,214,214,214
1,54,12,74,1966,252,252,252
1,54,13,74,1967,224,224,224
1,54,14,74,1968,253,253,253
1,54,15,74,1969,255,255,255
1,54,16,74,1970,255,255,255
1,54,17,74,1971,255,255,255
1,54,18,74,1972,255,255,255
1,54,19,74,1973,255,255,255
1,54,20,74,1974,255,255,255
1,54,21,74,1975,255,255,255
1,54,22,74,1976,255,255,255
1,54,23,74,1977,255,255,255
1,54,24,74,1978,255,255,255
1,54,25,74,1979,255,255,255
1,54,26,74,1980,255,255,255
1,54,27,74,1981,245,245,245
1,54,28,74,1982,235,235,235
1,54,29,74,1983,191,191,191
1,54,30,74,1984,249,249,249
1,54,31,74,1985,190,190,190
1,54,32,74,1986,183,183,183
1,54,33,74,1987,250,250,250
1,54,34,74,1988,255,255,255
1,54,35,74,1989,255,255,255
1,54,36,74,1990,255,255,255
1,54,37,74,1991,233,233,233
1,54,38,74,1992,195,195,195
1,54,39,74,1993,216,216,216
1,54,40,74,1994,247,247,247
1,54,41,74,1995,163,163,163
1,54,42,74,1996,168,168,168
1,54,43,74,1997,76,76,76
1,54,44,74,1998,175,175,175
1,54,45,74,1999,193,193,193
1,54,46,74,2000,241,241,241
1,54,47,74,2001,255,255,255
1,54,48,74,2002,255,255,255
1,54,49,74,2003,231,231,231
1,54,50,74,2004,198,198,198
1,54,51,74,2005,199,199,199
1,54,52,74,2006,212,212,212
1,54,53,74,2007,201,201,201
1,54,54,74,2008,240,240,240
1,54,55,74,2009,255,255,255
1,54,56,74,2010,253,253,253
1,54,57,74,2011,253,253,253
1,54,58,74,2012,236,236,236
1,54,59,74,2013,203,203,203
1,54,60,74,2014,247,247,247
1,54,61,74,2015,216,216,216
1,54,62,74,2016,230,230,230
1,54,63,74,2017,205,205,205
1,54,64,74,2018,167,167,167
1,54,65,74,2019,244,244,244
1,54,66,74,2020,169,169,169
1,54,67,74,2021,161,161,161
1,54,68,74,2022,123,123,123
1,55,0,75,1954,249,249,249
1,55,1,75,1955,147,147,147
1,55,2,75,1956,234,234,234
1,55,3,75,1957,254,254,254
1,55,4,75,1958,190,190,190
1,55,5,75,1959,199,199,199
1,55,6,75,1960,255,255,255
1,55,7,75,1961,142,142,142
1,55,8,75,1962,252,252,252
1,55,9,75,1963,214,214,214
1,55,10,75,1964,181,181,181
1,55,11,75,1965,217,217,217
1,55,12,75,1966,252,252,252
1,55,13,75,1967,226,226,226
1,55,14,75,1968,254,254,254
1,55,15,75,1969,255,255,255
1,55,16,75,1970,255,255,255
1,55,17,75,1971,255,255,255
1,55,18,75,1972,255,255,255
1,55,19,75,1973,255,255,255
1,55,20,75,1974,255,255,255
1,55,21,75,1975,255,255,255
1,55,22,75,1976,255,255,255
1,55,23,75,1977,255,255,255
1,55,24,75,1978,255,255,255
1,55,25,75,1979,255,255,255
1,55,26,75,1980,255,255,255
1,55,27,75,1981,238,238,238
1,55,28,75,1982,241,241,241
1,55,29,75,1983,207,207,207
1,55,30,75,1984,251,251,251
1,55,31,75,1985,190,190,190
1,55,32,75,1986,193,193,193
1,55,33,75,1987,248,248,248
1,55,34,75,1988,255,255,255
1,55,35,75,1989,255,255,255
1,55,36,75,1990,255,255,255
1,55,37,75,1991,235,235,235
1,55,38,75,1992,196,196,196
1,55,39,75,1993,228,228,228
1,55,40,75,1994,247,247,247
1,55,41,75,1995,185,185,185
1,55,42,75,1996,167,167,167
1,55,43,75,1997,108,108,108
1,55,44,75,1998,191,191,191
1,55,45,75,1999,198,198,198
1,55,46,75,2000,247,247,247
1,55,47,75,2001,255,255,255
1,55,48,75,2002,255,255,255
1,55,49,75,2003,234,234,234
1,55,50,75,2004,212,212,212
1,55,51,75,2005,211,211,211
1,55,52,75,2006,220,220,220
1,55,53,75,2007,207,207,207
1,55,54,75,2008,242,242,242
1,55,55,75,2009,255,255,255
1,55,56,75,2010,255,255,255
1,55,57,75,2011,253,253,253
1,55,58,75,2012,238,238,238
1,55,59,75,2013,216,216,216
1,55,60,75,2014,250,250,250
1,55,61,75,2015,227,227,227
1,55,62,75,2016,236,236,236
1,55,63,75,2017,203,203,203
1,55,64,75,2018,168,168,168
1,55,65,75,2019,241,241,241
1,55,66,75,2020,143,143,143
1,55,67,75,2021,182,182,182
1,55,68,75,2022,125,125,125
1,56,0,76,1954,250,250,250
1,56,1,76,1955,154,154,154
1,56,2,76,1956,234,234,234
1,56,3,76,1957,253,253,253
1,56,4,76,1958,198,198,198
1,56,5,76,1959,198,198,198
1,56,6,76,1960,255,255,255
1,56,7,76,1961,146,146,146
1,56,8,76,1962,251,251,251
1,56,9,76,1963,227,227,227
1,56,10,76,1964,197,197,197
1,56,11,76,1965,203,203,203
1,56,12,76,1966,251,251,251
1,56,13,76,1967,234,234,234
1,56,14,76,1968,253,253,253
1,56,15,76,1969,255,255,255
1,56,16,76,1970,255,255,255
1,56,17,76,1971,255,255,255
1,56,18,76,1972,255,255,255
1,56,19,76,1973,255,255,255
1,56,20,76,1974,255,255,255
1,56,21,76,1975,255,255,255
1,56,22,76,1976,255,255,255
1,56,23,76,1977,255,255,255
1,56,24,76,1978,255,255,255
1,56,25,76,1979,255,255,255
1,56,26,76,1980,255,255,255
1,56,27,76,1981,235,235,235
1,56,28,76,1982,239,239,239
1,56,29,76,1983,209,209,209
1,56,30,76,1984,250,250,250
1,56,31,76,1985,175,175,175
1,56,32,76,1986,200,200,200
1,56,33,76,1987,245,245,245
1,56,34,76,1988,255,255,255
1,56,35,76,1989,255,255,255
1,56,36,76,1990,255,255,255
1,56,37,76,1991,242,242,242
1,56,38,76,1992,207,207,207
1,56,39,76,1993,229,229,229
1,56,40,76,1994,245,245,245
1,56,41,76,1995,178,178,178
1,56,42,76,1996,172,172,172
1,56,43,76,1997,145,145,145
1,56,44,76,1998,200,200,200
1,56,45,76,1999,202,202,202
1,56,46,76,2000,248,248,248
1,56,47,76,2001,255,255,255
1,56,48,76,2002,255,255,255
1,56,49,76,2003,244,244,244
1,56,50,76,2004,218,218,218
1,56,51,76,2005,221,221,221
1,56,52,76,2006,220,220,220
1,56,53,76,2007,221,221,221
1,56,54,76,2008,242,242,242
1,56,55,76,2009,255,255,255
1,56,56,76,2010,254,254,254
1,56,57,76,2011,253,253,253
1,56,58,76,2012,243,243,243
1,56,59,76,2013,227,227,227
1,56,60,76,2014,248,248,248
1,56,61,76,2015,230,230,230
1,56,62,76,2016,236,236,236
1,56,63,76,2017,204,204,204
1,56,64,76,2018,172,172,172
1,56,65,76,2019,239,239,239
1,56,66,76,2020,148,148,148
1,56,67,76,2021,203,203,203
1,56,68,76,2022,118,118,118
1,57,0,77,1954,251,251,251
1,57,1,77,1955,188,188,188
1,57,2,77,1956,240,240,240
1,57,3,77,1957,254,254,254
1,57,4,77,1958,201,201,201
1,57,5,77,1959,214,214,214
1,57,6,77,1960,255,255,255
1,57,7,77,1961,166,166,166
1,57,8,77,1962,251,251,251
1,57,9,77,1963,230,230,230
1,57,10,77,1964,207,207,207
1,57,11,77,1965,210,210,210
1,57,12,77,1966,250,250,250
1,57,13,77,1967,231,231,231
1,57,14,77,1968,252,252,252
1,57,15,77,1969,255,255,255
1,57,16,77,1970,255,255,255
1,57,17,77,1971,255,255,255
1,57,18,77,1972,255,255,255
1,57,19,77,1973,255,255,255
1,57,20,77,1974,255,255,255
1,57,21,77,1975,255,255,255
1,57,22,77,1976,255,255,255
1,57,23,77,1977,255,255,255
1,57,24,77,1978,255,255,255
1,57,25,77,1979,255,255,255
1,57,26,77,1980,255,255,255
1,57,27,77,1981,235,235,235
1,57,28,77,1982,241,241,241
1,57,29,77,1983,215,215,215
1,57,30,77,1984,252,252,252
1,57,31,77,1985,202,202,202
1,57,32,77,1986,217,217,217
1,57,33,77,1987,250,250,250
1,57,34,77,1988,255,255,255
1,57,35,77,1989,255,255,255
1,57,36,77,1990,255,255,255
1,57,37,77,1991,244,244,244
1,57,38,77,1992,215,215,215
1,57,39,77,1993,231,231,231
1,57,40,77,1994,242,242,242
1,57,41,77,1995,194,194,194
1,57,42,77,1996,195,195,195
1,57,43,77,1997,165,165,165
1,57,44,77,1998,205,205,205
1,57,45,77,1999,212,212,212
1,57,46,77,2000,243,243,243
1,57,47,77,2001,254,254,254
1,57,48,77,2002,255,255,255
1,57,49,77,2003,244,244,244
1,57,50,77,2004,224,224,224
1,57,51,77,2005,228,228,228
1,57,52,77,2006,230,230,230
1,57,53,77,2007,232,232,232
1,57,54,77,2008,245,245,245
1,57,55,77,2009,255,255,255
1,57,56,77,2010,254,254,254
1,57,57,77,2011,253,253,253
1,57,58,77,2012,240,240,240
1,57,59,77,2013,234,234,234
1,57,60,77,2014,245,245,245
1,57,61,77,2015,233,233,233
1,57,62,77,2016,239,239,239
1,57,63,77,2017,219,219,219
1,57,64,77,2018,186,186,186
1,57,65,77,2019,242,242,242
1,57,66,77,2020,168,168,168
1,57,67,77,2021,209,209,209
1,57,68,77,2022,142,142,142
1,58,0,78,1954,252,252,252
1,58,1,78,1955,199,199,199
1,58,2,78,1956,241,241,241
1,58,3,78,1957,252,252,252
1,58,4,78,1958,215,215,215
1,58,5,78,1959,226,226,226
1,58,6,78,1960,255,255,255
1,58,7,78,1961,181,181,181
1,58,8,78,1962,251,251,251
1,58,9,78,1963,235,235,235
1,58,10,78,1964,221,221,221
1,58,11,78,1965,224,224,224
1,58,12,78,1966,251,251,251
1,58,13,78,1967,240,240,240
1,58,14,78,1968,251,251,251
1,58,15,78,1969,255,255,255
1,58,16,78,1970,255,255,255
1,58,17,78,1971,255,255,255
1,58,18,78,1972,255,255,255
1,58,19,78,1973,255,255,255
1,58,20,78,1974,255,255,255
1,58,21,78,1975,255,255,255
1,58,22,78,1976,255,255,255
1,58,23,78,1977,255,255,255
1,58,24,78,1978,255,255,255
1,58,25,78,1979,255,255,255
1,58,26,78,1980,255,255,255
1,58,27,78,1981,233,233,233
1,58,28,78,1982,243,243,243
1,58,29,78,1983,223,223,223
1,58,30,78,1984,253,253,253
1,58,31,78,1985,198,198,198
1,58,32,78,1986,212,212,212
1,58,33,78,1987,247,247,247
1,58,34,78,1988,255,255,255
1,58,35,78,1989,255,255,255
1,58,36,78,1990,255,255,255
1,58,37,78,1991,242,242,242
1,58,38,78,1992,212,212,212
1,58,39,78,1993,232,232,232
1,58,40,78,1994,247,247,247
1,58,41,78,1995,177,177,177
1,58,42,78,1996,200,200,200
1,58,43,78,1997,119,119,119
1,58,44,78,1998,193,193,193
1,58,45,78,1999,209,209,209
1,58,46,78,2000,241,241,241
1,58,47,78,2001,254,254,254
1,58,48,78,2002,255,255,255
1,58,49,78,2003,236,236,236
1,58,50,78,2004,211,211,211
1,58,51,78,2005,215,215,215
1,58,52,78,2006,232,232,232
1,58,53,78,2007,224,224,224
1,58,54,78,2008,241,241,241
1,58,55,78,2009,255,255,255
1,58,56,78,2010,255,255,255
1,58,57,78,2011,254,254,254
1,58,58,78,2012,241,241,241
1,58,59,78,2013,216,216,216
1,58,60,78,2014,251,251,251
1,58,61,78,2015,225,225,225
1,58,62,78,2016,236,236,236
1,58,63,78,2017,221,221,221
1,58,64,78,2018,193,193,193
1,58,65,78,2019,245,245,245
1,58,66,78,2020,185,185,185
1,58,67,78,2021,192,192,192
1,58,68,78,2022,165,165,165
1,59,0,79,1954,249,249,249
1,59,1,79,1955,169,169,169
1,59,2,79,1956,238,238,238
1,59,3,79,1957,254,254,254
1,59,4,79,1958,178,178,178
1,59,5,79,1959,210,210,210
1,59,6,79,1960,253,253,253
1,59,7,79,1961,166,166,166
1,59,8,79,1962,251,251,251
1,59,9,79,1963,213,213,213
1,59,10,79,1964,187,187,187
1,59,11,79,1965,216,216,216
1,59,12,79,1966,251,251,251
1,59,13,79,1967,222,222,222
1,59,14,79,1968,253,253,253
1,59,15,79,1969,255,255,255
1,59,16,79,1970,255,255,255
1,59,17,79,1971,255,255,255
1,59,18,79,1972,255,255,255
1,59,19,79,1973,255,255,255
1,59,20,79,1974,255,255,255
1,59,21,79,1975,255,255,255
1,59,22,79,1976,255,255,255
1,59,23,79,1977,255,255,255
1,59,24,79,1978,255,255,255
1,59,25,79,1979,255,255,255
1,59,26,79,1980,255,255,255
1,59,27,79,1981,223,223,223
1,59,28,79,1982,238,238,238
1,59,29,79,1983,204,204,204
1,59,30,79,1984,251,251,251
1,59,31,79,1985,190,190,190
1,59,32,79,1986,197,197,197
1,59,33,79,1987,249,249,249
1,59,34,79,1988,255,255,255
1,59,35,79,1989,254,254,254
1,59,36,79,1990,255,255,255
1,59,37,79,1991,244,244,244
1,59,38,79,1992,187,187,187
1,59,39,79,1993,229,229,229
1,59,40,79,1994,243,243,243
1,59,41,79,1995,171,171,171
1,59,42,79,1996,188,188,188
1,59,43,79,1997,111,111,111
1,59,44,79,1998,174,174,174
1,59,45,79,1999,197,197,197
1,59,46,79,2000,243,243,243
1,59,47,79,2001,255,255,255
1,59,48,79,2002,255,255,255
1,59,49,79,2003,233,233,233
1,59,50,79,2004,208,208,208
1,59,51,79,2005,209,209,209
1,59,52,79,2006,222,222,222
1,59,53,79,2007,211,211,211
1,59,54,79,2008,241,241,241
1,59,55,79,2009,255,255,255
1,59,56,79,2010,255,255,255
1,59,57,79,2011,253,253,253
1,59,58,79,2012,237,237,237
1,59,59,79,2013,213,213,213
1,59,60,79,2014,249,249,249
1,59,61,79,2015,226,226,226
1,59,62,79,2016,234,234,234
1,59,63,79,2017,208,208,208
1,59,64,79,2018,173,173,173
1,59,65,79,2019,238,238,238
1,59,66,79,2020,147,147,147
1,59,67,79,2021,199,199,199
1,59,68,79,2022,112,112,112
1,60,0,80,1954,252,252,252
1,60,1,80,1955,181,181,181
1,60,2,80,1956,236,236,236
1,60,3,80,1957,253,253,253
1,60,4,80,1958,198,198,198
1,60,5,80,1959,212,212,212
1,60,6,80,1960,251,251,251
1,60,7,80,1961,177,177,177
1,60,8,80,1962,250,250,250
1,60,9,80,1963,216,216,216
1,60,10,80,1964,187,187,187
1,60,11,80,1965,219,219,219
1,60,12,80,1966,252,252,252
1,60,13,80,1967,226,226,226
1,60,14,80,1968,252,252,252
1,60,15,80,1969,255,255,255
1,60,16,80,1970,255,255,255
1,60,17,80,1971,255,255,255
1,60,18,80,1972,255,255,255
1,60,19,80,1973,255,255,255
1,60,20,80,1974,255,255,255
1,60,21,80,1975,255,255,255
1,60,22,80,1976,255,255,255
1,60,23,80,1977,255,255,255
1,60,24,80,1978,255,255,255
1,60,25,80,1979,255,255,255
1,60,26,80,1980,255,255,255
1,60,27,80,1981,217,217,217
1,60,28,80,1982,243,243,243
1,60,29,80,1983,206,206,206
1,60,30,80,1984,253,253,253
1,60,31,80,1985,192,192,192
1,60,32,80,1986,202,202,202
1,60,33,80,1987,251,251,251
1,60,34,80,1988,255,255,255
1,60,35,80,1989,254,254,254
1,60,36,80,1990,255,255,255
1,60,37,80,1991,240,240,240
1,60,38,80,1992,193,193,193
1,60,39,80,1993,234,234,234
1,60,40,80,1994,248,248,248
1,60,41,80,1995,189,189,189
1,60,42,80,1996,175,175,175
1,60,43,80,1997,151,151,151
1,60,44,80,1998,200,200,200
1,60,45,80,1999,206,206,206
1,60,46,80,2000,250,250,250
1,60,47,80,2001,255,255,255
1,60,48,80,2002,255,255,255
1,60,49,80,2003,242,242,242
1,60,50,80,2004,220,220,220
1,60,51,80,2005,223,223,223
1,60,52,80,2006,227,227,227
1,60,53,80,2007,221,221,221
1,60,54,80,2008,246,246,246
1,60,55,80,2009,255,255,255
1,60,56,80,2010,255,255,255
1,60,57,80,2011,253,253,253
1,60,58,80,2012,244,244,244
1,60,59,80,2013,226,226,226
1,60,60,80,2014,247,247,247
1,60,61,80,2015,231,231,231
1,60,62,80,2016,240,240,240
1,60,63,80,2017,208,208,208
1,60,64,80,2018,178,178,178
1,60,65,80,2019,245,245,245
1,60,66,80,2020,173,173,173
1,60,67,80,2021,212,212,212
1,60,68,80,2022,121,121,121
1,61,0,81,1954,254,254,254
1,61,1,81,1955,191,191,191
1,61,2,81,1956,237,237,237
1,61,3,81,1957,253,253,253
1,61,4,81,1958,193,193,193
1,61,5,81,1959,219,219,219
1,61,6,81,1960,250,250,250
1,61,7,81,1961,190,190,190
1,61,8,81,1962,251,251,251
1,61,9,81,1963,228,228,228
1,61,10,81,1964,210,210,210
1,61,11,81,1965,222,222,222
1,61,12,81,1966,253,253,253
1,61,13,81,1967,231,231,231
1,61,14,81,1968,253,253,253
1,61,15,81,1969,255,255,255
1,61,16,81,1970,255,255,255
1,61,17,81,1971,255,255,255
1,61,18,81,1972,255,255,255
1,61,19,81,1973,255,255,255
1,61,20,81,1974,255,255,255
1,61,21,81,1975,255,255,255
1,61,22,81,1976,255,255,255
1,61,23,81,1977,255,255,255
1,61,24,81,1978,255,255,255
1,61,25,81,1979,255,255,255
1,61,26,81,1980,255,255,255
1,61,27,81,1981,228,228,228
1,61,28,81,1982,243,243,243
1,61,29,81,1983,217,217,217
1,61,30,81,1984,252,252,252
1,61,31,81,1985,188,188,188
1,61,32,81,1986,203,203,203
1,61,33,81,1987,250,250,250
1,61,34,81,1988,255,255,255
1,61,35,81,1989,254,254,254
1,61,36,81,1990,255,255,255
1,61,37,81,1991,245,245,245
1,61,38,81,1992,208,208,208
1,61,39,81,1993,231,231,231
1,61,40,81,1994,251,251,251
1,61,41,81,1995,192,192,192
1,61,42,81,1996,185,185,185
1,61,43,81,1997,158,158,158
1,61,44,81,1998,204,204,204
1,61,45,81,1999,206,206,206
1,61,46,81,2000,250,250,250
1,61,47,81,2001,255,255,255
1,61,48,81,2002,255,255,255
1,61,49,81,2003,245,245,245
1,61,50,81,2004,224,224,224
1,61,51,81,2005,221,221,221
1,61,52,81,2006,225,225,225
1,61,53,81,2007,222,222,222
1,61,54,81,2008,248,248,248
1,61,55,81,2009,255,255,255
1,61,56,81,2010,255,255,255
1,61,57,81,2011,255,255,255
1,61,58,81,2012,240,240,240
1,61,59,81,2013,226,226,226
1,61,60,81,2014,251,251,251
1,61,61,81,2015,237,237,237
1,61,62,81,2016,237,237,237
1,61,63,81,2017,213,213,213
1,61,64,81,2018,184,184,184
1,61,65,81,2019,247,247,247
1,61,66,81,2020,186,186,186
1,61,67,81,2021,211,211,211
1,61,68,81,2022,142,142,142
1,62,0,82,1954,253,253,253
1,62,1,82,1955,194,194,194
1,62,2,82,1956,239,239,239
1,62,3,82,1957,254,254,254
1,62,4,82,1958,214,214,214
1,62,5,82,1959,225,225,225
1,62,6,82,1960,251,251,251
1,62,7,82,1961,187,187,187
1,62,8,82,1962,251,251,251
1,62,9,82,1963,230,230,230
1,62,10,82,1964,209,209,209
1,62,11,82,1965,227,227,227
1,62,12,82,1966,251,251,251
1,62,13,82,1967,236,236,236
1,62,14,82,1968,253,253,253
1,62,15,82,1969,255,255,255
1,62,16,82,1970,255,255,255
1,62,17,82,1971,255,255,255
1,62,18,82,1972,255,255,255
1,62,19,82,1973,255,255,255
1,62,20,82,1974,255,255,255
1,62,21,82,1975,255,255,255
1,62,22,82,1976,255,255,255
1,62,23,82,1977,255,255,255
1,62,24,82,1978,255,255,255
1,62,25,82,1979,255,255,255
1,62,26,82,1980,255,255,255
1,62,27,82,1981,232,232,232
1,62,28,82,1982,243,243,243
1,62,29,82,1983,216,216,216
1,62,30,82,1984,251,251,251
1,62,31,82,1985,209,209,209
1,62,32,82,1986,205,205,205
1,62,33,82,1987,250,250,250
1,62,34,82,1988,255,255,255
1,62,35,82,1989,255,255,255
1,62,36,82,1990,255,255,255
1,62,37,82,1991,247,247,247
1,62,38,82,1992,207,207,207
1,62,39,82,1993,234,234,234
1,62,40,82,1994,250,250,250
1,62,41,82,1995,174,174,174
1,62,42,82,1996,197,197,197
1,62,43,82,1997,115,115,115
1,62,44,82,1998,201,201,201
1,62,45,82,1999,214,214,214
1,62,46,82,2000,242,242,242
1,62,47,82,2001,255,255,255
1,62,48,82,2002,255,255,255
1,62,49,82,2003,239,239,239
1,62,50,82,2004,218,218,218
1,62,51,82,2005,213,213,213
1,62,52,82,2006,225,225,225
1,62,53,82,2007,221,221,221
1,62,54,82,2008,242,242,242
1,62,55,82,2009,255,255,255
1,62,56,82,2010,255,255,255
1,62,57,82,2011,255,255,255
1,62,58,82,2012,237,237,237
1,62,59,82,2013,217,217,217
1,62,60,82,2014,252,252,252
1,62,61,82,2015,230,230,230
1,62,62,82,2016,239,239,239
1,62,63,82,2017,217,217,217
1,62,64,82,2018,191,191,191
1,62,65,82,2019,241,241,241
1,62,66,82,2020,179,179,179
1,62,67,82,2021,199,199,199
1,62,68,82,2022,169,169,169
1,63,0,83,1954,254,254,254
1,63,1,83,1955,186,186,186
1,63,2,83,1956,242,242,242
1,63,3,83,1957,253,253,253
1,63,4,83,1958,211,211,211
1,63,5,83,1959,223,223,223
1,63,6,83,1960,251,251,251
1,63,7,83,1961,178,178,178
1,63,8,83,1962,251,251,251
1,63,9,83,1963,224,224,224
1,63,10,83,1964,204,204,204
1,63,11,83,1965,226,226,226
1,63,12,83,1966,252,252,252
1,63,13,83,1967,232,232,232
1,63,14,83,1968,252,252,252
1,63,15,83,1969,255,255,255
1,63,16,83,1970,255,255,255
1,63,17,83,1971,255,255,255
1,63,18,83,1972,255,255,255
1,63,19,83,1973,255,255,255
1,63,20,83,1974,255,255,255
1,63,21,83,1975,255,255,255
1,63,22,83,1976,255,255,255
1,63,23,83,1977,255,255,255
1,63,24,83,1978,255,255,255
1,63,25,83,1979,255,255,255
1,63,26,83,1980,255,255,255
1,63,27,83,1981,232,232,232
1,63,28,83,1982,237,237,237
1,63,29,83,1983,214,214,214
1,63,30,83,1984,251,251,251
1,63,31,83,1985,212,212,212
1,63,32,83,1986,207,207,207
1,63,33,83,1987,251,251,251
1,63,34,83,1988,255,255,255
1,63,35,83,1989,255,255,255
1,63,36,83,1990,255,255,255
1,63,37,83,1991,244,244,244
1,63,38,83,1992,206,206,206
1,63,39,83,1993,235,235,235
1,63,40,83,1994,249,249,249
1,63,41,83,1995,183,183,183
1,63,42,83,1996,194,194,194
1,63,43,83,1997,127,127,127
1,63,44,83,1998,204,204,204
1,63,45,83,1999,203,203,203
1,63,46,83,2000,243,243,243
1,63,47,83,2001,255,255,255
1,63,48,83,2002,255,255,255
1,63,49,83,2003,240,240,240
1,63,50,83,2004,218,218,218
1,63,51,83,2005,212,212,212
1,63,52,83,2006,229,229,229
1,63,53,83,2007,214,214,214
1,63,54,83,2008,241,241,241
1,63,55,83,2009,255,255,255
1,63,56,83,2010,255,255,255
1,63,57,83,2011,254,254,254
1,63,58,83,2012,243,243,243
1,63,59,83,2013,227,227,227
1,63,60,83,2014,251,251,251
1,63,61,83,2015,234,234,234
1,63,62,83,2016,237,237,237
1,63,63,83,2017,217,217,217
1,63,64,83,2018,192,192,192
1,63,65,83,2019,245,245,245
1,63,66,83,2020,177,177,177
1,63,67,83,2021,193,193,193
1,63,68,83,2022,175,175,175
1,64,0,84,1954,255,255,255
1,64,1,84,1955,189,189,189
1,64,2,84,1956,242,242,242
1,64,3,84,1957,253,253,253
1,64,4,84,1958,193,193,193
1,64,5,84,1959,214,214,214
1,64,6,84,1960,255,255,255
1,64,7,84,1961,164,164,164
1,64,8,84,1962,252,252,252
1,64,9,84,1963,226,226,226
1,64,10,84,1964,204,204,204
1,64,11,84,1965,219,219,219
1,64,12,84,1966,253,253,253
1,64,13,84,1967,236,236,236
1,64,14,84,1968,253,253,253
1,64,15,84,1969,255,255,255
1,64,16,84,1970,255,255,255
1,64,17,84,1971,255,255,255
1,64,18,84,1972,255,255,255
1,64,19,84,1973,255,255,255
1,64,20,84,1974,255,255,255
1,64,21,84,1975,255,255,255
1,64,22,84,1976,255,255,255
1,64,23,84,1977,255,255,255
1,64,24,84,1978,255,255,255
1,64,25,84,1979,255,255,255
1,64,26,84,1980,255,255,255
1,64,27,84,1981,220,220,220
1,64,28,84,1982,237,237,237
1,64,29,84,1983,197,197,197
1,64,30,84,1984,251,251,251
1,64,31,84,1985,183,183,183
1,64,32,84,1986,197,197,197
1,64,33,84,1987,250,250,250
1,64,34,84,1988,255,255,255
1,64,35,84,1989,255,255,255
1,64,36,84,1990,255,255,255
1,64,37,84,1991,243,243,243
1,64,38,84,1992,203,203,203
1,64,39,84,1993,235,235,235
1,64,40,84,1994,246,246,246
1,64,41,84,1995,204,204,204
1,64,42,84,1996,179,179,179
1,64,43,84,1997,158,158,158
1,64,44,84,1998,206,206,206
1,64,45,84,1999,207,207,207
1,64,46,84,2000,248,248,248
1,64,47,84,2001,255,255,255
1,64,48,84,2002,255,255,255
1,64,49,84,2003,240,240,240
1,64,50,84,2004,216,216,216
1,64,51,84,2005,222,222,222
1,64,52,84,2006,228,228,228
1,64,53,84,2007,225,225,225
1,64,54,84,2008,245,245,245
1,64,55,84,2009,255,255,255
1,64,56,84,2010,254,254,254
1,64,57,84,2011,252,252,252
1,64,58,84,2012,240,240,240
1,64,59,84,2013,228,228,228
1,64,60,84,2014,250,250,250
1,64,61,84,2015,237,237,237
1,64,62,84,2016,242,242,242
1,64,63,84,2017,220,220,220
1,64,64,84,2018,189,189,189
1,64,65,84,2019,240,240,240
1,64,66,84,2020,173,173,173
1,64,67,84,2021,201,201,201
1,64,68,84,2022,134,134,134
1,65,0,85,1954,255,255,255
1,65,1,85,1955,191,191,191
1,65,2,85,1956,241,241,241
1,65,3,85,1957,253,253,253
1,65,4,85,1958,200,200,200
1,65,5,85,1959,215,215,215
1,65,6,85,1960,253,253,253
1,65,7,85,1961,173,173,173
1,65,8,85,1962,252,252,252
1,65,9,85,1963,229,229,229
1,65,10,85,1964,203,203,203
1,65,11,85,1965,223,223,223
1,65,12,85,1966,252,252,252
1,65,13,85,1967,236,236,236
1,65,14,85,1968,252,252,252
1,65,15,85,1969,255,255,255
1,65,16,85,1970,255,255,255
1,65,17,85,1971,255,255,255
1,65,18,85,1972,255,255,255
1,65,19,85,1973,255,255,255
1,65,20,85,1974,255,255,255
1,65,21,85,1975,255,255,255
1,65,22,85,1976,255,255,255
1,65,23,85,1977,255,255,255
1,65,24,85,1978,255,255,255
1,65,25,85,1979,255,255,255
1,65,26,85,1980,255,255,255
1,65,27,85,1981,223,223,223
1,65,28,85,1982,237,237,237
1,65,29,85,1983,210,210,210
1,65,30,85,1984,248,248,248
1,65,31,85,1985,190,190,190
1,65,32,85,1986,207,207,207
1,65,33,85,1987,249,249,249
1,65,34,85,1988,255,255,255
1,65,35,85,1989,255,255,255
1,65,36,85,1990,255,255,255
1,65,37,85,1991,248,248,248
1,65,38,85,1992,222,222,222
1,65,39,85,1993,238,238,238
1,65,40,85,1994,248,248,248
1,65,41,85,1995,198,198,198
1,65,42,85,1996,189,189,189
1,65,43,85,1997,138,138,138
1,65,44,85,1998,196,196,196
1,65,45,85,1999,204,204,204
1,65,46,85,2000,249,249,249
1,65,47,85,2001,255,255,255
1,65,48,85,2002,255,255,255
1,65,49,85,2003,243,243,243
1,65,50,85,2004,223,223,223
1,65,51,85,2005,218,218,218
1,65,52,85,2006,226,226,226
1,65,53,85,2007,221,221,221
1,65,54,85,2008,245,245,245
1,65,55,85,2009,255,255,255
1,65,56,85,2010,255,255,255
1,65,57,85,2011,253,253,253
1,65,58,85,2012,242,242,242
1,65,59,85,2013,223,223,223
1,65,60,85,2014,251,251,251
1,65,61,85,2015,240,240,240
1,65,62,85,2016,240,240,240
1,65,63,85,2017,215,215,215
1,65,64,85,2018,189,189,189
1,65,65,85,2019,245,245,245
1,65,66,85,2020,190,190,190
1,65,67,85,2021,200,200,200
1,65,68,85,2022,145,145,145
1,66,0,86,1954,255,255,255
1,66,1,86,1955,203,203,203
1,66,2,86,1956,241,241,241
1,66,3,86,1957,252,252,252
1,66,4,86,1958,218,218,218
1,66,5,86,1959,228,228,228
1,66,6,86,1960,252,252,252
1,66,7,86,1961,199,199,199
1,66,8,86,1962,253,253,253
1,66,9,86,1963,235,235,235
1,66,10,86,1964,208,208,208
1,66,11,86,1965,226,226,226
1,66,12,86,1966,250,250,250
1,66,13,86,1967,240,240,240
1,66,14,86,1968,253,253,253
1,66,15,86,1969,255,255,255
1,66,16,86,1970,255,255,255
1,66,17,86,1971,255,255,255
1,66,18,86,1972,255,255,255
1,66,19,86,1973,255,255,255
1,66,20,86,1974,255,255,255
1,66,21,86,1975,255,255,255
1,66,22,86,1976,255,255,255
1,66,23,86,1977,255,255,255
1,66,24,86,1978,255,255,255
1,66,25,86,1979,255,255,255
1,66,26,86,1980,255,255,255
1,66,27,86,1981,225,225,225
1,66,28,86,1982,245,245,245
1,66,29,86,1983,225,225,225
1,66,30,86,1984,250,250,250
1,66,31,86,1985,211,211,211
1,66,32,86,1986,201,201,201
1,66,33,86,1987,250,250,250
1,66,34,86,1988,255,255,255
1,66,35,86,1989,255,255,255
1,66,36,86,1990,255,255,255
1,66,37,86,1991,252,252,252
1,66,38,86,1992,221,221,221
1,66,39,86,1993,231,231,231
1,66,40,86,1994,249,249,249
1,66,41,86,1995,180,180,180
1,66,42,86,1996,194,194,194
1,66,43,86,1997,106,106,106
1,66,44,86,1998,184,184,184
1,66,45,86,1999,205,205,205
1,66,46,86,2000,247,247,247
1,66,47,86,2001,255,255,255
1,66,48,86,2002,255,255,255
1,66,49,86,2003,235,235,235
1,66,50,86,2004,205,205,205
1,66,51,86,2005,208,208,208
1,66,52,86,2006,223,223,223
1,66,53,86,2007,217,217,217
1,66,54,86,2008,243,243,243
1,66,55,86,2009,255,255,255
1,66,56,86,2010,254,254,254
1,66,57,86,2011,254,254,254
1,66,58,86,2012,237,237,237
1,66,59,86,2013,215,215,215
1,66,60,86,2014,251,251,251
1,66,61,86,2015,241,241,241
1,66,62,86,2016,239,239,239
1,66,63,86,2017,218,218,218
1,66,64,86,2018,191,191,191
1,66,65,86,2019,244,244,244
1,66,66,86,2020,180,180,180
1,66,67,86,2021,188,188,188
1,66,68,86,2022,163,163,163
1,67,0,87,1954,255,255,255
1,67,1,87,1955,200,200,200
1,67,2,87,1956,243,243,243
1,67,3,87,1957,254,254,254
1,67,4,87,1958,216,216,216
1,67,5,87,1959,227,227,227
1,67,6,87,1960,251,251,251
1,67,7,87,1961,195,195,195
1,67,8,87,1962,252,252,252
1,67,9,87,1963,235,235,235
1,67,10,87,1964,205,205,205
1,67,11,87,1965,228,228,228
1,67,12,87,1966,250,250,250
1,67,13,87,1967,240,240,240
1,67,14,87,1968,252,252,252
1,67,15,87,1969,255,255,255
1,67,16,87,1970,255,255,255
1,67,17,87,1971,255,255,255
1,67,18,87,1972,255,255,255
1,67,19,87,1973,255,255,255
1,67,20,87,1974,255,255,255
1,67,21,87,1975,255,255,255
1,67,22,87,1976,255,255,255
1,67,23,87,1977,255,255,255
1,67,24,87,1978,255,255,255
1,67,25,87,1979,255,255,255
1,67,26,87,1980,255,255,255
1,67,27,87,1981,220,220,220
1,67,28,87,1982,243,243,243
1,67,29,87,1983,222,222,222
1,67,30,87,1984,252,252,252
1,67,31,87,1985,195,195,195
1,67,32,87,1986,212,212,212
1,67,33,87,1987,250,250,250
1,67,34,87,1988,255,255,255
1,67,35,87,1989,255,255,255
1,67,36,87,1990,255,255,255
1,67,37,87,1991,251,251,251
1,67,38,87,1992,215,215,215
1,67,39,87,1993,233,233,233
1,67,40,87,1994,250,250,250
1,67,41,87,1995,193,193,193
1,67,42,87,1996,196,196,196
1,67,43,87,1997,125,125,125
1,67,44,87,1998,200,200,200
1,67,45,87,1999,201,201,201
1,67,46,87,2000,245,245,245
1,67,47,87,2001,255,255,255
1,67,48,87,2002,255,255,255
1,67,49,87,2003,238,238,238
1,67,50,87,2004,217,217,217
1,67,51,87,2005,219,219,219
1,67,52,87,2006,222,222,222
1,67,53,87,2007,212,212,212
1,67,54,87,2008,245,245,245
1,67,55,87,2009,255,255,255
1,67,56,87,2010,255,255,255
1,67,57,87,2011,254,254,254
1,67,58,87,2012,237,237,237
1,67,59,87,2013,225,225,225
1,67,60,87,2014,252,252,252
1,67,61,87,2015,242,242,242
1,67,62,87,2016,241,241,241
1,67,63,87,2017,225,225,225
1,67,64,87,2018,191,191,191
1,67,65,87,2019,246,246,246
1,67,66,87,2020,187,187,187
1,67,67,87,2021,202,202,202
1,67,68,87,2022,151,151,151
1,68,0,88,1954,241,241,241
1,68,1,88,1955,208,208,208
1,68,2,88,1956,245,245,245
1,68,3,88,1957,254,254,254
1,68,4,88,1958,199,199,199
1,68,5,88,1959,219,219,219
1,68,6,88,1960,254,254,254
1,68,7,88,1961,163,163,163
1,68,8,88,1962,253,253,253
1,68,9,88,1963,227,227,227
1,68,10,88,1964,197,197,197
1,68,11,88,1965,225,225,225
1,68,12,88,1966,251,251,251
1,68,13,88,1967,239,239,239
1,68,14,88,1968,253,253,253
1,68,15,88,1969,255,255,255
1,68,16,88,1970,255,255,255
1,68,17,88,1971,255,255,255
1,68,18,88,1972,255,255,255
1,68,19,88,1973,255,255,255
1,68,20,88,1974,255,255,255
1,68,21,88,1975,255,255,255
1,68,22,88,1976,255,255,255
1,68,23,88,1977,255,255,255
1,68,24,88,1978,255,255,255
1,68,25,88,1979,255,255,255
1,68,26,88,1980,255,255,255
1,68,27,88,1981,225,225,225
1,68,28,88,1982,238,238,238
1,68,29,88,1983,206,206,206
1,68,30,88,1984,252,252,252
1,68,31,88,1985,192,192,192
1,68,32,88,1986,204,204,204
1,68,33,88,1987,249,249,249
1,68,34,88,1988,255,255,255
1,68,35,88,1989,255,255,255
1,68,36,88,1990,255,255,255
1,68,37,88,1991,251,251,251
1,68,38,88,1992,220,220,220
1,68,39,88,1993,235,235,235
1,68,40,88,1994,248,248,248
1,68,41,88,1995,196,196,196
1,68,42,88,1996,198,198,198
1,68,43,88,1997,169,169,169
1,68,44,88,1998,201,201,201
1,68,45,88,1999,208,208,208
1,68,46,88,2000,250,250,250
1,68,47,88,2001,255,255,255
1,68,48,88,2002,255,255,255
1,68,49,88,2003,244,244,244
1,68,50,88,2004,219,219,219
1,68,51,88,2005,226,226,226
1,68,52,88,2006,226,226,226
1,68,53,88,2007,225,225,225
1,68,54,88,2008,244,244,244
1,68,55,88,2009,255,255,255
1,68,56,88,2010,255,255,255
1,68,57,88,2011,254,254,254
1,68,58,88,2012,245,245,245
1,68,59,88,2013,240,240,240
1,68,60,88,2014,250,250,250
1,68,61,88,2015,239,239,239
1,68,62,88,2016,244,244,244
1,68,63,88,2017,229,229,229
1,68,64,88,2018,198,198,198
1,68,65,88,2019,242,242,242
1,68,66,88,2020,172,172,172
1,68,67,88,2021,218,218,218
1,68,68,88,2022,152,152,152
1,69,0,89,1954,252,252,252
1,69,1,89,1955,230,230,230
1,69,2,89,1956,240,240,240
1,69,3,89,1957,253,253,253
1,69,4,89,1958,207,207,207
1,69,5,89,1959,224,224,224
1,69,6,89,1960,252,252,252
1,69,7,89,1961,193,193,193
1,69,8,89,1962,252,252,252
1,69,9,89,1963,234,234,234
1,69,10,89,1964,207,207,207
1,69,11,89,1965,225,225,225
1,69,12,89,1966,251,251,251
1,69,13,89,1967,242,242,242
1,69,14,89,1968,252,252,252
1,69,15,89,1969,255,255,255
1,69,16,89,1970,255,255,255
1,69,17,89,1971,255,255,255
1,69,18,89,1972,255,255,255
1,69,19,89,1973,255,255,255
1,69,20,89,1974,255,255,255
1,69,21,89,1975,255,255,255
1,69,22,89,1976,255,255,255
1,69,23,89,1977,255,255,255
1,69,24,89,1978,255,255,255
1,69,25,89,1979,255,255,255
1,69,26,89,1980,255,255,255
1,69,27,89,1981,230,230,230
1,69,28,89,1982,243,243,243
1,69,29,89,1983,223,223,223
1,69,30,89,1984,253,253,253
1,69,31,89,1985,209,209,209
1,69,32,89,1986,220,220,220
1,69,33,89,1987,250,250,250
1,69,34,89,1988,255,255,255
1,69,35,89,1989,255,255,255
1,69,36,89,1990,255,255,255
1,69,37,89,1991,252,252,252
1,69,38,89,1992,228,228,228
1,69,39,89,1993,230,230,230
1,69,40,89,1994,250,250,250
1,69,41,89,1995,201,201,201
1,69,42,89,1996,192,192,192
1,69,43,89,1997,134,134,134
1,69,44,89,1998,205,205,205
1,69,45,89,1999,205,205,205
1,69,46,89,2000,245,245,245
1,69,47,89,2001,255,255,255
1,69,48,89,2002,255,255,255
1,69,49,89,2003,235,235,235
1,69,50,89,2004,218,218,218
1,69,51,89,2005,219,219,219
1,69,52,89,2006,226,226,226
1,69,53,89,2007,223,223,223
1,69,54,89,2008,243,243,243
1,69,55,89,2009,255,255,255
1,69,56,89,2010,255,255,255
1,69,57,89,2011,254,254,254
1,69,58,89,2012,241,241,241
1,69,59,89,2013,231,231,231
1,69,60,89,2014,252,252,252
1,69,61,89,2015,242,242,242
1,69,62,89,2016,240,240,240
1,69,63,89,2017,219,219,219
1,69,64,89,2018,192,192,192
1,69,65,89,2019,245,245,245
1,69,66,89,2020,188,188,188
1,69,67,89,2021,209,209,209
1,69,68,89,2022,154,154,154
1,70,0,90,1954,250,250,250
1,70,1,90,1955,235,235,235
1,70,2,90,1956,243,243,243
1,70,3,90,1957,253,253,253
1,70,4,90,1958,221,221,221
1,70,5,90,1959,227,227,227
1,70,6,90,1960,252,252,252
1,70,7,90,1961,198,198,198
1,70,8,90,1962,249,249,249
1,70,9,90,1963,238,238,238
1,70,10,90,1964,220,220,220
1,70,11,90,1965,231,231,231
1,70,12,90,1966,252,252,252
1,70,13,90,1967,247,247,247
1,70,14,90,1968,252,252,252
1,70,15,90,1969,255,255,255
1,70,16,90,1970,255,255,255
1,70,17,90,1971,255,255,255
1,70,18,90,1972,255,255,255
1,70,19,90,1973,255,255,255
1,70,20,90,1974,255,255,255
1,70,21,90,1975,255,255,255
1,70,22,90,1976,255,255,255
1,70,23,90,1977,255,255,255
1,70,24,90,1978,255,255,255
1,70,25,90,1979,255,255,255
1,70,26,90,1980,255,255,255
1,70,27,90,1981,238,238,238
1,70,28,90,1982,247,247,247
1,70,29,90,1983,226,226,226
1,70,30,90,1984,248,248,248
1,70,31,90,1985,209,209,209
1,70,32,90,1986,216,216,216
1,70,33,90,1987,251,251,251
1,70,34,90,1988,255,255,255
1,70,35,90,1989,255,255,255
1,70,36,90,1990,255,255,255
1,70,37,90,1991,255,255,255
1,70,38,90,1992,234,234,234
1,70,39,90,1993,227,227,227
1,70,40,90,1994,249,249,249
1,70,41,90,1995,190,190,190
1,70,42,90,1996,196,196,196
1,70,43,90,1997,100,100,100
1,70,44,90,1998,199,199,199
1,70,45,90,1999,207,207,207
1,70,46,90,2000,243,243,243
1,70,47,90,2001,255,255,255
1,70,48,90,2002,255,255,255
1,70,49,90,2003,230,230,230
1,70,50,90,2004,215,215,215
1,70,51,90,2005,212,212,212
1,70,52,90,2006,220,220,220
1,70,53,90,2007,209,209,209
1,70,54,90,2008,243,243,243
1,70,55,90,2009,255,255,255
1,70,56,90,2010,255,255,255
1,70,57,90,2011,253,253,253
1,70,58,90,2012,239,239,239
1,70,59,90,2013,213,213,213
1,70,60,90,2014,252,252,252
1,70,61,90,2015,247,247,247
1,70,62,90,2016,236,236,236
1,70,63,90,2017,214,214,214
1,70,64,90,2018,187,187,187
1,70,65,90,2019,245,245,245
1,70,66,90,2020,193,193,193
1,70,67,90,2021,186,186,186
1,70,68,90,2022,167,167,167
1,71,0,91,1954,251,251,251
1,71,1,91,1955,237,237,237
1,71,2,91,1956,247,247,247
1,71,3,91,1957,253,253,253
1,71,4,91,1958,223,223,223
1,71,5,91,1959,230,230,230
1,71,6,91,1960,252,252,252
1,71,7,91,1961,191,191,191
1,71,8,91,1962,252,252,252
1,71,9,91,1963,242,242,242
1,71,10,91,1964,222,222,222
1,71,11,91,1965,234,234,234
1,71,12,91,1966,252,252,252
1,71,13,91,1967,245,245,245
1,71,14,91,1968,253,253,253
1,71,15,91,1969,255,255,255
1,71,16,91,1970,255,255,255
1,71,17,91,1971,255,255,255
1,71,18,91,1972,255,255,255
1,71,19,91,1973,255,255,255
1,71,20,91,1974,255,255,255
1,71,21,91,1975,255,255,255
1,71,22,91,1976,255,255,255
1,71,23,91,1977,255,255,255
1,71,24,91,1978,255,255,255
1,71,25,91,1979,255,255,255
1,71,26,91,1980,252,252,252
1,71,27,91,1981,235,235,235
1,71,28,91,1982,245,245,245
1,71,29,91,1983,223,223,223
1,71,30,91,1984,251,251,251
1,71,31,91,1985,203,203,203
1,71,32,91,1986,213,213,213
1,71,33,91,1987,250,250,250
1,71,34,91,1988,255,255,255
1,71,35,91,1989,255,255,255
1,71,36,91,1990,255,255,255
1,71,37,91,1991,255,255,255
1,71,38,91,1992,236,236,236
1,71,39,91,1993,237,237,237
1,71,40,91,1994,249,249,249
1,71,41,91,1995,205,205,205
1,71,42,91,1996,199,199,199
1,71,43,91,1997,131,131,131
1,71,44,91,1998,214,214,214
1,71,45,91,1999,219,219,219
1,71,46,91,2000,248,248,248
1,71,47,91,2001,255,255,255
1,71,48,91,2002,255,255,255
1,71,49,91,2003,237,237,237
1,71,50,91,2004,223,223,223
1,71,51,91,2005,218,218,218
1,71,52,91,2006,229,229,229
1,71,53,91,2007,218,218,218
1,71,54,91,2008,247,247,247
1,71,55,91,2009,255,255,255
1,71,56,91,2010,255,255,255
1,71,57,91,2011,253,253,253
1,71,58,91,2012,245,245,245
1,71,59,91,2013,226,226,226
1,71,60,91,2014,253,253,253
1,71,61,91,2015,249,249,249
1,71,62,91,2016,245,245,245
1,71,63,91,2017,219,219,219
1,71,64,91,2018,193,193,193
1,71,65,91,2019,244,244,244
1,71,66,91,2020,199,199,199
1,71,67,91,2021,204,204,204
1,71,68,91,2022,172,172,172
1,72,0,92,1954,253,253,253
1,72,1,92,1955,241,241,241
1,72,2,92,1956,245,245,245
1,72,3,92,1957,254,254,254
1,72,4,92,1958,213,213,213
1,72,5,92,1959,223,223,223
1,72,6,92,1960,252,252,252
1,72,7,92,1961,178,178,178
1,72,8,92,1962,252,252,252
1,72,9,92,1963,234,234,234
1,72,10,92,1964,204,204,204
1,72,11,92,1965,227,227,227
1,72,12,92,1966,251,251,251
1,72,13,92,1967,246,246,246
1,72,14,92,1968,253,253,253
1,72,15,92,1969,255,255,255
1,72,16,92,1970,255,255,255
1,72,17,92,1971,255,255,255
1,72,18,92,1972,255,255,255
1,72,19,92,1973,255,255,255
1,72,20,92,1974,255,255,255
1,72,21,92,1975,255,255,255
1,72,22,92,1976,255,255,255
1,72,23,92,1977,255,255,255
1,72,24,92,1978,255,255,255
1,72,25,92,1979,255,255,255
1,72,26,92,1980,254,254,254
1,72,27,92,1981,232,232,232
1,72,28,92,1982,241,241,241
1,72,29,92,1983,203,203,203
1,72,30,92,1984,250,250,250
1,72,31,92,1985,212,212,212
1,72,32,92,1986,220,220,220
1,72,33,92,1987,253,253,253
1,72,34,92,1988,255,255,255
1,72,35,92,1989,255,255,255
1,72,36,92,1990,255,255,255
1,72,37,92,1991,255,255,255
1,72,38,92,1992,240,240,240
1,72,39,92,1993,241,241,241
1,72,40,92,1994,251,251,251
1,72,41,92,1995,211,211,211
1,72,42,92,1996,186,186,186
1,72,43,92,1997,162,162,162
1,72,44,92,1998,206,206,206
1,72,45,92,1999,214,214,214
1,72,46,92,2000,248,248,248
1,72,47,92,2001,255,255,255
1,72,48,92,2002,255,255,255
1,72,49,92,2003,241,241,241
1,72,50,92,2004,215,215,215
1,72,51,92,2005,224,224,224
1,72,52,92,2006,233,233,233
1,72,53,92,2007,230,230,230
1,72,54,92,2008,248,248,248
1,72,55,92,2009,255,255,255
1,72,56,92,2010,255,255,255
1,72,57,92,2011,254,254,254
1,72,58,92,2012,246,246,246
1,72,59,92,2013,237,237,237
1,72,60,92,2014,254,254,254
1,72,61,92,2015,253,253,253
1,72,62,92,2016,244,244,244
1,72,63,92,2017,213,213,213
1,72,64,92,2018,187,187,187
1,72,65,92,2019,243,243,243
1,72,66,92,2020,174,174,174
1,72,67,92,2021,206,206,206
1,72,68,92,2022,137,137,137
1,73,0,93,1954,255,255,255
1,73,1,93,1955,254,254,254
1,73,2,93,1956,251,251,251
1,73,3,93,1957,254,254,254
1,73,4,93,1958,232,232,232
1,73,5,93,1959,233,233,233
1,73,6,93,1960,253,253,253
1,73,7,93,1961,207,207,207
1,73,8,93,1962,253,253,253
1,73,9,93,1963,243,243,243
1,73,10,93,1964,227,227,227
1,73,11,93,1965,236,236,236
1,73,12,93,1966,251,251,251
1,73,13,93,1967,251,251,251
1,73,14,93,1968,254,254,254
1,73,15,93,1969,255,255,255
1,73,16,93,1970,255,255,255
1,73,17,93,1971,255,255,255
1,73,18,93,1972,255,255,255
1,73,19,93,1973,255,255,255
1,73,20,93,1974,255,255,255
1,73,21,93,1975,255,255,255
1,73,22,93,1976,255,255,255
1,73,23,93,1977,255,255,255
1,73,24,93,1978,255,255,255
1,73,25,93,1979,255,255,255
1,73,26,93,1980,255,255,255
1,73,27,93,1981,248,248,248
1,73,28,93,1982,246,246,246
1,73,29,93,1983,226,226,226
1,73,30,93,1984,249,249,249
1,73,31,93,1985,222,222,222
1,73,32,93,1986,226,226,226
1,73,33,93,1987,251,251,251
1,73,34,93,1988,255,255,255
1,73,35,93,1989,255,255,255
1,73,36,93,1990,255,255,255
1,73,37,93,1991,255,255,255
1,73,38,93,1992,250,250,250
1,73,39,93,1993,239,239,239
1,73,40,93,1994,250,250,250
1,73,41,93,1995,205,205,205
1,73,42,93,1996,205,205,205
1,73,43,93,1997,138,138,138
1,73,44,93,1998,213,213,213
1,73,45,93,1999,214,214,214
1,73,46,93,2000,248,248,248
1,73,47,93,2001,255,255,255
1,73,48,93,2002,255,255,255
1,73,49,93,2003,240,240,240
1,73,50,93,2004,215,215,215
1,73,51,93,2005,227,227,227
1,73,52,93,2006,228,228,228
1,73,53,93,2007,217,217,217
1,73,54,93,2008,245,245,245
1,73,55,93,2009,255,255,255
1,73,56,93,2010,255,255,255
1,73,57,93,2011,254,254,254
1,73,58,93,2012,247,247,247
1,73,59,93,2013,231,231,231
1,73,60,93,2014,255,255,255
1,73,61,93,2015,253,253,253
1,73,62,93,2016,249,249,249
1,73,63,93,2017,219,219,219
1,73,64,93,2018,197,197,197
1,73,65,93,2019,245,245,245
1,73,66,93,2020,201,201,201
1,73,67,93,2021,220,220,220
1,73,68,93,2022,175,175,175
1,74,0,94,1954,255,255,255
1,74,1,94,1955,255,255,255
1,74,2,94,1956,253,253,253
1,74,3,94,1957,255,255,255
1,74,4,94,1958,237,237,237
1,74,5,94,1959,240,240,240
1,74,6,94,1960,254,254,254
1,74,7,94,1961,223,223,223
1,74,8,94,1962,251,251,251
1,74,9,94,1963,246,246,246
1,74,10,94,1964,234,234,234
1,74,11,94,1965,242,242,242
1,74,12,94,1966,252,252,252
1,74,13,94,1967,251,251,251
1,74,14,94,1968,255,255,255
1,74,15,94,1969,255,255,255
1,74,16,94,1970,255,255,255
1,74,17,94,1971,255,255,255
1,74,18,94,1972,255,255,255
1,74,19,94,1973,255,255,255
1,74,20,94,1974,255,255,255
1,74,21,94,1975,255,255,255
1,74,22,94,1976,255,255,255
1,74,23,94,1977,255,255,255
1,74,24,94,1978,255,255,255
1,74,25,94,1979,255,255,255
1,74,26,94,1980,255,255,255
1,74,27,94,1981,250,250,250
1,74,28,94,1982,248,248,248
1,74,29,94,1983,232,232,232
1,74,30,94,1984,249,249,249
1,74,31,94,1985,232,232,232
1,74,32,94,1986,221,221,221
1,74,33,94,1987,250,250,250
1,74,34,94,1988,255,255,255
1,74,35,94,1989,255,255,255
1,74,36,94,1990,255,255,255
1,74,37,94,1991,255,255,255
1,74,38,94,1992,253,253,253
1,74,39,94,1993,246,246,246
1,74,40,94,1994,250,250,250
1,74,41,94,1995,204,204,204
1,74,42,94,1996,213,213,213
1,74,43,94,1997,99,99,99
1,74,44,94,1998,207,207,207
1,74,45,94,1999,220,220,220
1,74,46,94,2000,246,246,246
1,74,47,94,2001,255,255,255
1,74,48,94,2002,255,255,255
1,74,49,94,2003,236,236,236
1,74,50,94,2004,227,227,227
1,74,51,94,2005,220,220,220
1,74,52,94,2006,223,223,223
1,74,53,94,2007,216,216,216
1,74,54,94,2008,248,248,248
1,74,55,94,2009,255,255,255
1,74,56,94,2010,255,255,255
1,74,57,94,2011,254,254,254
1,74,58,94,2012,246,246,246
1,74,59,94,2013,228,228,228
1,74,60,94,2014,255,255,255
1,74,61,94,2015,254,254,254
1,74,62,94,2016,250,250,250
1,74,63,94,2017,232,232,232
1,74,64,94,2018,205,205,205
1,74,65,94,2019,247,247,247
1,74,66,94,2020,208,208,208
1,74,67,94,2021,209,209,209
1,74,68,94,2022,199,199,199
1,75,0,95,1954,255,255,255
1,75,1,95,1955,255,255,255
1,75,2,95,1956,255,255,255
1,75,3,95,1957,255,255,255
1,75,4,95,1958,243,243,243
1,75,5,95,1959,234,234,234
1,75,6,95,1960,254,254,254
1,75,7,95,1961,216,216,216
1,75,8,95,1962,252,252,252
1,75,9,95,1963,253,253,253
1,75,10,95,1964,240,240,240
1,75,11,95,1965,242,242,242
1,75,12,95,1966,254,254,254
1,75,13,95,1967,254,254,254
1,75,14,95,1968,255,255,255
1,75,15,95,1969,255,255,255
1,75,16,95,1970,255,255,255
1,75,17,95,1971,255,255,255
1,75,18,95,1972,255,255,255
1,75,19,95,1973,255,255,255
1,75,20,95,1974,255,255,255
1,75,21,95,1975,255,255,255
1,75,22,95,1976,255,255,255
1,75,23,95,1977,255,255,255
1,75,24,95,1978,255,255,255
1,75,25,95,1979,255,255,255
1,75,26,95,1980,255,255,255
1,75,27,95,1981,255,255,255
1,75,28,95,1982,255,255,255
1,75,29,95,1983,241,241,241
1,75,30,95,1984,254,254,254
1,75,31,95,1985,227,227,227
1,75,32,95,1986,222,222,222
1,75,33,95,1987,251,251,251
1,75,34,95,1988,255,255,255
1,75,35,95,1989,255,255,255
1,75,36,95,1990,255,255,255
1,75,37,95,1991,255,255,255
1,75,38,95,1992,255,255,255
1,75,39,95,1993,251,251,251
1,75,40,95,1994,253,253,253
1,75,41,95,1995,224,224,224
1,75,42,95,1996,220,220,220
1,75,43,95,1997,153,153,153
1,75,44,95,1998,215,215,215
1,75,45,95,1999,222,222,222
1,75,46,95,2000,248,248,248
1,75,47,95,2001,255,255,255
1,75,48,95,2002,255,255,255
1,75,49,95,2003,241,241,241
1,75,50,95,2004,228,228,228
1,75,51,95,2005,229,229,229
1,75,52,95,2006,227,227,227
1,75,53,95,2007,234,234,234
1,75,54,95,2008,250,250,250
1,75,55,95,2009,255,255,255
1,75,56,95,2010,255,255,255
1,75,57,95,2011,255,255,255
1,75,58,95,2012,251,251,251
1,75,59,95,2013,245,245,245
1,75,60,95,2014,255,255,255
1,75,61,95,2015,255,255,255
1,75,62,95,2016,253,253,253
1,75,63,95,2017,237,237,237
1,75,64,95,2018,208,208,208
1,75,65,95,2019,249,249,249
1,75,66,95,2020,201,201,201
1,75,67,95,2021,218,218,218
1,75,68,95,2022,186,186,186
1,76,0,96,1954,255,255,255
1,76,1,96,1955,255,255,255
1,76,2,96,1956,255,255,255
1,76,3,96,1957,255,255,255
1,76,4,96,1958,254,254,254
1,76,5,96,1959,249,249,249
1,76,6,96,1960,255,255,255
1,76,7,96,1961,238,238,238
1,76,8,96,1962,254,254,254
1,76,9,96,1963,255,255,255
1,76,10,96,1964,249,249,249
1,76,11,96,1965,250,250,250
1,76,12,96,1966,254,254,254
1,76,13,96,1967,255,255,255
1,76,14,96,1968,255,255,255
1,76,15,96,1969,255,255,255
1,76,16,96,1970,255,255,255
1,76,17,96,1971,255,255,255
1,76,18,96,1972,255,255,255
1,76,19,96,1973,255,255,255
1,76,20,96,1974,255,255,255
1,76,21,96,1975,255,255,255
1,76,22,96,1976,255,255,255
1,76,23,96,1977,255,255,255
1,76,24,96,1978,255,255,255
1,76,25,96,1979,255,255,255
1,76,26,96,1980,255,255,255
1,76,27,96,1981,255,255,255
1,76,28,96,1982,255,255,255
1,76,29,96,1983,248,248,248
1,76,30,96,1984,254,254,254
1,76,31,96,1985,241,241,241
1,76,32,96,1986,229,229,229
1,76,33,96,1987,253,253,253
1,76,34,96,1988,255,255,255
1,76,35,96,1989,255,255,255
1,76,36,96,1990,255,255,255
1,76,37,96,1991,255,255,255
1,76,38,96,1992,255,255,255
1,76,39,96,1993,255,255,255
1,76,40,96,1994,255,255,255
1,76,41,96,1995,233,233,233
1,76,42,96,1996,224,224,224
1,76,43,96,1997,171,171,171
1,76,44,96,1998,221,221,221
1,76,45,96,1999,221,221,221
1,76,46,96,2000,249,249,249
1,76,47,96,2001,255,255,255
1,76,48,96,2002,255,255,255
1,76,49,96,2003,245,245,245
1,76,50,96,2004,222,222,222
1,76,51,96,2005,235,235,235
1,76,52,96,2006,235,235,235
1,76,53,96,2007,237,237,237
1,76,54,96,2008,251,251,251
1,76,55,96,2009,255,255,255
1,76,56,96,2010,255,255,255
1,76,57,96,2011,255,255,255
1,76,58,96,2012,250,250,250
1,76,59,96,2013,242,242,242
1,76,60,96,2014,255,255,255
1,76,61,96,2015,255,255,255
1,76,62,96,2016,255,255,255
1,76,63,96,2017,246,246,246
1,76,64,96,2018,227,227,227
1,76,65,96,2019,252,252,252
1,76,66,96,2020,223,223,223
1,76,67,96,2021,225,225,225
1,76,68,96,2022,186,186,186
1,77,0,97,1954,255,255,255
1,77,1,97,1955,255,255,255
1,77,2,97,1956,255,255,255
1,77,3,97,1957,255,255,255
1,77,4,97,1958,255,255,255
1,77,5,97,1959,255,255,255
1,77,6,97,1960,255,255,255
1,77,7,97,1961,255,255,255
1,77,8,97,1962,255,255,255
1,77,9,97,1963,255,255,255
1,77,10,97,1964,255,255,255
1,77,11,97,1965,255,255,255
1,77,12,97,1966,255,255,255
1,77,13,97,1967,255,255,255
1,77,14,97,1968,255,255,255
1,77,15,97,1969,255,255,255
1,77,16,97,1970,255,255,255
1,77,17,97,1971,255,255,255
1,77,18,97,1972,255,255,255
1,77,19,97,1973,255,255,255
1,77,20,97,1974,255,255,255
1,77,21,97,1975,255,255,255
1,77,22,97,1976,255,255,255
1,77,23,97,1977,255,255,255
1,77,24,97,1978,255,255,255
1,77,25,97,1979,255,255,255
1,77,26,97,1980,255,255,255
1,77,27,97,1981,255,255,255
1,77,28,97,1982,255,255,255
1,77,29,97,1983,255,255,255
1,77,30,97,1984,255,255,255
1,77,31,97,1985,255,255,255
1,77,32,97,1986,244,244,244
1,77,33,97,1987,253,253,253
1,77,34,97,1988,255,255,255
1,77,35,97,1989,255,255,255
1,77,36,97,1990,255,255,255
1,77,37,97,1991,255,255,255
1,77,38,97,1992,255,255,255
1,77,39,97,1993,255,255,255
1,77,40,97,1994,255,255,255
1,77,41,97,1995,253,253,253
1,77,42,97,1996,249,249,249
1,77,43,97,1997,133,133,133
1,77,44,97,1998,229,229,229
1,77,45,97,1999,231,231,231
1,77,46,97,2000,252,252,252
1,77,47,97,2001,255,255,255
1,77,48,97,2002,255,255,255
1,77,49,97,2003,245,245,245
1,77,50,97,2004,238,238,238
1,77,51,97,2005,239,239,239
1,77,52,97,2006,243,243,243
1,77,53,97,2007,242,242,242
1,77,54,97,2008,251,251,251
1,77,55,97,2009,255,255,255
1,77,56,97,2010,255,255,255
1,77,57,97,2011,255,255,255
1,77,58,97,2012,251,251,251
1,77,59,97,2013,250,250,250
1,77,60,97,2014,255,255,255
1,77,61,97,2015,255,255,255
1,77,62,97,2016,255,255,255
1,77,63,97,2017,254,254,254
1,77,64,97,2018,251,251,251
1,77,65,97,2019,254,254,254
1,77,66,97,2020,253,253,253
1,77,67,97,2021,245,245,245
1,77,68,97,2022,210,210,210
1,78,0,98,1954,255,255,255
1,78,1,98,1955,255,255,255
1,78,2,98,1956,255,255,255
1,78,3,98,1957,255,255,255
1,78,4,98,1958,255,255,255
1,78,5,98,1959,255,255,255
1,78,6,98,1960,255,255,255
1,78,7,98,1961,255,255,255
1,78,8,98,1962,255,255,255
1,78,9,98,1963,255,255,255
1,78,10,98,1964,255,255,255
1,78,11,98,1965,255,255,255
1,78,12,98,1966,255,255,255
1,78,13,98,1967,255,255,255
1,78,14,98,1968,255,255,255
1,78,15,98,1969,255,255,255
1,78,16,98,1970,255,255,255
1,78,17,98,1971,255,255,255
1,78,18,98,1972,255,255,255
1,78,19,98,1973,255,255,255
1,78,20,98,1974,255,255,255
1,78,21,98,1975,255,255,255
1,78,22,98,1976,255,255,255
1,78,23,98,1977,255,255,255
1,78,24,98,1978,255,255,255
1,78,25,98,1979,255,255,255
1,78,26,98,1980,255,255,255
1,78,27,98,1981,255,255,255
1,78,28,98,1982,255,255,255
1,78,29,98,1983,255,255,255
1,78,30,98,1984,255,255,255
1,78,31,98,1985,255,255,255
1,78,32,98,1986,255,255,255
1,78,33,98,1987,255,255,255
1,78,34,98,1988,255,255,255
1,78,35,98,1989,255,255,255
1,78,36,98,1990,255,255,255
1,78,37,98,1991,255,255,255
1,78,38,98,1992,255,255,255
1,78,39,98,1993,255,255,255
1,78,40,98,1994,255,255,255
1,78,41,98,1995,255,255,255
1,78,42,98,1996,255,255,255
1,78,43,98,1997,191,191,191
1,78,44,98,1998,243,243,243
1,78,45,98,1999,253,253,253
1,78,46,98,2000,254,254,254
1,78,47,98,2001,255,255,255
1,78,48,98,2002,255,255,255
1,78,49,98,2003,254,254,254
1,78,50,98,2004,251,251,251
1,78,51,98,2005,253,253,253
1,78,52,98,2006,253,253,253
1,78,53,98,2007,253,253,253
1,78,54,98,2008,255,255,255
1,78,55,98,2009,255,255,255
1,78,56,98,2010,255,255,255
1,78,57,98,2011,255,255,255
1,78,58,98,2012,255,255,255
1,78,59,98,2013,255,255,255
1,78,60,98,2014,255,255,255
1,78,61,98,2015,255,255,255
1,78,62,98,2016,255,255,255
1,78,63,98,2017,255,255,255
1,78,64,98,2018,255,255,255
1,78,65,98,2019,255,255,255
1,78,66,98,2020,255,255,255
1,78,67,98,2021,254,254,254
1,78,68,98,2022,248,248,248
1,79,0,99,1954,179,179,179
1,79,1,99,1955,181,181,181
1,79,2,99,1956,180,180,180
1,79,3,99,1957,181,181,181
1,79,4,99,1958,180,180,180
1,79,5,99,1959,181,181,181
1,79,6,99,1960,180,180,180
1,79,7,99,1961,181,181,181
1,79,8,99,1962,181,181,181
1,79,9,99,1963,180,180,180
1,79,10,99,1964,181,181,181
1,79,11,99,1965,181,181,181
1,79,12,99,1966,181,181,181
1,79,13,99,1967,181,181,181
1,79,14,99,1968,180,180,180
1,79,15,99,1969,181,181,181
1,79,16,99,1970,181,181,181
1,79,17,99,1971,180,180,180
1,79,18,99,1972,181,181,181
1,79,19,99,1973,179,179,179
1,79,20,99,1974,181,181,181
1,79,21,99,1975,181,181,181
1,79,22,99,1976,181,181,181
1,79,23,99,1977,181,181,181
1,79,24,99,1978,181,181,181
1,79,25,99,1979,181,181,181
1,79,26,99,1980,183,183,183
1,79,27,99,1981,181,181,181
1,79,28,99,1982,182,182,182
1,79,29,99,1983,180,180,180
1,79,30,99,1984,183,183,183
1,79,31,99,1985,181,181,181
1,79,32,99,1986,182,182,182
1,79,33,99,1987,183,183,183
1,79,34,99,1988,181,181,181
1,79,35,99,1989,183,183,183
1,79,36,99,1990,181,181,181
1,79,37,99,1991,182,182,182
1,79,38,99,1992,183,183,183
1,79,39,99,1993,181,181,181
1,79,40,99,1994,182,182,182
1,79,41,99,1995,181,181,181
1,79,42,99,1996,184,184,184
1,79,43,99,1997,181,181,181
1,79,44,99,1998,179,179,179
1,79,45,99,1999,185,185,185
1,79,46,99,2000,180,180,180
1,79,47,99,2001,183,183,183
1,79,48,99,2002,184,184,184
1,79,49,99,2003,184,184,184
1,79,50,99,2004,183,183,183
1,79,51,99,2005,182,182,182
1,79,52,99,2006,184,184,184
1,79,53,99,2007,183,183,183
1,79,54,99,2008,182,182,182
1,79,55,99,2009,181,181,181
1,79,56,99,2010,183,183,183
1,79,57,99,2011,183,183,183
1,79,58,99,2012,182,182,182
1,79,59,99,2013,183,183,183
1,79,60,99,2014,182,182,182
1,79,61,99,2015,182,182,182
1,79,62,99,2016,184,184,184
1,79,63,99,2017,182,182,182
1,79,64,99,2018,183,183,183
1,79,65,99,2019,182,182,182
1,79,66,99,2020,183,183,183
1,79,67,99,2021,183,183,183
1,79,68,99,2022,182,182,182
2,0,0,20,1954,246,246,246
2,0,1,20,1955,254,254,254
2,0,2,20,1956,254,254,254
2,0,3,20,1957,254,254,254
2,0,4,20,1958,253,253,253
2,0,5,20,1959,253,253,253
2,0,6,20,1960,253,253,253
2,0,7,20,1961,254,254,254
2,0,8,20,1962,254,254,254
2,0,9,20,1963,253,253,253
2,0,10,20,1964,254,254,254
2,0,11,20,1965,253,253,253
2,0,12,20,1966,253,253,253
2,0,13,20,1967,253,253,253
2,0,14,20,1968,254,254,254
2,0,15,20,1969,254,254,254
2,0,16,20,1970,254,254,254
2,0,17,20,1971,253,253,253
2,0,18,20,1972,253,253,253
2,0,19,20,1973,253,253,253
2,0,20,20,1974,252,252,252
2,0,21,20,1975,254,254,254
2,0,22,20,1976,254,254,254
2,0,23,20,1977,253,253,253
2,0,24,20,1978,254,254,254
2,0,25,20,1979,254,254,254
2,0,26,20,1980,253,253,253
2,0,27,20,1981,253,253,253
2,0,28,20,1982,253,253,253
2,0,29,20,1983,254,254,254
2,0,30,20,1984,254,254,254
2,0,31,20,1985,252,252,252
2,0,32,20,1986,253,253,253
2,0,33,20,1987,253,253,253
2,0,34,20,1988,253,253,253
2,0,35,20,1989,254,254,254
2,0,36,20,1990,253,253,253
2,0,37,20,1991,253,253,253
2,0,38,20,1992,253,253,253
2,0,39,20,1993,253,253,253
2,0,40,20,1994,254,254,254
2,0,41,20,1995,252,252,252
2,0,42,20,1996,253,253,253
2,0,43,20,1997,253,253,253
2,0,44,20,1998,253,253,253
2,0,45,20,1999,253,253,253
2,0,46,20,2000,253,253,253
2,0,47,20,2001,254,254,254
2,0,48,20,2002,253,253,253
2,0,49,20,2003,253,253,253
2,0,50,20,2004,252,252,252
2,0,51,20,2005,253,253,253
2,0,52,20,2006,252,252,252
2,0,53,20,2007,252,252,252
2,0,54,20,2008,253,253,253
2,0,55,20,2009,253,253,253
2,0,56,20,2010,252,252,252
2,0,57,20,2011,253,253,253
2,0,58,20,2012,252,252,252
2,0,59,20,2013,251,251,251
2,0,60,20,2014,252,252,252
2,0,61,20,2015,253,253,253
2,0,62,20,2016,254,254,254
2,0,63,20,2017,253,253,253
2,0,64,20,2018,253,253,253
2,0,65,20,2019,253,253,253
2,0,66,20,2020,253,253,253
2,0,67,20,2021,255,255,255
2,0,68,20,2022,248,248,248
2,1,0,21,1954,251,251,251
2,1,1,21,1955,254,254,254
2,1,2,21,1956,255,255,255
2,1,3,21,1957,255,255,255
2,1,4,21,1958,255,255,255
2,1,5,21,1959,255,255,255
2,1,6,21,1960,255,255,255
2,1,7,21,1961,255,255,255
2,1,8,21,1962,255,255,255
2,1,9,21,1963,255,255,255
2,1,10,21,1964,255,255,255
2,1,11,21,1965,255,255,255
2,1,12,21,1966,255,255,255
2,1,13,21,1967,255,255,255
2,1,14,21,1968,255,255,255
2,1,15,21,1969,255,255,255
2,1,16,21,1970,255,255,255
2,1,17,21,1971,255,255,255
2,1,18,21,1972,255,255,255
2,1,19,21,1973,255,255,255
2,1,20,21,1974,255,255,255
2,1,21,21,1975,255,255,255
2,1,22,21,1976,255,255,255
2,1,23,21,1977,255,255,255
2,1,24,21,1978,255,255,255
2,1,25,21,1979,255,255,255
2,1,26,21,1980,255,255,255
2,1,27,21,1981,255,255,255
2,1,28,21,1982,255,255,255
2,1,29,21,1983,255,255,255
2,1,30,21,1984,255,255,255
2,1,31,21,1985,255,255,255
2,1,32,21,1986,255,255,255
2,1,33,21,1987,255,255,255
2,1,34,21,1988,255,255,255
2,1,35,21,1989,255,255,255
2,1,36,21,1990,255,255,255
2,1,37,21,1991,255,255,255
2,1,38,21,1992,255,255,255
2,1,39,21,1993,255,255,255
2,1,40,21,1994,255,255,255
2,1,41,21,1995,255,255,255
2,1,42,21,1996,255,255,255
2,1,43,21,1997,255,255,255
2,1,44,21,1998,255,255,255
2,1,45,21,1999,255,255,255
2,1,46,21,2000,255,255,255
2,1,47,21,2001,255,255,255
2,1,48,21,2002,255,255,255
2,1,49,21,2003,255,255,255
2,1,50,21,2004,255,255,255
2,1,51,21,2005,255,255,255
2,1,52,21,2006,255,255,255
2,1,53,21,2007,255,255,255
2,1,54,21,2008,255,255,255
2,1,55,21,2009,255,255,255
2,1,56,21,2010,253,253,253
2,1,57,21,2011,255,255,255
2,1,58,21,2012,255,255,255
2,1,59,21,2013,254,254,254
2,1,60,21,2014,255,255,255
2,1,61,21,2015,255,255,255
2,1,62,21,2016,255,255,255
2,1,63,21,2017,255,255,255
2,1,64,21,2018,255,255,255
2,1,65,21,2019,255,255,255
2,1,66,21,2020,255,255,255
2,1,67,21,2021,255,255,255
2,1,68,21,2022,253,253,253
2,2,0,22,1954,252,252,252
2,2,1,22,1955,236,236,236
2,2,2,22,1956,255,255,255
2,2,3,22,1957,255,255,255
2,2,4,22,1958,255,255,255
2,2,5,22,1959,255,255,255
2,2,6,22,1960,255,255,255
2,2,7,22,1961,255,255,255
2,2,8,22,1962,255,255,255
2,2,9,22,1963,255,255,255
2,2,10,22,1964,255,255,255
2,2,11,22,1965,255,255,255
2,2,12,22,1966,255,255,255
2,2,13,22,1967,255,255,255
2,2,14,22,1968,255,255,255
2,2,15,22,1969,255,255,255
2,2,16,22,1970,255,255,255
2,2,17,22,1971,255,255,255
2,2,18,22,1972,255,255,255
2,2,19,22,1973,255,255,255
2,2,20,22,1974,255,255,255
2,2,21,22,1975,255,255,255
2,2,22,22,1976,255,255,255
2,2,23,22,1977,255,255,255
2,2,24,22,1978,255,255,255
2,2,25,22,1979,255,255,255
2,2,26,22,1980,255,255,255
2,2,27,22,1981,255,255,255
2,2,28,22,1982,255,255,255
2,2,29,22,1983,255,255,255
2,2,30,22,1984,255,255,255
2,2,31,22,1985,255,255,255
2,2,32,22,1986,255,255,255
2,2,33,22,1987,255,255,255
2,2,34,22,1988,255,255,255
2,2,35,22,1989,255,255,255
2,2,36,22,1990,255,255,255
2,2,37,22,1991,255,255,255
2,2,38,22,1992,255,255,255
2,2,39,22,1993,255,255,255
2,2,40,22,1994,255,255,255
2,2,41,22,1995,255,255,255
2,2,42,22,1996,255,255,255
2,2,43,22,1997,255,255,255
2,2,44,22,1998,254,254,254
2,2,45,22,1999,255,255,255
2,2,46,22,2000,255,255,255
2,2,47,22,2001,255,255,255
2,2,48,22,2002,255,255,255
2,2,49,22,2003,255,255,255
2,2,50,22,2004,255,255,255
2,2,51,22,2005,255,255,255
2,2,52,22,2006,255,255,255
2,2,53,22,2007,255,255,255
2,2,54,22,2008,255,255,255
2,2,55,22,2009,255,255,255
2,2,56,22,2010,253,253,253
2,2,57,22,2011,248,248,248
2,2,58,22,2012,255,255,255
2,2,59,22,2013,253,253,253
2,2,60,22,2014,253,253,253
2,2,61,22,2015,252,252,252
2,2,62,22,2016,255,255,255
2,2,63,22,2017,255,255,255
2,2,64,22,2018,255,255,255
2,2,65,22,2019,255,255,255
2,2,66,22,2020,255,255,255
2,2,67,22,2021,254,254,254
2,2,68,22,2022,249,249,249
2,3,0,23,1954,254,254,254
2,3,1,23,1955,254,254,254
2,3,2,23,1956,251,251,251
2,3,3,23,1957,255,255,255
2,3,4,23,1958,255,255,255
2,3,5,23,1959,255,255,255
2,3,6,23,1960,255,255,255
2,3,7,23,1961,255,255,255
2,3,8,23,1962,255,255,255
2,3,9,23,1963,255,255,255
2,3,10,23,1964,255,255,255
2,3,11,23,1965,255,255,255
2,3,12,23,1966,255,255,255
2,3,13,23,1967,255,255,255
2,3,14,23,1968,255,255,255
2,3,15,23,1969,255,255,255
2,3,16,23,1970,255,255,255
2,3,17,23,1971,255,255,255
2,3,18,23,1972,255,255,255
2,3,19,23,1973,255,255,255
2,3,20,23,1974,255,255,255
2,3,21,23,1975,255,255,255
2,3,22,23,1976,255,255,255
2,3,23,23,1977,255,255,255
2,3,24,23,1978,255,255,255
2,3,25,23,1979,255,255,255
2,3,26,23,1980,255,255,255
2,3,27,23,1981,255,255,255
2,3,28,23,1982,255,255,255
2,3,29,23,1983,255,255,255
2,3,30,23,1984,255,255,255
2,3,31,23,1985,255,255,255
2,3,32,23,1986,255,255,255
2,3,33,23,1987,255,255,255
2,3,34,23,1988,255,255,255
2,3,35,23,1989,255,255,255
2,3,36,23,1990,255,255,255
2,3,37,23,1991,255,255,255
2,3,38,23,1992,255,255,255
2,3,39,23,1993,255,255,255
2,3,40,23,1994,255,255,255
2,3,41,23,1995,255,255,255
2,3,42,23,1996,255,255,255
2,3,43,23,1997,234,234,234
2,3,44,23,1998,245,245,245
2,3,45,23,1999,247,247,247
2,3,46,23,2000,252,252,252
2,3,47,23,2001,255,255,255
2,3,48,23,2002,255,255,255
2,3,49,23,2003,255,255,255
2,3,50,23,2004,255,255,255
2,3,51,23,2005,253,253,253
2,3,52,23,2006,254,254,254
2,3,53,23,2007,253,253,253
2,3,54,23,2008,254,254,254
2,3,55,23,2009,255,255,255
2,3,56,23,2010,254,254,254
2,3,57,23,2011,254,254,254
2,3,58,23,2012,252,252,252
2,3,59,23,2013,251,251,251
2,3,60,23,2014,251,251,251
2,3,61,23,2015,237,237,237
2,3,62,23,2016,250,250,250
2,3,63,23,2017,255,255,255
2,3,64,23,2018,255,255,255
2,3,65,23,2019,254,254,254
2,3,66,23,2020,254,254,254
2,3,67,23,2021,252,252,252
2,3,68,23,2022,225,225,225
2,4,0,24,1954,251,251,251
2,4,1,24,1955,226,226,226
2,4,2,24,1956,255,255,255
2,4,3,24,1957,255,255,255
2,4,4,24,1958,255,255,255
2,4,5,24,1959,255,255,255
2,4,6,24,1960,255,255,255
2,4,7,24,1961,249,249,249
2,4,8,24,1962,255,255,255
2,4,9,24,1963,255,255,255
2,4,10,24,1964,255,255,255
2,4,11,24,1965,255,255,255
2,4,12,24,1966,255,255,255
2,4,13,24,1967,255,255,255
2,4,14,24,1968,255,255,255
2,4,15,24,1969,255,255,255
2,4,16,24,1970,255,255,255
2,4,17,24,1971,255,255,255
2,4,18,24,1972,255,255,255
2,4,19,24,1973,255,255,255
2,4,20,24,1974,255,255,255
2,4,21,24,1975,255,255,255
2,4,22,24,1976,255,255,255
2,4,23,24,1977,255,255,255
2,4,24,24,1978,255,255,255
2,4,25,24,1979,255,255,255
2,4,26,24,1980,255,255,255
2,4,27,24,1981,255,255,255
2,4,28,24,1982,255,255,255
2,4,29,24,1983,255,255,255
2,4,30,24,1984,255,255,255
2,4,31,24,1985,255,255,255
2,4,32,24,1986,255,255,255
2,4,33,24,1987,255,255,255
2,4,34,24,1988,255,255,255
2,4,35,24,1989,255,255,255
2,4,36,24,1990,255,255,255
2,4,37,24,1991,255,255,255
2,4,38,24,1992,255,255,255
2,4,39,24,1993,255,255,255
2,4,40,24,1994,255,255,255
2,4,41,24,1995,255,255,255
2,4,42,24,1996,255,255,255
2,4,43,24,1997,249,249,249
2,4,44,24,1998,217,217,217
2,4,45,24,1999,233,233,233
2,4,46,24,2000,250,250,250
2,4,47,24,2001,255,255,255
2,4,48,24,2002,255,255,255
2,4,49,24,2003,255,255,255
2,4,50,24,2004,255,255,255
2,4,51,24,2005,255,255,255
2,4,52,24,2006,249,249,249
2,4,53,24,2007,248,248,248
2,4,54,24,2008,252,252,252
2,4,55,24,2009,255,255,255
2,4,56,24,2010,255,255,255
2,4,57,24,2011,255,255,255
2,4,58,24,2012,254,254,254
2,4,59,24,2013,240,240,240
2,4,60,24,2014,250,250,250
2,4,61,24,2015,236,236,236
2,4,62,24,2016,249,249,249
2,4,63,24,2017,244,244,244
2,4,64,24,2018,249,249,249
2,4,65,24,2019,253,253,253
2,4,66,24,2020,246,246,246
2,4,67,24,2021,245,245,245
2,4,68,24,2022,251,251,251
2,5,0,25,1954,249,249,249
2,5,1,25,1955,211,211,211
2,5,2,25,1956,252,252,252
2,5,3,25,1957,255,255,255
2,5,4,25,1958,236,236,236
2,5,5,25,1959,253,253,253
2,5,6,25,1960,255,255,255
2,5,7,25,1961,254,254,254
2,5,8,25,1962,255,255,255
2,5,9,25,1963,255,255,255
2,5,10,25,1964,255,255,255
2,5,11,25,1965,255,255,255
2,5,12,25,1966,255,255,255
2,5,13,25,1967,255,255,255
2,5,14,25,1968,255,255,255
2,5,15,25,1969,255,255,255
2,5,16,25,1970,255,255,255
2,5,17,25,1971,255,255,255
2,5,18,25,1972,255,255,255
2,5,19,25,1973,255,255,255
2,5,20,25,1974,255,255,255
2,5,21,25,1975,255,255,255
2,5,22,25,1976,255,255,255
2,5,23,25,1977,255,255,255
2,5,24,25,1978,255,255,255
2,5,25,25,1979,255,255,255
2,5,26,25,1980,255,255,255
2,5,27,25,1981,255,255,255
2,5,28,25,1982,255,255,255
2,5,29,25,1983,255,255,255
2,5,30,25,1984,255,255,255
2,5,31,25,1985,255,255,255
2,5,32,25,1986,255,255,255
2,5,33,25,1987,255,255,255
2,5,34,25,1988,255,255,255
2,5,35,25,1989,255,255,255
2,5,36,25,1990,255,255,255
2,5,37,25,1991,255,255,255
2,5,38,25,1992,255,255,255
2,5,39,25,1993,255,255,255
2,5,40,25,1994,255,255,255
2,5,41,25,1995,255,255,255
2,5,42,25,1996,255,255,255
2,5,43,25,1997,221,221,221
2,5,44,25,1998,208,208,208
2,5,45,25,1999,208,208,208
2,5,46,25,2000,249,249,249
2,5,47,25,2001,255,255,255
2,5,48,25,2002,255,255,255
2,5,49,25,2003,255,255,255
2,5,50,25,2004,255,255,255
2,5,51,25,2005,255,255,255
2,5,52,25,2006,254,254,254
2,5,53,25,2007,254,254,254
2,5,54,25,2008,252,252,252
2,5,55,25,2009,255,255,255
2,5,56,25,2010,255,255,255
2,5,57,25,2011,255,255,255
2,5,58,25,2012,255,255,255
2,5,59,25,2013,253,253,253
2,5,60,25,2014,250,250,250
2,5,61,25,2015,221,221,221
2,5,62,25,2016,246,246,246
2,5,63,25,2017,236,236,236
2,5,64,25,2018,221,221,221
2,5,65,25,2019,252,252,252
2,5,66,25,2020,246,246,246
2,5,67,25,2021,232,232,232
2,5,68,25,2022,206,206,206
2,6,0,26,1954,250,250,250
2,6,1,26,1955,196,196,196
2,6,2,26,1956,251,251,251
2,6,3,26,1957,255,255,255
2,6,4,26,1958,246,246,246
2,6,5,26,1959,231,231,231
2,6,6,26,1960,252,252,252
2,6,7,26,1961,255,255,255
2,6,8,26,1962,255,255,255
2,6,9,26,1963,250,250,250
2,6,10,26,1964,255,255,255
2,6,11,26,1965,255,255,255
2,6,12,26,1966,255,255,255
2,6,13,26,1967,255,255,255
2,6,14,26,1968,255,255,255
2,6,15,26,1969,255,255,255
2,6,16,26,1970,255,255,255
2,6,17,26,1971,255,255,255
2,6,18,26,1972,255,255,255
2,6,19,26,1973,255,255,255
2,6,20,26,1974,255,255,255
2,6,21,26,1975,255,255,255
2,6,22,26,1976,255,255,255
2,6,23,26,1977,255,255,255
2,6,24,26,1978,255,255,255
2,6,25,26,1979,255,255,255
2,6,26,26,1980,255,255,255
2,6,27,26,1981,255,255,255
2,6,28,26,1982,255,255,255
2,6,29,26,1983,255,255,255
2,6,30,26,1984,255,255,255
2,6,31,26,1985,255,255,255
2,6,32,26,1986,255,255,255
2,6,33,26,1987,255,255,255
2,6,34,26,1988,255,255,255
2,6,35,26,1989,255,255,255
2,6,36,26,1990,255,255,255
2,6,37,26,1991,255,255,255
2,6,38,26,1992,255,255,255
2,6,39,26,1993,255,255,255
2,6,40,26,1994,255,255,255
2,6,41,26,1995,255,255,255
2,6,42,26,1996,255,255,255
2,6,43,26,1997,205,205,205
2,6,44,26,1998,211,211,211
2,6,45,26,1999,208,208,208
2,6,46,26,2000,248,248,248
2,6,47,26,2001,255,255,255
2,6,48,26,2002,255,255,255
2,6,49,26,2003,255,255,255
2,6,50,26,2004,255,255,255
2,6,51,26,2005,255,255,255
2,6,52,26,2006,255,255,255
2,6,53,26,2007,255,255,255
2,6,54,26,2008,255,255,255
2,6,55,26,2009,255,255,255
2,6,56,26,2010,255,255,255
2,6,57,26,2011,255,255,255
2,6,58,26,2012,255,255,255
2,6,59,26,2013,255,255,255
2,6,60,26,2014,252,252,252
2,6,61,26,2015,218,218,218
2,6,62,26,2016,245,245,245
2,6,63,26,2017,237,237,237
2,6,64,26,2018,214,214,214
2,6,65,26,2019,247,247,247
2,6,66,26,2020,236,236,236
2,6,67,26,2021,224,224,224
2,6,68,26,2022,193,193,193
2,7,0,27,1954,252,252,252
2,7,1,27,1955,205,205,205
2,7,2,27,1956,245,245,245
2,7,3,27,1957,255,255,255
2,7,4,27,1958,231,231,231
2,7,5,27,1959,240,240,240
2,7,6,27,1960,241,241,241
2,7,7,27,1961,233,233,233
2,7,8,27,1962,255,255,255
2,7,9,27,1963,255,255,255
2,7,10,27,1964,243,243,243
2,7,11,27,1965,254,254,254
2,7,12,27,1966,255,255,255
2,7,13,27,1967,255,255,255
2,7,14,27,1968,255,255,255
2,7,15,27,1969,255,255,255
2,7,16,27,1970,255,255,255
2,7,17,27,1971,255,255,255
2,7,18,27,1972,255,255,255
2,7,19,27,1973,255,255,255
2,7,20,27,1974,255,255,255
2,7,21,27,1975,255,255,255
2,7,22,27,1976,255,255,255
2,7,23,27,1977,255,255,255
2,7,24,27,1978,255,255,255
2,7,25,27,1979,255,255,255
2,7,26,27,1980,255,255,255
2,7,27,27,1981,255,255,255
2,7,28,27,1982,255,255,255
2,7,29,27,1983,255,255,255
2,7,30,27,1984,255,255,255
2,7,31,27,1985,255,255,255
2,7,32,27,1986,255,255,255
2,7,33,27,1987,255,255,255
2,7,34,27,1988,255,255,255
2,7,35,27,1989,255,255,255
2,7,36,27,1990,255,255,255
2,7,37,27,1991,255,255,255
2,7,38,27,1992,255,255,255
2,7,39,27,1993,255,255,255
2,7,40,27,1994,255,255,255
2,7,41,27,1995,255,255,255
2,7,42,27,1996,255,255,255
2,7,43,27,1997,156,156,156
2,7,44,27,1998,208,208,208
2,7,45,27,1999,207,207,207
2,7,46,27,2000,248,248,248
2,7,47,27,2001,255,255,255
2,7,48,27,2002,255,255,255
2,7,49,27,2003,255,255,255
2,7,50,27,2004,255,255,255
2,7,51,27,2005,254,254,254
2,7,52,27,2006,255,255,255
2,7,53,27,2007,255,255,255
2,7,54,27,2008,255,255,255
2,7,55,27,2009,255,255,255
2,7,56,27,2010,255,255,255
2,7,57,27,2011,255,255,255
2,7,58,27,2012,255,255,255
2,7,59,27,2013,255,255,255
2,7,60,27,2014,254,254,254
2,7,61,27,2015,252,252,252
2,7,62,27,2016,243,243,243
2,7,63,27,2017,231,231,231
2,7,64,27,2018,222,222,222
2,7,65,27,2019,250,250,250
2,7,66,27,2020,209,209,209
2,7,67,27,2021,226,226,226
2,7,68,27,2022,189,189,189
2,8,0,28,1954,250,250,250
2,8,1,28,1955,190,190,190
2,8,2,28,1956,248,248,248
2,8,3,28,1957,255,255,255
2,8,4,28,1958,225,225,225
2,8,5,28,1959,233,233,233
2,8,6,28,1960,252,252,252
2,8,7,28,1961,203,203,203
2,8,8,28,1962,255,255,255
2,8,9,28,1963,254,254,254
2,8,10,28,1964,254,254,254
2,8,11,28,1965,243,243,243
2,8,12,28,1966,254,254,254
2,8,13,28,1967,255,255,255
2,8,14,28,1968,255,255,255
2,8,15,28,1969,255,255,255
2,8,16,28,1970,255,255,255
2,8,17,28,1971,255,255,255
2,8,18,28,1972,255,255,255
2,8,19,28,1973,255,255,255
2,8,20,28,1974,255,255,255
2,8,21,28,1975,255,255,255
2,8,22,28,1976,255,255,255
2,8,23,28,1977,255,255,255
2,8,24,28,1978,255,255,255
2,8,25,28,1979,255,255,255
2,8,26,28,1980,255,255,255
2,8,27,28,1981,255,255,255
2,8,28,28,1982,255,255,255
2,8,29,28,1983,255,255,255
2,8,30,28,1984,255,255,255
2,8,31,28,1985,255,255,255
2,8,32,28,1986,255,255,255
2,8,33,28,1987,255,255,255
2,8,34,28,1988,255,255,255
2,8,35,28,1989,255,255,255
2,8,36,28,1990,255,255,255
2,8,37,28,1991,255,255,255
2,8,38,28,1992,255,255,255
2,8,39,28,1993,255,255,255
2,8,40,28,1994,255,255,255
2,8,41,28,1995,255,255,255
2,8,42,28,1996,254,254,254
2,8,43,28,1997,211,211,211
2,8,44,28,1998,200,200,200
2,8,45,28,1999,210,210,210
2,8,46,28,2000,249,249,249
2,8,47,28,2001,255,255,255
2,8,48,28,2002,255,255,255
2,8,49,28,2003,255,255,255
2,8,50,28,2004,249,249,249
2,8,51,28,2005,249,249,249
2,8,52,28,2006,255,255,255
2,8,53,28,2007,255,255,255
2,8,54,28,2008,255,255,255
2,8,55,28,2009,255,255,255
2,8,56,28,2010,253,253,253
2,8,57,28,2011,252,252,252
2,8,58,28,2012,255,255,255
2,8,59,28,2013,255,255,255
2,8,60,28,2014,255,255,255
2,8,61,28,2015,254,254,254
2,8,62,28,2016,253,253,253
2,8,63,28,2017,221,221,221
2,8,64,28,2018,217,217,217
2,8,65,28,2019,247,247,247
2,8,66,28,2020,209,209,209
2,8,67,28,2021,211,211,211
2,8,68,28,2022,178,178,178
2,9,0,29,1954,250,250,250
2,9,1,29,1955,190,190,190
2,9,2,29,1956,249,249,249
2,9,3,29,1957,255,255,255
2,9,4,29,1958,223,223,223
2,9,5,29,1959,231,231,231
2,9,6,29,1960,251,251,251
2,9,7,29,1961,213,213,213
2,9,8,29,1962,255,255,255
2,9,9,29,1963,247,247,247
2,9,10,29,1964,254,254,254
2,9,11,29,1965,254,254,254
2,9,12,29,1966,255,255,255
2,9,13,29,1967,255,255,255
2,9,14,29,1968,255,255,255
2,9,15,29,1969,255,255,255
2,9,16,29,1970,255,255,255
2,9,17,29,1971,255,255,255
2,9,18,29,1972,255,255,255
2,9,19,29,1973,255,255,255
2,9,20,29,1974,255,255,255
2,9,21,29,1975,255,255,255
2,9,22,29,1976,255,255,255
2,9,23,29,1977,255,255,255
2,9,24,29,1978,255,255,255
2,9,25,29,1979,255,255,255
2,9,26,29,1980,255,255,255
2,9,27,29,1981,255,255,255
2,9,28,29,1982,255,255,255
2,9,29,29,1983,255,255,255
2,9,30,29,1984,255,255,255
2,9,31,29,1985,255,255,255
2,9,32,29,1986,255,255,255
2,9,33,29,1987,255,255,255
2,9,34,29,1988,255,255,255
2,9,35,29,1989,255,255,255
2,9,36,29,1990,255,255,255
2,9,37,29,1991,255,255,255
2,9,38,29,1992,255,255,255
2,9,39,29,1993,255,255,255
2,9,40,29,1994,255,255,255
2,9,41,29,1995,255,255,255
2,9,42,29,1996,248,248,248
2,9,43,29,1997,149,149,149
2,9,44,29,1998,199,199,199
2,9,45,29,1999,209,209,209
2,9,46,29,2000,249,249,249
2,9,47,29,2001,255,255,255
2,9,48,29,2002,255,255,255
2,9,49,29,2003,253,253,253
2,9,50,29,2004,246,246,246
2,9,51,29,2005,243,243,243
2,9,52,29,2006,250,250,250
2,9,53,29,2007,255,255,255
2,9,54,29,2008,255,255,255
2,9,55,29,2009,255,255,255
2,9,56,29,2010,255,255,255
2,9,57,29,2011,254,254,254
2,9,58,29,2012,253,253,253
2,9,59,29,2013,254,254,254
2,9,60,29,2014,255,255,255
2,9,61,29,2015,255,255,255
2,9,62,29,2016,251,251,251
2,9,63,29,2017,249,249,249
2,9,64,29,2018,192,192,192
2,9,65,29,2019,248,248,248
2,9,66,29,2020,206,206,206
2,9,67,29,2021,196,196,196
2,9,68,29,2022,158,158,158
2,10,0,30,1954,253,253,253
2,10,1,30,1955,252,252,252
2,10,2,30,1956,251,251,251
2,10,3,30,1957,255,255,255
2,10,4,30,1958,221,221,221
2,10,5,30,1959,228,228,228
2,10,6,30,1960,252,252,252
2,10,7,30,1961,209,209,209
2,10,8,30,1962,255,255,255
2,10,9,30,1963,244,244,244
2,10,10,30,1964,231,231,231
2,10,11,30,1965,253,253,253
2,10,12,30,1966,254,254,254
2,10,13,30,1967,252,252,252
2,10,14,30,1968,255,255,255
2,10,15,30,1969,255,255,255
2,10,16,30,1970,255,255,255
2,10,17,30,1971,255,255,255
2,10,18,30,1972,255,255,255
2,10,19,30,1973,255,255,255
2,10,20,30,1974,255,255,255
2,10,21,30,1975,255,255,255
2,10,22,30,1976,255,255,255
2,10,23,30,1977,255,255,255
2,10,24,30,1978,255,255,255
2,10,25,30,1979,255,255,255
2,10,26,30,1980,255,255,255
2,10,27,30,1981,255,255,255
2,10,28,30,1982,255,255,255
2,10,29,30,1983,255,255,255
2,10,30,30,1984,255,255,255
2,10,31,30,1985,255,255,255
2,10,32,30,1986,255,255,255
2,10,33,30,1987,255,255,255
2,10,34,30,1988,255,255,255
2,10,35,30,1989,255,255,255
2,10,36,30,1990,255,255,255
2,10,37,30,1991,255,255,255
2,10,38,30,1992,255,255,255
2,10,39,30,1993,255,255,255
2,10,40,30,1994,255,255,255
2,10,41,30,1995,254,254,254
2,10,42,30,1996,246,246,246
2,10,43,30,1997,102,102,102
2,10,44,30,1998,197,197,197
2,10,45,30,1999,210,210,210
2,10,46,30,2000,247,247,247
2,10,47,30,2001,255,255,255
2,10,48,30,2002,255,255,255
2,10,49,30,2003,252,252,252
2,10,50,30,2004,238,238,238
2,10,51,30,2005,240,240,240
2,10,52,30,2006,245,245,245
2,10,53,30,2007,241,241,241
2,10,54,30,2008,254,254,254
2,10,55,30,2009,255,255,255
2,10,56,30,2010,255,255,255
2,10,57,30,2011,255,255,255
2,10,58,30,2012,252,252,252
2,10,59,30,2013,244,244,244
2,10,60,30,2014,255,255,255
2,10,61,30,2015,255,255,255
2,10,62,30,2016,255,255,255
2,10,63,30,2017,253,253,253
2,10,64,30,2018,252,252,252
2,10,65,30,2019,249,249,249
2,10,66,30,2020,203,203,203
2,10,67,30,2021,205,205,205
2,10,68,30,2022,146,146,146
2,11,0,31,1954,254,254,254
2,11,1,31,1955,183,183,183
2,11,2,31,1956,254,254,254
2,11,3,31,1957,255,255,255
2,11,4,31,1958,212,212,212
2,11,5,31,1959,226,226,226
2,11,6,31,1960,252,252,252
2,11,7,31,1961,203,203,203
2,11,8,31,1962,255,255,255
2,11,9,31,1963,241,241,241
2,11,10,31,1964,214,214,214
2,11,11,31,1965,236,236,236
2,11,12,31,1966,253,253,253
2,11,13,31,1967,255,255,255
2,11,14,31,1968,255,255,255
2,11,15,31,1969,255,255,255
2,11,16,31,1970,255,255,255
2,11,17,31,1971,255,255,255
2,11,18,31,1972,255,255,255
2,11,19,31,1973,255,255,255
2,11,20,31,1974,255,255,255
2,11,21,31,1975,255,255,255
2,11,22,31,1976,255,255,255
2,11,23,31,1977,255,255,255
2,11,24,31,1978,255,255,255
2,11,25,31,1979,255,255,255
2,11,26,31,1980,255,255,255
2,11,27,31,1981,255,255,255
2,11,28,31,1982,255,255,255
2,11,29,31,1983,255,255,255
2,11,30,31,1984,255,255,255
2,11,31,31,1985,255,255,255
2,11,32,31,1986,255,255,255
2,11,33,31,1987,255,255,255
2,11,34,31,1988,255,255,255
2,11,35,31,1989,255,255,255
2,11,36,31,1990,255,255,255
2,11,37,31,1991,255,255,255
2,11,38,31,1992,255,255,255
2,11,39,31,1993,255,255,255
2,11,40,31,1994,255,255,255
2,11,41,31,1995,234,234,234
2,11,42,31,1996,223,223,223
2,11,43,31,1997,137,137,137
2,11,44,31,1998,194,194,194
2,11,45,31,1999,191,191,191
2,11,46,31,2000,243,243,243
2,11,47,31,2001,255,255,255
2,11,48,31,2002,255,255,255
2,11,49,31,2003,252,252,252
2,11,50,31,2004,237,237,237
2,11,51,31,2005,231,231,231
2,11,52,31,2006,241,241,241
2,11,53,31,2007,236,236,236
2,11,54,31,2008,250,250,250
2,11,55,31,2009,255,255,255
2,11,56,31,2010,255,255,255
2,11,57,31,2011,255,255,255
2,11,58,31,2012,255,255,255
2,11,59,31,2013,253,253,253
2,11,60,31,2014,251,251,251
2,11,61,31,2015,254,254,254
2,11,62,31,2016,255,255,255
2,11,63,31,2017,255,255,255
2,11,64,31,2018,254,254,254
2,11,65,31,2019,252,252,252
2,11,66,31,2020,189,189,189
2,11,67,31,2021,183,183,183
2,11,68,31,2022,152,152,152
2,12,0,32,1954,254,254,254
2,12,1,32,1955,203,203,203
2,12,2,32,1956,242,242,242
2,12,3,32,1957,255,255,255
2,12,4,32,1958,210,210,210
2,12,5,32,1959,223,223,223
2,12,6,32,1960,252,252,252
2,12,7,32,1961,179,179,179
2,12,8,32,1962,255,255,255
2,12,9,32,1963,243,243,243
2,12,10,32,1964,224,224,224
2,12,11,32,1965,228,228,228
2,12,12,32,1966,254,254,254
2,12,13,32,1967,255,255,255
2,12,14,32,1968,255,255,255
2,12,15,32,1969,255,255,255
2,12,16,32,1970,255,255,255
2,12,17,32,1971,255,255,255
2,12,18,32,1972,255,255,255
2,12,19,32,1973,255,255,255
2,12,20,32,1974,255,255,255
2,12,21,32,1975,255,255,255
2,12,22,32,1976,255,255,255
2,12,23,32,1977,255,255,255
2,12,24,32,1978,255,255,255
2,12,25,32,1979,255,255,255
2,12,26,32,1980,255,255,255
2,12,27,32,1981,255,255,255
2,12,28,32,1982,255,255,255
2,12,29,32,1983,255,255,255
2,12,30,32,1984,255,255,255
2,12,31,32,1985,255,255,255
2,12,32,32,1986,255,255,255
2,12,33,32,1987,255,255,255
2,12,34,32,1988,255,255,255
2,12,35,32,1989,255,255,255
2,12,36,32,1990,255,255,255
2,12,37,32,1991,255,255,255
2,12,38,32,1992,255,255,255
2,12,39,32,1993,255,255,255
2,12,40,32,1994,255,255,255
2,12,41,32,1995,235,235,235
2,12,42,32,1996,196,196,196
2,12,43,32,1997,80,80,80
2,12,44,32,1998,194,194,194
2,12,45,32,1999,188,188,188
2,12,46,32,2000,248,248,248
2,12,47,32,2001,255,255,255
2,12,48,32,2002,255,255,255
2,12,49,32,2003,251,251,251
2,12,50,32,2004,238,238,238
2,12,51,32,2005,235,235,235
2,12,52,32,2006,241,241,241
2,12,53,32,2007,238,238,238
2,12,54,32,2008,247,247,247
2,12,55,32,2009,255,255,255
2,12,56,32,2010,255,255,255
2,12,57,32,2011,255,255,255
2,12,58,32,2012,255,255,255
2,12,59,32,2013,255,255,255
2,12,60,32,2014,250,250,250
2,12,61,32,2015,218,218,218
2,12,62,32,2016,254,254,254
2,12,63,32,2017,255,255,255
2,12,64,32,2018,255,255,255
2,12,65,32,2019,254,254,254
2,12,66,32,2020,253,253,253
2,12,67,32,2021,174,174,174
2,12,68,32,2022,147,147,147
2,13,0,33,1954,254,254,254
2,13,1,33,1955,195,195,195
2,13,2,33,1956,241,241,241
2,13,3,33,1957,255,255,255
2,13,4,33,1958,249,249,249
2,13,5,33,1959,222,222,222
2,13,6,33,1960,254,254,254
2,13,7,33,1961,177,177,177
2,13,8,33,1962,255,255,255
2,13,9,33,1963,235,235,235
2,13,10,33,1964,212,212,212
2,13,11,33,1965,228,228,228
2,13,12,33,1966,253,253,253
2,13,13,33,1967,250,250,250
2,13,14,33,1968,255,255,255
2,13,15,33,1969,255,255,255
2,13,16,33,1970,255,255,255
2,13,17,33,1971,255,255,255
2,13,18,33,1972,255,255,255
2,13,19,33,1973,255,255,255
2,13,20,33,1974,255,255,255
2,13,21,33,1975,255,255,255
2,13,22,33,1976,255,255,255
2,13,23,33,1977,255,255,255
2,13,24,33,1978,255,255,255
2,13,25,33,1979,255,255,255
2,13,26,33,1980,255,255,255
2,13,27,33,1981,255,255,255
2,13,28,33,1982,255,255,255
2,13,29,33,1983,255,255,255
2,13,30,33,1984,255,255,255
2,13,31,33,1985,255,255,255
2,13,32,33,1986,255,255,255
2,13,33,33,1987,255,255,255
2,13,34,33,1988,255,255,255
2,13,35,33,1989,255,255,255
2,13,36,33,1990,255,255,255
2,13,37,33,1991,255,255,255
2,13,38,33,1992,255,255,255
2,13,39,33,1993,255,255,255
2,13,40,33,1994,255,255,255
2,13,41,33,1995,226,226,226
2,13,42,33,1996,179,179,179
2,13,43,33,1997,62,62,62
2,13,44,33,1998,187,187,187
2,13,45,33,1999,198,198,198
2,13,46,33,2000,245,245,245
2,13,47,33,2001,255,255,255
2,13,48,33,2002,255,255,255
2,13,49,33,2003,253,253,253
2,13,50,33,2004,242,242,242
2,13,51,33,2005,231,231,231
2,13,52,33,2006,240,240,240
2,13,53,33,2007,228,228,228
2,13,54,33,2008,249,249,249
2,13,55,33,2009,255,255,255
2,13,56,33,2010,255,255,255
2,13,57,33,2011,254,254,254
2,13,58,33,2012,255,255,255
2,13,59,33,2013,255,255,255
2,13,60,33,2014,254,254,254
2,13,61,33,2015,251,251,251
2,13,62,33,2016,244,244,244
2,13,63,33,2017,255,255,255
2,13,64,33,2018,255,255,255
2,13,65,33,2019,255,255,255
2,13,66,33,2020,254,254,254
2,13,67,33,2021,253,253,253
2,13,68,33,2022,131,131,131
2,14,0,34,1954,253,253,253
2,14,1,34,1955,198,198,198
2,14,2,34,1956,245,245,245
2,14,3,34,1957,255,255,255
2,14,4,34,1958,221,221,221
2,14,5,34,1959,233,233,233
2,14,6,34,1960,253,253,253
2,14,7,34,1961,175,175,175
2,14,8,34,1962,255,255,255
2,14,9,34,1963,236,236,236
2,14,10,34,1964,215,215,215
2,14,11,34,1965,227,227,227
2,14,12,34,1966,254,254,254
2,14,13,34,1967,246,246,246
2,14,14,34,1968,255,255,255
2,14,15,34,1969,255,255,255
2,14,16,34,1970,255,255,255
2,14,17,34,1971,255,255,255
2,14,18,34,1972,255,255,255
2,14,19,34,1973,255,255,255
2,14,20,34,1974,255,255,255
2,14,21,34,1975,255,255,255
2,14,22,34,1976,255,255,255
2,14,23,34,1977,255,255,255
2,14,24,34,1978,255,255,255
2,14,25,34,1979,255,255,255
2,14,26,34,1980,255,255,255
2,14,27,34,1981,255,255,255
2,14,28,34,1982,255,255,255
2,14,29,34,1983,255,255,255
2,14,30,34,1984,255,255,255
2,14,31,34,1985,255,255,255
2,14,32,34,1986,255,255,255
2,14,33,34,1987,255,255,255
2,14,34,34,1988,255,255,255
2,14,35,34,1989,255,255,255
2,14,36,34,1990,255,255,255
2,14,37,34,1991,255,255,255
2,14,38,34,1992,255,255,255
2,14,39,34,1993,255,255,255
2,14,40,34,1994,255,255,255
2,14,41,34,1995,217,217,217
2,14,42,34,1996,165,165,165
2,14,43,34,1997,63,63,63
2,14,44,34,1998,180,180,180
2,14,45,34,1999,197,197,197
2,14,46,34,2000,244,244,244
2,14,47,34,2001,254,254,254
2,14,48,34,2002,255,255,255
2,14,49,34,2003,251,251,251
2,14,50,34,2004,228,228,228
2,14,51,34,2005,220,220,220
2,14,52,34,2006,240,240,240
2,14,53,34,2007,233,233,233
2,14,54,34,2008,246,246,246
2,14,55,34,2009,255,255,255
2,14,56,34,2010,252,252,252
2,14,57,34,2011,251,251,251
2,14,58,34,2012,254,254,254
2,14,59,34,2013,254,254,254
2,14,60,34,2014,255,255,255
2,14,61,34,2015,254,254,254
2,14,62,34,2016,251,251,251
2,14,63,34,2017,221,221,221
2,14,64,34,2018,247,247,247
2,14,65,34,2019,254,254,254
2,14,66,34,2020,254,254,254
2,14,67,34,2021,252,252,252
2,14,68,34,2022,242,242,242
2,15,0,35,1954,252,252,252
2,15,1,35,1955,201,201,201
2,15,2,35,1956,242,242,242
2,15,3,35,1957,255,255,255
2,15,4,35,1958,216,216,216
2,15,5,35,1959,221,221,221
2,15,6,35,1960,252,252,252
2,15,7,35,1961,185,185,185
2,15,8,35,1962,255,255,255
2,15,9,35,1963,236,236,236
2,15,10,35,1964,199,199,199
2,15,11,35,1965,223,223,223
2,15,12,35,1966,253,253,253
2,15,13,35,1967,242,242,242
2,15,14,35,1968,255,255,255
2,15,15,35,1969,255,255,255
2,15,16,35,1970,255,255,255
2,15,17,35,1971,255,255,255
2,15,18,35,1972,255,255,255
2,15,19,35,1973,255,255,255
2,15,20,35,1974,255,255,255
2,15,21,35,1975,255,255,255
2,15,22,35,1976,255,255,255
2,15,23,35,1977,255,255,255
2,15,24,35,1978,255,255,255
2,15,25,35,1979,255,255,255
2,15,26,35,1980,255,255,255
2,15,27,35,1981,255,255,255
2,15,28,35,1982,255,255,255
2,15,29,35,1983,255,255,255
2,15,30,35,1984,255,255,255
2,15,31,35,1985,255,255,255
2,15,32,35,1986,255,255,255
2,15,33,35,1987,255,255,255
2,15,34,35,1988,255,255,255
2,15,35,35,1989,255,255,255
2,15,36,35,1990,255,255,255
2,15,37,35,1991,255,255,255
2,15,38,35,1992,255,255,255
2,15,39,35,1993,255,255,255
2,15,40,35,1994,255,255,255
2,15,41,35,1995,247,247,247
2,15,42,35,1996,163,163,163
2,15,43,35,1997,51,51,51
2,15,44,35,1998,176,176,176
2,15,45,35,1999,193,193,193
2,15,46,35,2000,244,244,244
2,15,47,35,2001,255,255,255
2,15,48,35,2002,255,255,255
2,15,49,35,2003,250,250,250
2,15,50,35,2004,232,232,232
2,15,51,35,2005,228,228,228
2,15,52,35,2006,239,239,239
2,15,53,35,2007,231,231,231
2,15,54,35,2008,246,246,246
2,15,55,35,2009,255,255,255
2,15,56,35,2010,255,255,255
2,15,57,35,2011,254,254,254
2,15,58,35,2012,250,250,250
2,15,59,35,2013,243,243,243
2,15,60,35,2014,255,255,255
2,15,61,35,2015,255,255,255
2,15,62,35,2016,254,254,254
2,15,63,35,2017,249,249,249
2,15,64,35,2018,187,187,187
2,15,65,35,2019,249,249,249
2,15,66,35,2020,253,253,253
2,15,67,35,2021,243,243,243
2,15,68,35,2022,207,207,207
2,16,0,36,1954,253,253,253
2,16,1,36,1955,255,255,255
2,16,2,36,1956,240,240,240
2,16,3,36,1957,255,255,255
2,16,4,36,1958,214,214,214
2,16,5,36,1959,217,217,217
2,16,6,36,1960,250,250,250
2,16,7,36,1961,170,170,170
2,16,8,36,1962,255,255,255
2,16,9,36,1963,241,241,241
2,16,10,36,1964,212,212,212
2,16,11,36,1965,220,220,220
2,16,12,36,1966,255,255,255
2,16,13,36,1967,244,244,244
2,16,14,36,1968,255,255,255
2,16,15,36,1969,255,255,255
2,16,16,36,1970,255,255,255
2,16,17,36,1971,255,255,255
2,16,18,36,1972,255,255,255
2,16,19,36,1973,255,255,255
2,16,20,36,1974,255,255,255
2,16,21,36,1975,255,255,255
2,16,22,36,1976,255,255,255
2,16,23,36,1977,255,255,255
2,16,24,36,1978,255,255,255
2,16,25,36,1979,255,255,255
2,16,26,36,1980,255,255,255
2,16,27,36,1981,255,255,255
2,16,28,36,1982,255,255,255
2,16,29,36,1983,255,255,255
2,16,30,36,1984,255,255,255
2,16,31,36,1985,255,255,255
2,16,32,36,1986,255,255,255
2,16,33,36,1987,255,255,255
2,16,34,36,1988,255,255,255
2,16,35,36,1989,255,255,255
2,16,36,36,1990,255,255,255
2,16,37,36,1991,255,255,255
2,16,38,36,1992,255,255,255
2,16,39,36,1993,255,255,255
2,16,40,36,1994,255,255,255
2,16,41,36,1995,246,246,246
2,16,42,36,1996,166,166,166
2,16,43,36,1997,47,47,47
2,16,44,36,1998,177,177,177
2,16,45,36,1999,197,197,197
2,16,46,36,2000,248,248,248
2,16,47,36,2001,255,255,255
2,16,48,36,2002,255,255,255
2,16,49,36,2003,249,249,249
2,16,50,36,2004,227,227,227
2,16,51,36,2005,219,219,219
2,16,52,36,2006,237,237,237
2,16,53,36,2007,223,223,223
2,16,54,36,2008,246,246,246
2,16,55,36,2009,255,255,255
2,16,56,36,2010,255,255,255
2,16,57,36,2011,254,254,254
2,16,58,36,2012,252,252,252
2,16,59,36,2013,237,237,237
2,16,60,36,2014,249,249,249
2,16,61,36,2015,253,253,253
2,16,62,36,2016,255,255,255
2,16,63,36,2017,254,254,254
2,16,64,36,2018,230,230,230
2,16,65,36,2019,243,243,243
2,16,66,36,2020,190,190,190
2,16,67,36,2021,192,192,192
2,16,68,36,2022,128,128,128
2,17,0,37,1954,252,252,252
2,17,1,37,1955,252,252,252
2,17,2,37,1956,255,255,255
2,17,3,37,1957,255,255,255
2,17,4,37,1958,212,212,212
2,17,5,37,1959,215,215,215
2,17,6,37,1960,251,251,251
2,17,7,37,1961,185,185,185
2,17,8,37,1962,255,255,255
2,17,9,37,1963,235,235,235
2,17,10,37,1964,198,198,198
2,17,11,37,1965,219,219,219
2,17,12,37,1966,254,254,254
2,17,13,37,1967,251,251,251
2,17,14,37,1968,255,255,255
2,17,15,37,1969,255,255,255
2,17,16,37,1970,255,255,255
2,17,17,37,1971,255,255,255
2,17,18,37,1972,255,255,255
2,17,19,37,1973,255,255,255
2,17,20,37,1974,255,255,255
2,17,21,37,1975,255,255,255
2,17,22,37,1976,255,255,255
2,17,23,37,1977,255,255,255
2,17,24,37,1978,255,255,255
2,17,25,37,1979,255,255,255
2,17,26,37,1980,255,255,255
2,17,27,37,1981,255,255,255
2,17,28,37,1982,255,255,255
2,17,29,37,1983,255,255,255
2,17,30,37,1984,255,255,255
2,17,31,37,1985,255,255,255
2,17,32,37,1986,255,255,255
2,17,33,37,1987,255,255,255
2,17,34,37,1988,255,255,255
2,17,35,37,1989,255,255,255
2,17,36,37,1990,255,255,255
2,17,37,37,1991,255,255,255
2,17,38,37,1992,255,255,255
2,17,39,37,1993,255,255,255
2,17,40,37,1994,255,255,255
2,17,41,37,1995,241,241,241
2,17,42,37,1996,167,167,167
2,17,43,37,1997,47,47,47
2,17,44,37,1998,178,178,178
2,17,45,37,1999,189,189,189
2,17,46,37,2000,246,246,246
2,17,47,37,2001,255,255,255
2,17,48,37,2002,255,255,255
2,17,49,37,2003,249,249,249
2,17,50,37,2004,228,228,228
2,17,51,37,2005,225,225,225
2,17,52,37,2006,239,239,239
2,17,53,37,2007,229,229,229
2,17,54,37,2008,246,246,246
2,17,55,37,2009,255,255,255
2,17,56,37,2010,255,255,255
2,17,57,37,2011,255,255,255
2,17,58,37,2012,254,254,254
2,17,59,37,2013,238,238,238
2,17,60,37,2014,249,249,249
2,17,61,37,2015,211,211,211
2,17,62,37,2016,254,254,254
2,17,63,37,2017,255,255,255
2,17,64,37,2018,254,254,254
2,17,65,37,2019,246,246,246
2,17,66,37,2020,189,189,189
2,17,67,37,2021,172,172,172
2,17,68,37,2022,125,125,125
2,18,0,38,1954,252,252,252
2,18,1,38,1955,201,201,201
2,18,2,38,1956,255,255,255
2,18,3,38,1957,255,255,255
2,18,4,38,1958,210,210,210
2,18,5,38,1959,213,213,213
2,18,6,38,1960,251,251,251
2,18,7,38,1961,162,162,162
2,18,8,38,1962,255,255,255
2,18,9,38,1963,238,238,238
2,18,10,38,1964,209,209,209
2,18,11,38,1965,218,218,218
2,18,12,38,1966,252,252,252
2,18,13,38,1967,244,244,244
2,18,14,38,1968,255,255,255
2,18,15,38,1969,255,255,255
2,18,16,38,1970,255,255,255
2,18,17,38,1971,255,255,255
2,18,18,38,1972,255,255,255
2,18,19,38,1973,255,255,255
2,18,20,38,1974,255,255,255
2,18,21,38,1975,255,255,255
2,18,22,38,1976,255,255,255
2,18,23,38,1977,255,255,255
2,18,24,38,1978,255,255,255
2,18,25,38,1979,255,255,255
2,18,26,38,1980,255,255,255
2,18,27,38,1981,255,255,255
2,18,28,38,1982,255,255,255
2,18,29,38,1983,255,255,255
2,18,30,38,1984,255,255,255
2,18,31,38,1985,255,255,255
2,18,32,38,1986,255,255,255
2,18,33,38,1987,255,255,255
2,18,34,38,1988,255,255,255
2,18,35,38,1989,255,255,255
2,18,36,38,1990,255,255,255
2,18,37,38,1991,255,255,255
2,18,38,38,1992,255,255,255
2,18,39,38,1993,255,255,255
2,18,40,38,1994,255,255,255
2,18,41,38,1995,234,234,234
2,18,42,38,1996,157,157,157
2,18,43,38,1997,38,38,38
2,18,44,38,1998,176,176,176
2,18,45,38,1999,189,189,189
2,18,46,38,2000,246,246,246
2,18,47,38,2001,255,255,255
2,18,48,38,2002,255,255,255
2,18,49,38,2003,247,247,247
2,18,50,38,2004,221,221,221
2,18,51,38,2005,219,219,219
2,18,52,38,2006,233,233,233
2,18,53,38,2007,219,219,219
2,18,54,38,2008,245,245,245
2,18,55,38,2009,255,255,255
2,18,56,38,2010,255,255,255
2,18,57,38,2011,255,255,255
2,18,58,38,2012,253,253,253
2,18,59,38,2013,234,234,234
2,18,60,38,2014,248,248,248
2,18,61,38,2015,211,211,211
2,18,62,38,2016,243,243,243
2,18,63,38,2017,255,255,255
2,18,64,38,2018,255,255,255
2,18,65,38,2019,250,250,250
2,18,66,38,2020,193,193,193
2,18,67,38,2021,177,177,177
2,18,68,38,2022,119,119,119
2,19,0,39,1954,255,255,255
2,19,1,39,1955,254,254,254
2,19,2,39,1956,244,244,244
2,19,3,39,1957,255,255,255
2,19,4,39,1958,233,233,233
2,19,5,39,1959,214,214,214
2,19,6,39,1960,251,251,251
2,19,7,39,1961,177,177,177
2,19,8,39,1962,255,255,255
2,19,9,39,1963,231,231,231
2,19,10,39,1964,199,199,199
2,19,11,39,1965,222,222,222
2,19,12,39,1966,254,254,254
2,19,13,39,1967,241,241,241
2,19,14,39,1968,255,255,255
2,19,15,39,1969,255,255,255
2,19,16,39,1970,255,255,255
2,19,17,39,1971,255,255,255
2,19,18,39,1972,255,255,255
2,19,19,39,1973,255,255,255
2,19,20,39,1974,255,255,255
2,19,21,39,1975,255,255,255
2,19,22,39,1976,255,255,255
2,19,23,39,1977,255,255,255
2,19,24,39,1978,255,255,255
2,19,25,39,1979,255,255,255
2,19,26,39,1980,255,255,255
2,19,27,39,1981,255,255,255
2,19,28,39,1982,255,255,255
2,19,29,39,1983,255,255,255
2,19,30,39,1984,255,255,255
2,19,31,39,1985,255,255,255
2,19,32,39,1986,255,255,255
2,19,33,39,1987,255,255,255
2,19,34,39,1988,255,255,255
2,19,35,39,1989,255,255,255
2,19,36,39,1990,255,255,255
2,19,37,39,1991,255,255,255
2,19,38,39,1992,255,255,255
2,19,39,39,1993,251,251,251
2,19,40,39,1994,255,255,255
2,19,41,39,1995,242,242,242
2,19,42,39,1996,160,160,160
2,19,43,39,1997,38,38,38
2,19,44,39,1998,174,174,174
2,19,45,39,1999,191,191,191
2,19,46,39,2000,249,249,249
2,19,47,39,2001,255,255,255
2,19,48,39,2002,255,255,255
2,19,49,39,2003,248,248,248
2,19,50,39,2004,224,224,224
2,19,51,39,2005,225,225,225
2,19,52,39,2006,238,238,238
2,19,53,39,2007,224,224,224
2,19,54,39,2008,245,245,245
2,19,55,39,2009,255,255,255
2,19,56,39,2010,255,255,255
2,19,57,39,2011,255,255,255
2,19,58,39,2012,253,253,253
2,19,59,39,2013,232,232,232
2,19,60,39,2014,252,252,252
2,19,61,39,2015,212,212,212
2,19,62,39,2016,240,240,240
2,19,63,39,2017,216,216,216
2,19,64,39,2018,253,253,253
2,19,65,39,2019,255,255,255
2,19,66,39,2020,248,248,248
2,19,67,39,2021,178,178,178
2,19,68,39,2022,128,128,128
2,20,0,40,1954,253,253,253
2,20,1,40,1955,255,255,255
2,20,2,40,1956,255,255,255
2,20,3,40,1957,254,254,254
2,20,4,40,1958,239,239,239
2,20,5,40,1959,207,207,207
2,20,6,40,1960,254,254,254
2,20,7,40,1961,158,158,158
2,20,8,40,1962,255,255,255
2,20,9,40,1963,236,236,236
2,20,10,40,1964,198,198,198
2,20,11,40,1965,222,222,222
2,20,12,40,1966,253,253,253
2,20,13,40,1967,241,241,241
2,20,14,40,1968,255,255,255
2,20,15,40,1969,255,255,255
2,20,16,40,1970,255,255,255
2,20,17,40,1971,255,255,255
2,20,18,40,1972,255,255,255
2,20,19,40,1973,255,255,255
2,20,20,40,1974,255,255,255
2,20,21,40,1975,255,255,255
2,20,22,40,1976,255,255,255
2,20,23,40,1977,255,255,255
2,20,24,40,1978,255,255,255
2,20,25,40,1979,255,255,255
2,20,26,40,1980,255,255,255
2,20,27,40,1981,255,255,255
2,20,28,40,1982,255,255,255
2,20,29,40,1983,255,255,255
2,20,30,40,1984,255,255,255
2,20,31,40,1985,255,255,255
2,20,32,40,1986,255,255,255
2,20,33,40,1987,255,255,255
2,20,34,40,1988,255,255,255
2,20,35,40,1989,255,255,255
2,20,36,40,1990,255,255,255
2,20,37,40,1991,255,255,255
2,20,38,40,1992,255,255,255
2,20,39,40,1993,255,255,255
2,20,40,40,1994,255,255,255
2,20,41,40,1995,236,236,236
2,20,42,40,1996,181,181,181
2,20,43,40,1997,55,55,55
2,20,44,40,1998,151,151,151
2,20,45,40,1999,173,173,173
2,20,46,40,2000,245,245,245
2,20,47,40,2001,255,255,255
2,20,48,40,2002,255,255,255
2,20,49,40,2003,247,247,247
2,20,50,40,2004,218,218,218
2,20,51,40,2005,215,215,215
2,20,52,40,2006,232,232,232
2,20,53,40,2007,215,215,215
2,20,54,40,2008,247,247,247
2,20,55,40,2009,255,255,255
2,20,56,40,2010,255,255,255
2,20,57,40,2011,255,255,255
2,20,58,40,2012,254,254,254
2,20,59,40,2013,236,236,236
2,20,60,40,2014,252,252,252
2,20,61,40,2015,216,216,216
2,20,62,40,2016,239,239,239
2,20,63,40,2017,215,215,215
2,20,64,40,2018,186,186,186
2,20,65,40,2019,254,254,254
2,20,66,40,2020,253,253,253
2,20,67,40,2021,231,231,231
2,20,68,40,2022,124,124,124
2,21,0,41,1954,254,254,254
2,21,1,41,1955,173,173,173
2,21,2,41,1956,255,255,255
2,21,3,41,1957,253,253,253
2,21,4,41,1958,193,193,193
2,21,5,41,1959,217,217,217
2,21,6,41,1960,252,252,252
2,21,7,41,1961,152,152,152
2,21,8,41,1962,255,255,255
2,21,9,41,1963,236,236,236
2,21,10,41,1964,196,196,196
2,21,11,41,1965,218,218,218
2,21,12,41,1966,252,252,252
2,21,13,41,1967,242,242,242
2,21,14,41,1968,255,255,255
2,21,15,41,1969,255,255,255
2,21,16,41,1970,255,255,255
2,21,17,41,1971,255,255,255
2,21,18,41,1972,255,255,255
2,21,19,41,1973,255,255,255
2,21,20,41,1974,255,255,255
2,21,21,41,1975,255,255,255
2,21,22,41,1976,255,255,255
2,21,23,41,1977,255,255,255
2,21,24,41,1978,255,255,255
2,21,25,41,1979,255,255,255
2,21,26,41,1980,255,255,255
2,21,27,41,1981,255,255,255
2,21,28,41,1982,255,255,255
2,21,29,41,1983,255,255,255
2,21,30,41,1984,255,255,255
2,21,31,41,1985,255,255,255
2,21,32,41,1986,255,255,255
2,21,33,41,1987,255,255,255
2,21,34,41,1988,255,255,255
2,21,35,41,1989,255,255,255
2,21,36,41,1990,255,255,255
2,21,37,41,1991,255,255,255
2,21,38,41,1992,255,255,255
2,21,39,41,1993,255,255,255
2,21,40,41,1994,253,253,253
2,21,41,41,1995,142,142,142
2,21,42,41,1996,159,159,159
2,21,43,41,1997,36,36,36
2,21,44,41,1998,147,147,147
2,21,45,41,1999,169,169,169
2,21,46,41,2000,244,244,244
2,21,47,41,2001,255,255,255
2,21,48,41,2002,255,255,255
2,21,49,41,2003,245,245,245
2,21,50,41,2004,215,215,215
2,21,51,41,2005,211,211,211
2,21,52,41,2006,238,238,238
2,21,53,41,2007,221,221,221
2,21,54,41,2008,246,246,246
2,21,55,41,2009,255,255,255
2,21,56,41,2010,255,255,255
2,21,57,41,2011,255,255,255
2,21,58,41,2012,253,253,253
2,21,59,41,2013,235,235,235
2,21,60,41,2014,251,251,251
2,21,61,41,2015,201,201,201
2,21,62,41,2016,237,237,237
2,21,63,41,2017,216,216,216
2,21,64,41,2018,191,191,191
2,21,65,41,2019,246,246,246
2,21,66,41,2020,185,185,185
2,21,67,41,2021,252,252,252
2,21,68,41,2022,147,147,147
2,22,0,42,1954,254,254,254
2,22,1,42,1955,166,166,166
2,22,2,42,1956,241,241,241
2,22,3,42,1957,255,255,255
2,22,4,42,1958,244,244,244
2,22,5,42,1959,214,214,214
2,22,6,42,1960,252,252,252
2,22,7,42,1961,150,150,150
2,22,8,42,1962,255,255,255
2,22,9,42,1963,229,229,229
2,22,10,42,1964,188,188,188
2,22,11,42,1965,215,215,215
2,22,12,42,1966,252,252,252
2,22,13,42,1967,239,239,239
2,22,14,42,1968,255,255,255
2,22,15,42,1969,255,255,255
2,22,16,42,1970,255,255,255
2,22,17,42,1971,255,255,255
2,22,18,42,1972,255,255,255
2,22,19,42,1973,255,255,255
2,22,20,42,1974,255,255,255
2,22,21,42,1975,255,255,255
2,22,22,42,1976,255,255,255
2,22,23,42,1977,255,255,255
2,22,24,42,1978,255,255,255
2,22,25,42,1979,255,255,255
2,22,26,42,1980,255,255,255
2,22,27,42,1981,255,255,255
2,22,28,42,1982,255,255,255
2,22,29,42,1983,255,255,255
2,22,30,42,1984,255,255,255
2,22,31,42,1985,255,255,255
2,22,32,42,1986,255,255,255
2,22,33,42,1987,255,255,255
2,22,34,42,1988,255,255,255
2,22,35,42,1989,255,255,255
2,22,36,42,1990,255,255,255
2,22,37,42,1991,255,255,255
2,22,38,42,1992,255,255,255
2,22,39,42,1993,255,255,255
2,22,40,42,1994,255,255,255
2,22,41,42,1995,254,254,254
2,22,42,42,1996,159,159,159
2,22,43,42,1997,32,32,32
2,22,44,42,1998,170,170,170
2,22,45,42,1999,187,187,187
2,22,46,42,2000,243,243,243
2,22,47,42,2001,255,255,255
2,22,48,42,2002,255,255,255
2,22,49,42,2003,243,243,243
2,22,50,42,2004,216,216,216
2,22,51,42,2005,212,212,212
2,22,52,42,2006,231,231,231
2,22,53,42,2007,214,214,214
2,22,54,42,2008,244,244,244
2,22,55,42,2009,255,255,255
2,22,56,42,2010,255,255,255
2,22,57,42,2011,255,255,255
2,22,58,42,2012,252,252,252
2,22,59,42,2013,228,228,228
2,22,60,42,2014,251,251,251
2,22,61,42,2015,217,217,217
2,22,62,42,2016,237,237,237
2,22,63,42,2017,210,210,210
2,22,64,42,2018,189,189,189
2,22,65,42,2019,248,248,248
2,22,66,42,2020,187,187,187
2,22,67,42,2021,185,185,185
2,22,68,42,2022,188,188,188
2,23,0,43,1954,254,254,254
2,23,1,43,1955,184,184,184
2,23,2,43,1956,244,244,244
2,23,3,43,1957,255,255,255
2,23,4,43,1958,235,235,235
2,23,5,43,1959,253,253,253
2,23,6,43,1960,253,253,253
2,23,7,43,1961,176,176,176
2,23,8,43,1962,255,255,255
2,23,9,43,1963,233,233,233
2,23,10,43,1964,202,202,202
2,23,11,43,1965,215,215,215
2,23,12,43,1966,253,253,253
2,23,13,43,1967,239,239,239
2,23,14,43,1968,255,255,255
2,23,15,43,1969,255,255,255
2,23,16,43,1970,255,255,255
2,23,17,43,1971,255,255,255
2,23,18,43,1972,255,255,255
2,23,19,43,1973,255,255,255
2,23,20,43,1974,255,255,255
2,23,21,43,1975,255,255,255
2,23,22,43,1976,255,255,255
2,23,23,43,1977,255,255,255
2,23,24,43,1978,255,255,255
2,23,25,43,1979,255,255,255
2,23,26,43,1980,255,255,255
2,23,27,43,1981,255,255,255
2,23,28,43,1982,255,255,255
2,23,29,43,1983,255,255,255
2,23,30,43,1984,255,255,255
2,23,31,43,1985,255,255,255
2,23,32,43,1986,255,255,255
2,23,33,43,1987,255,255,255
2,23,34,43,1988,255,255,255
2,23,35,43,1989,255,255,255
2,23,36,43,1990,255,255,255
2,23,37,43,1991,255,255,255
2,23,38,43,1992,255,255,255
2,23,39,43,1993,255,255,255
2,23,40,43,1994,255,255,255
2,23,41,43,1995,255,255,255
2,23,42,43,1996,188,188,188
2,23,43,43,1997,26,26,26
2,23,44,43,1998,171,171,171
2,23,45,43,1999,185,185,185
2,23,46,43,2000,247,247,247
2,23,47,43,2001,255,255,255
2,23,48,43,2002,255,255,255
2,23,49,43,2003,244,244,244
2,23,50,43,2004,216,216,216
2,23,51,43,2005,211,211,211
2,23,52,43,2006,230,230,230
2,23,53,43,2007,215,215,215
2,23,54,43,2008,243,243,243
2,23,55,43,2009,255,255,255
2,23,56,43,2010,255,255,255
2,23,57,43,2011,255,255,255
2,23,58,43,2012,253,253,253
2,23,59,43,2013,233,233,233
2,23,60,43,2014,251,251,251
2,23,61,43,2015,215,215,215
2,23,62,43,2016,237,237,237
2,23,63,43,2017,213,213,213
2,23,64,43,2018,177,177,177
2,23,65,43,2019,242,242,242
2,23,66,43,2020,183,183,183
2,23,67,43,2021,190,190,190
2,23,68,43,2022,149,149,149
2,24,0,44,1954,251,251,251
2,24,1,44,1955,184,184,184
2,24,2,44,1956,234,234,234
2,24,3,44,1957,255,255,255
2,24,4,44,1958,196,196,196
2,24,5,44,1959,220,220,220
2,24,6,44,1960,252,252,252
2,24,7,44,1961,175,175,175
2,24,8,44,1962,255,255,255
2,24,9,44,1963,231,231,231
2,24,10,44,1964,185,185,185
2,24,11,44,1965,214,214,214
2,24,12,44,1966,252,252,252
2,24,13,44,1967,240,240,240
2,24,14,44,1968,255,255,255
2,24,15,44,1969,255,255,255
2,24,16,44,1970,255,255,255
2,24,17,44,1971,255,255,255
2,24,18,44,1972,255,255,255
2,24,19,44,1973,255,255,255
2,24,20,44,1974,255,255,255
2,24,21,44,1975,255,255,255
2,24,22,44,1976,255,255,255
2,24,23,44,1977,255,255,255
2,24,24,44,1978,255,255,255
2,24,25,44,1979,255,255,255
2,24,26,44,1980,255,255,255
2,24,27,44,1981,255,255,255
2,24,28,44,1982,255,255,255
2,24,29,44,1983,255,255,255
2,24,30,44,1984,255,255,255
2,24,31,44,1985,255,255,255
2,24,32,44,1986,255,255,255
2,24,33,44,1987,255,255,255
2,24,34,44,1988,255,255,255
2,24,35,44,1989,255,255,255
2,24,36,44,1990,255,255,255
2,24,37,44,1991,255,255,255
2,24,38,44,1992,255,255,255
2,24,39,44,1993,255,255,255
2,24,40,44,1994,255,255,255
2,24,41,44,1995,255,255,255
2,24,42,44,1996,255,255,255
2,24,43,44,1997,39,39,39
2,24,44,44,1998,170,170,170
2,24,45,44,1999,167,167,167
2,24,46,44,2000,247,247,247
2,24,47,44,2001,255,255,255
2,24,48,44,2002,255,255,255
2,24,49,44,2003,245,245,245
2,24,50,44,2004,216,216,216
2,24,51,44,2005,212,212,212
2,24,52,44,2006,237,237,237
2,24,53,44,2007,220,220,220
2,24,54,44,2008,242,242,242
2,24,55,44,2009,255,255,255
2,24,56,44,2010,255,255,255
2,24,57,44,2011,255,255,255
2,24,58,44,2012,253,253,253
2,24,59,44,2013,231,231,231
2,24,60,44,2014,251,251,251
2,24,61,44,2015,219,219,219
2,24,62,44,2016,234,234,234
2,24,63,44,2017,195,195,195
2,24,64,44,2018,154,154,154
2,24,65,44,2019,250,250,250
2,24,66,44,2020,176,176,176
2,24,67,44,2021,181,181,181
2,24,68,44,2022,146,146,146
2,25,0,45,1954,254,254,254
2,25,1,45,1955,255,255,255
2,25,2,45,1956,239,239,239
2,25,3,45,1957,255,255,255
2,25,4,45,1958,190,190,190
2,25,5,45,1959,212,212,212
2,25,6,45,1960,253,253,253
2,25,7,45,1961,242,242,242
2,25,8,45,1962,255,255,255
2,25,9,45,1963,233,233,233
2,25,10,45,1964,201,201,201
2,25,11,45,1965,214,214,214
2,25,12,45,1966,254,254,254
2,25,13,45,1967,245,245,245
2,25,14,45,1968,255,255,255
2,25,15,45,1969,255,255,255
2,25,16,45,1970,255,255,255
2,25,17,45,1971,255,255,255
2,25,18,45,1972,255,255,255
2,25,19,45,1973,255,255,255
2,25,20,45,1974,255,255,255
2,25,21,45,1975,255,255,255
2,25,22,45,1976,255,255,255
2,25,23,45,1977,255,255,255
2,25,24,45,1978,255,255,255
2,25,25,45,1979,255,255,255
2,25,26,45,1980,255,255,255
2,25,27,45,1981,255,255,255
2,25,28,45,1982,255,255,255
2,25,29,45,1983,255,255,255
2,25,30,45,1984,255,255,255
2,25,31,45,1985,255,255,255
2,25,32,45,1986,255,255,255
2,25,33,45,1987,255,255,255
2,25,34,45,1988,255,255,255
2,25,35,45,1989,255,255,255
2,25,36,45,1990,255,255,255
2,25,37,45,1991,255,255,255
2,25,38,45,1992,255,255,255
2,25,39,45,1993,255,255,255
2,25,40,45,1994,255,255,255
2,25,41,45,1995,244,244,244
2,25,42,45,1996,189,189,189
2,25,43,45,1997,36,36,36
2,25,44,45,1998,164,164,164
2,25,45,45,1999,170,170,170
2,25,46,45,2000,246,246,246
2,25,47,45,2001,255,255,255
2,25,48,45,2002,255,255,255
2,25,49,45,2003,244,244,244
2,25,50,45,2004,215,215,215
2,25,51,45,2005,213,213,213
2,25,52,45,2006,233,233,233
2,25,53,45,2007,220,220,220
2,25,54,45,2008,239,239,239
2,25,55,45,2009,255,255,255
2,25,56,45,2010,255,255,255
2,25,57,45,2011,255,255,255
2,25,58,45,2012,251,251,251
2,25,59,45,2013,221,221,221
2,25,60,45,2014,252,252,252
2,25,61,45,2015,206,206,206
2,25,62,45,2016,232,232,232
2,25,63,45,2017,209,209,209
2,25,64,45,2018,173,173,173
2,25,65,45,2019,248,248,248
2,25,66,45,2020,136,136,136
2,25,67,45,2021,162,162,162
2,25,68,45,2022,113,113,113
2,26,0,46,1954,254,254,254
2,26,1,46,1955,255,255,255
2,26,2,46,1956,254,254,254
2,26,3,46,1957,255,255,255
2,26,4,46,1958,201,201,201
2,26,5,46,1959,214,214,214
2,26,6,46,1960,252,252,252
2,26,7,46,1961,153,153,153
2,26,8,46,1962,255,255,255
2,26,9,46,1963,227,227,227
2,26,10,46,1964,201,201,201
2,26,11,46,1965,213,213,213
2,26,12,46,1966,254,254,254
2,26,13,46,1967,246,246,246
2,26,14,46,1968,255,255,255
2,26,15,46,1969,255,255,255
2,26,16,46,1970,255,255,255
2,26,17,46,1971,255,255,255
2,26,18,46,1972,255,255,255
2,26,19,46,1973,255,255,255
2,26,20,46,1974,255,255,255
2,26,21,46,1975,255,255,255
2,26,22,46,1976,255,255,255
2,26,23,46,1977,255,255,255
2,26,24,46,1978,255,255,255
2,26,25,46,1979,255,255,255
2,26,26,46,1980,255,255,255
2,26,27,46,1981,255,255,255
2,26,28,46,1982,255,255,255
2,26,29,46,1983,255,255,255
2,26,30,46,1984,255,255,255
2,26,31,46,1985,255,255,255
2,26,32,46,1986,255,255,255
2,26,33,46,1987,255,255,255
2,26,34,46,1988,255,255,255
2,26,35,46,1989,255,255,255
2,26,36,46,1990,255,255,255
2,26,37,46,1991,255,255,255
2,26,38,46,1992,255,255,255
2,26,39,46,1993,255,255,255
2,26,40,46,1994,255,255,255
2,26,41,46,1995,245,245,245
2,26,42,46,1996,147,147,147
2,26,43,46,1997,26,26,26
2,26,44,46,1998,166,166,166
2,26,45,46,1999,187,187,187
2,26,46,46,2000,241,241,241
2,26,47,46,2001,255,255,255
2,26,48,46,2002,255,255,255
2,26,49,46,2003,242,242,242
2,26,50,46,2004,211,211,211
2,26,51,46,2005,209,209,209
2,26,52,46,2006,236,236,236
2,26,53,46,2007,220,220,220
2,26,54,46,2008,238,238,238
2,26,55,46,2009,255,255,255
2,26,56,46,2010,255,255,255
2,26,57,46,2011,255,255,255
2,26,58,46,2012,253,253,253
2,26,59,46,2013,227,227,227
2,26,60,46,2014,250,250,250
2,26,61,46,2015,217,217,217
2,26,62,46,2016,235,235,235
2,26,63,46,2017,192,192,192
2,26,64,46,2018,151,151,151
2,26,65,46,2019,244,244,244
2,26,66,46,2020,138,138,138
2,26,67,46,2021,154,154,154
2,26,68,46,2022,116,116,116
2,27,0,47,1954,254,254,254
2,27,1,47,1955,255,255,255
2,27,2,47,1956,255,255,255
2,27,3,47,1957,255,255,255
2,27,4,47,1958,191,191,191
2,27,5,47,1959,209,209,209
2,27,6,47,1960,252,252,252
2,27,7,47,1961,147,147,147
2,27,8,47,1962,255,255,255
2,27,9,47,1963,236,236,236
2,27,10,47,1964,201,201,201
2,27,11,47,1965,213,213,213
2,27,12,47,1966,253,253,253
2,27,13,47,1967,245,245,245
2,27,14,47,1968,255,255,255
2,27,15,47,1969,255,255,255
2,27,16,47,1970,255,255,255
2,27,17,47,1971,255,255,255
2,27,18,47,1972,255,255,255
2,27,19,47,1973,255,255,255
2,27,20,47,1974,255,255,255
2,27,21,47,1975,255,255,255
2,27,22,47,1976,255,255,255
2,27,23,47,1977,255,255,255
2,27,24,47,1978,255,255,255
2,27,25,47,1979,255,255,255
2,27,26,47,1980,255,255,255
2,27,27,47,1981,255,255,255
2,27,28,47,1982,255,255,255
2,27,29,47,1983,255,255,255
2,27,30,47,1984,255,255,255
2,27,31,47,1985,255,255,255
2,27,32,47,1986,255,255,255
2,27,33,47,1987,255,255,255
2,27,34,47,1988,255,255,255
2,27,35,47,1989,255,255,255
2,27,36,47,1990,255,255,255
2,27,37,47,1991,255,255,255
2,27,38,47,1992,255,255,255
2,27,39,47,1993,255,255,255
2,27,40,47,1994,255,255,255
2,27,41,47,1995,255,255,255
2,27,42,47,1996,166,166,166
2,27,43,47,1997,28,28,28
2,27,44,47,1998,169,169,169
2,27,45,47,1999,187,187,187
2,27,46,47,2000,248,248,248
2,27,47,47,2001,255,255,255
2,27,48,47,2002,255,255,255
2,27,49,47,2003,242,242,242
2,27,50,47,2004,214,214,214
2,27,51,47,2005,206,206,206
2,27,52,47,2006,235,235,235
2,27,53,47,2007,218,218,218
2,27,54,47,2008,243,243,243
2,27,55,47,2009,255,255,255
2,27,56,47,2010,255,255,255
2,27,57,47,2011,255,255,255
2,27,58,47,2012,251,251,251
2,27,59,47,2013,218,218,218
2,27,60,47,2014,252,252,252
2,27,61,47,2015,216,216,216
2,27,62,47,2016,236,236,236
2,27,63,47,2017,191,191,191
2,27,64,47,2018,149,149,149
2,27,65,47,2019,244,244,244
2,27,66,47,2020,134,134,134
2,27,67,47,2021,156,156,156
2,27,68,47,2022,102,102,102
2,28,0,48,1954,254,254,254
2,28,1,48,1955,255,255,255
2,28,2,48,1956,255,255,255
2,28,3,48,1957,255,255,255
2,28,4,48,1958,200,200,200
2,28,5,48,1959,196,196,196
2,28,6,48,1960,249,249,249
2,28,7,48,1961,151,151,151
2,28,8,48,1962,255,255,255
2,28,9,48,1963,231,231,231
2,28,10,48,1964,204,204,204
2,28,11,48,1965,209,209,209
2,28,12,48,1966,253,253,253
2,28,13,48,1967,245,245,245
2,28,14,48,1968,255,255,255
2,28,15,48,1969,255,255,255
2,28,16,48,1970,255,255,255
2,28,17,48,1971,255,255,255
2,28,18,48,1972,255,255,255
2,28,19,48,1973,255,255,255
2,28,20,48,1974,255,255,255
2,28,21,48,1975,255,255,255
2,28,22,48,1976,255,255,255
2,28,23,48,1977,255,255,255
2,28,24,48,1978,255,255,255
2,28,25,48,1979,255,255,255
2,28,26,48,1980,255,255,255
2,28,27,48,1981,255,255,255
2,28,28,48,1982,255,255,255
2,28,29,48,1983,255,255,255
2,28,30,48,1984,255,255,255
2,28,31,48,1985,255,255,255
2,28,32,48,1986,255,255,255
2,28,33,48,1987,255,255,255
2,28,34,48,1988,255,255,255
2,28,35,48,1989,255,255,255
2,28,36,48,1990,255,255,255
2,28,37,48,1991,255,255,255
2,28,38,48,1992,255,255,255
2,28,39,48,1993,255,255,255
2,28,40,48,1994,255,255,255
2,28,41,48,1995,248,248,248
2,28,42,48,1996,213,213,213
2,28,43,48,1997,27,27,27
2,28,44,48,1998,145,145,145
2,28,45,48,1999,189,189,189
2,28,46,48,2000,248,248,248
2,28,47,48,2001,255,255,255
2,28,48,48,2002,255,255,255
2,28,49,48,2003,246,246,246
2,28,50,48,2004,222,222,222
2,28,51,48,2005,220,220,220
2,28,52,48,2006,229,229,229
2,28,53,48,2007,209,209,209
2,28,54,48,2008,243,243,243
2,28,55,48,2009,255,255,255
2,28,56,48,2010,255,255,255
2,28,57,48,2011,255,255,255
2,28,58,48,2012,251,251,251
2,28,59,48,2013,219,219,219
2,28,60,48,2014,251,251,251
2,28,61,48,2015,219,219,219
2,28,62,48,2016,234,234,234
2,28,63,48,2017,187,187,187
2,28,64,48,2018,150,150,150
2,28,65,48,2019,236,236,236
2,28,66,48,2020,157,157,157
2,28,67,48,2021,151,151,151
2,28,68,48,2022,96,96,96
2,29,0,49,1954,248,248,248
2,29,1,49,1955,172,172,172
2,29,2,49,1956,255,255,255
2,29,3,49,1957,255,255,255
2,29,4,49,1958,254,254,254
2,29,5,49,1959,199,199,199
2,29,6,49,1960,252,252,252
2,29,7,49,1961,167,167,167
2,29,8,49,1962,255,255,255
2,29,9,49,1963,227,227,227
2,29,10,49,1964,183,183,183
2,29,11,49,1965,212,212,212
2,29,12,49,1966,254,254,254
2,29,13,49,1967,243,243,243
2,29,14,49,1968,255,255,255
2,29,15,49,1969,255,255,255
2,29,16,49,1970,255,255,255
2,29,17,49,1971,255,255,255
2,29,18,49,1972,255,255,255
2,29,19,49,1973,255,255,255
2,29,20,49,1974,255,255,255
2,29,21,49,1975,255,255,255
2,29,22,49,1976,255,255,255
2,29,23,49,1977,255,255,255
2,29,24,49,1978,255,255,255
2,29,25,49,1979,255,255,255
2,29,26,49,1980,255,255,255
2,29,27,49,1981,255,255,255
2,29,28,49,1982,255,255,255
2,29,29,49,1983,255,255,255
2,29,30,49,1984,255,255,255
2,29,31,49,1985,255,255,255
2,29,32,49,1986,231,231,231
2,29,33,49,1987,254,254,254
2,29,34,49,1988,255,255,255
2,29,35,49,1989,255,255,255
2,29,36,49,1990,255,255,255
2,29,37,49,1991,255,255,255
2,29,38,49,1992,255,255,255
2,29,39,49,1993,255,255,255
2,29,40,49,1994,255,255,255
2,29,41,49,1995,188,188,188
2,29,42,49,1996,156,156,156
2,29,43,49,1997,38,38,38
2,29,44,49,1998,142,142,142
2,29,45,49,1999,187,187,187
2,29,46,49,2000,245,245,245
2,29,47,49,2001,255,255,255
2,29,48,49,2002,255,255,255
2,29,49,49,2003,246,246,246
2,29,50,49,2004,222,222,222
2,29,51,49,2005,223,223,223
2,29,52,49,2006,229,229,229
2,29,53,49,2007,210,210,210
2,29,54,49,2008,241,241,241
2,29,55,49,2009,255,255,255
2,29,56,49,2010,255,255,255
2,29,57,49,2011,255,255,255
2,29,58,49,2012,252,252,252
2,29,59,49,2013,224,224,224
2,29,60,49,2014,251,251,251
2,29,61,49,2015,205,205,205
2,29,62,49,2016,231,231,231
2,29,63,49,2017,198,198,198
2,29,64,49,2018,166,166,166
2,29,65,49,2019,237,237,237
2,29,66,49,2020,137,137,137
2,29,67,49,2021,165,165,165
2,29,68,49,2022,120,120,120
2,30,0,50,1954,254,254,254
2,30,1,50,1955,158,158,158
2,30,2,50,1956,243,243,243
2,30,3,50,1957,255,255,255
2,30,4,50,1958,255,255,255
2,30,5,50,1959,253,253,253
2,30,6,50,1960,253,253,253
2,30,7,50,1961,147,147,147
2,30,8,50,1962,255,255,255
2,30,9,50,1963,222,222,222
2,30,10,50,1964,187,187,187
2,30,11,50,1965,214,214,214
2,30,12,50,1966,255,255,255
2,30,13,50,1967,243,243,243
2,30,14,50,1968,255,255,255
2,30,15,50,1969,255,255,255
2,30,16,50,1970,255,255,255
2,30,17,50,1971,255,255,255
2,30,18,50,1972,255,255,255
2,30,19,50,1973,255,255,255
2,30,20,50,1974,255,255,255
2,30,21,50,1975,255,255,255
2,30,22,50,1976,255,255,255
2,30,23,50,1977,255,255,255
2,30,24,50,1978,255,255,255
2,30,25,50,1979,255,255,255
2,30,26,50,1980,255,255,255
2,30,27,50,1981,255,255,255
2,30,28,50,1982,255,255,255
2,30,29,50,1983,255,255,255
2,30,30,50,1984,255,255,255
2,30,31,50,1985,255,255,255
2,30,32,50,1986,254,254,254
2,30,33,50,1987,255,255,255
2,30,34,50,1988,255,255,255
2,30,35,50,1989,255,255,255
2,30,36,50,1990,255,255,255
2,30,37,50,1991,255,255,255
2,30,38,50,1992,255,255,255
2,30,39,50,1993,255,255,255
2,30,40,50,1994,255,255,255
2,30,41,50,1995,224,224,224
2,30,42,50,1996,139,139,139
2,30,43,50,1997,28,28,28
2,30,44,50,1998,172,172,172
2,30,45,50,1999,190,190,190
2,30,46,50,2000,248,248,248
2,30,47,50,2001,255,255,255
2,30,48,50,2002,255,255,255
2,30,49,50,2003,245,245,245
2,30,50,50,2004,223,223,223
2,30,51,50,2005,221,221,221
2,30,52,50,2006,229,229,229
2,30,53,50,2007,216,216,216
2,30,54,50,2008,237,237,237
2,30,55,50,2009,255,255,255
2,30,56,50,2010,255,255,255
2,30,57,50,2011,255,255,255
2,30,58,50,2012,252,252,252
2,30,59,50,2013,216,216,216
2,30,60,50,2014,251,251,251
2,30,61,50,2015,217,217,217
2,30,62,50,2016,234,234,234
2,30,63,50,2017,187,187,187
2,30,64,50,2018,144,144,144
2,30,65,50,2019,241,241,241
2,30,66,50,2020,160,160,160
2,30,67,50,2021,143,143,143
2,30,68,50,2022,99,99,99
2,31,0,51,1954,253,253,253
2,31,1,51,1955,152,152,152
2,31,2,51,1956,243,243,243
2,31,3,51,1957,255,255,255
2,31,4,51,1958,255,255,255
2,31,5,51,1959,255,255,255
2,31,6,51,1960,236,236,236
2,31,7,51,1961,146,146,146
2,31,8,51,1962,255,255,255
2,31,9,51,1963,230,230,230
2,31,10,51,1964,197,197,197
2,31,11,51,1965,211,211,211
2,31,12,51,1966,255,255,255
2,31,13,51,1967,241,241,241
2,31,14,51,1968,255,255,255
2,31,15,51,1969,255,255,255
2,31,16,51,1970,255,255,255
2,31,17,51,1971,255,255,255
2,31,18,51,1972,255,255,255
2,31,19,51,1973,255,255,255
2,31,20,51,1974,255,255,255
2,31,21,51,1975,255,255,255
2,31,22,51,1976,255,255,255
2,31,23,51,1977,255,255,255
2,31,24,51,1978,255,255,255
2,31,25,51,1979,255,255,255
2,31,26,51,1980,255,255,255
2,31,27,51,1981,255,255,255
2,31,28,51,1982,255,255,255
2,31,29,51,1983,255,255,255
2,31,30,51,1984,255,255,255
2,31,31,51,1985,254,254,254
2,31,32,51,1986,254,254,254
2,31,33,51,1987,255,255,255
2,31,34,51,1988,255,255,255
2,31,35,51,1989,255,255,255
2,31,36,51,1990,255,255,255
2,31,37,51,1991,255,255,255
2,31,38,51,1992,249,249,249
2,31,39,51,1993,236,236,236
2,31,40,51,1994,251,251,251
2,31,41,51,1995,183,183,183
2,31,42,51,1996,145,145,145
2,31,43,51,1997,30,30,30
2,31,44,51,1998,164,164,164
2,31,45,51,1999,166,166,166
2,31,46,51,2000,245,245,245
2,31,47,51,2001,255,255,255
2,31,48,51,2002,255,255,255
2,31,49,51,2003,244,244,244
2,31,50,51,2004,219,219,219
2,31,51,51,2005,219,219,219
2,31,52,51,2006,227,227,227
2,31,53,51,2007,209,209,209
2,31,54,51,2008,235,235,235
2,31,55,51,2009,255,255,255
2,31,56,51,2010,255,255,255
2,31,57,51,2011,255,255,255
2,31,58,51,2012,252,252,252
2,31,59,51,2013,226,226,226
2,31,60,51,2014,250,250,250
2,31,61,51,2015,201,201,201
2,31,62,51,2016,225,225,225
2,31,63,51,2017,199,199,199
2,31,64,51,2018,160,160,160
2,31,65,51,2019,245,245,245
2,31,66,51,2020,130,130,130
2,31,67,51,2021,145,145,145
2,31,68,51,2022,89,89,89
2,32,0,52,1954,253,253,253
2,32,1,52,1955,153,153,153
2,32,2,52,1956,241,241,241
2,32,3,52,1957,255,255,255
2,32,4,52,1958,200,200,200
2,32,5,52,1959,229,229,229
2,32,6,52,1960,254,254,254
2,32,7,52,1961,241,241,241
2,32,8,52,1962,255,255,255
2,32,9,52,1963,230,230,230
2,32,10,52,1964,196,196,196
2,32,11,52,1965,211,211,211
2,32,12,52,1966,254,254,254
2,32,13,52,1967,240,240,240
2,32,14,52,1968,255,255,255
2,32,15,52,1969,255,255,255
2,32,16,52,1970,255,255,255
2,32,17,52,1971,255,255,255
2,32,18,52,1972,255,255,255
2,32,19,52,1973,255,255,255
2,32,20,52,1974,255,255,255
2,32,21,52,1975,255,255,255
2,32,22,52,1976,255,255,255
2,32,23,52,1977,255,255,255
2,32,24,52,1978,255,255,255
2,32,25,52,1979,255,255,255
2,32,26,52,1980,255,255,255
2,32,27,52,1981,255,255,255
2,32,28,52,1982,255,255,255
2,32,29,52,1983,255,255,255
2,32,30,52,1984,255,255,255
2,32,31,52,1985,252,252,252
2,32,32,52,1986,221,221,221
2,32,33,52,1987,254,254,254
2,32,34,52,1988,255,255,255
2,32,35,52,1989,255,255,255
2,32,36,52,1990,255,255,255
2,32,37,52,1991,255,255,255
2,32,38,52,1992,247,247,247
2,32,39,52,1993,247,247,247
2,32,40,52,1994,252,252,252
2,32,41,52,1995,154,154,154
2,32,42,52,1996,143,143,143
2,32,43,52,1997,23,23,23
2,32,44,52,1998,167,167,167
2,32,45,52,1999,162,162,162
2,32,46,52,2000,244,244,244
2,32,47,52,2001,255,255,255
2,32,48,52,2002,255,255,255
2,32,49,52,2003,244,244,244
2,32,50,52,2004,216,216,216
2,32,51,52,2005,213,213,213
2,32,52,52,2006,236,236,236
2,32,53,52,2007,216,216,216
2,32,54,52,2008,242,242,242
2,32,55,52,2009,255,255,255
2,32,56,52,2010,255,255,255
2,32,57,52,2011,255,255,255
2,32,58,52,2012,251,251,251
2,32,59,52,2013,215,215,215
2,32,60,52,2014,251,251,251
2,32,61,52,2015,200,200,200
2,32,62,52,2016,224,224,224
2,32,63,52,2017,197,197,197
2,32,64,52,2018,156,156,156
2,32,65,52,2019,242,242,242
2,32,66,52,2020,121,121,121
2,32,67,52,2021,159,159,159
2,32,68,52,2022,116,116,116
2,33,0,53,1954,253,253,253
2,33,1,53,1955,158,158,158
2,33,2,53,1956,237,237,237
2,33,3,53,1957,255,255,255
2,33,4,53,1958,183,183,183
2,33,5,53,1959,210,210,210
2,33,6,53,1960,252,252,252
2,33,7,53,1961,254,254,254
2,33,8,53,1962,255,255,255
2,33,9,53,1963,219,219,219
2,33,10,53,1964,181,181,181
2,33,11,53,1965,208,208,208
2,33,12,53,1966,253,253,253
2,33,13,53,1967,237,237,237
2,33,14,53,1968,255,255,255
2,33,15,53,1969,255,255,255
2,33,16,53,1970,255,255,255
2,33,17,53,1971,255,255,255
2,33,18,53,1972,255,255,255
2,33,19,53,1973,255,255,255
2,33,20,53,1974,255,255,255
2,33,21,53,1975,255,255,255
2,33,22,53,1976,255,255,255
2,33,23,53,1977,255,255,255
2,33,24,53,1978,255,255,255
2,33,25,53,1979,255,255,255
2,33,26,53,1980,255,255,255
2,33,27,53,1981,255,255,255
2,33,28,53,1982,255,255,255
2,33,29,53,1983,255,255,255
2,33,30,53,1984,255,255,255
2,33,31,53,1985,247,247,247
2,33,32,53,1986,199,199,199
2,33,33,53,1987,254,254,254
2,33,34,53,1988,255,255,255
2,33,35,53,1989,255,255,255
2,33,36,53,1990,255,255,255
2,33,37,53,1991,255,255,255
2,33,38,53,1992,253,253,253
2,33,39,53,1993,224,224,224
2,33,40,53,1994,253,253,253
2,33,41,53,1995,144,144,144
2,33,42,53,1996,145,145,145
2,33,43,53,1997,30,30,30
2,33,44,53,1998,167,167,167
2,33,45,53,1999,167,167,167
2,33,46,53,2000,247,247,247
2,33,47,53,2001,255,255,255
2,33,48,53,2002,255,255,255
2,33,49,53,2003,240,240,240
2,33,50,53,2004,211,211,211
2,33,51,53,2005,206,206,206
2,33,52,53,2006,230,230,230
2,33,53,53,2007,208,208,208
2,33,54,53,2008,241,241,241
2,33,55,53,2009,255,255,255
2,33,56,53,2010,255,255,255
2,33,57,53,2011,255,255,255
2,33,58,53,2012,251,251,251
2,33,59,53,2013,224,224,224
2,33,60,53,2014,250,250,250
2,33,61,53,2015,202,202,202
2,33,62,53,2016,229,229,229
2,33,63,53,2017,182,182,182
2,33,64,53,2018,133,133,133
2,33,65,53,2019,243,243,243
2,33,66,53,2020,150,150,150
2,33,67,53,2021,141,141,141
2,33,68,53,2022,89,89,89
2,34,0,54,1954,253,253,253
2,34,1,54,1955,151,151,151
2,34,2,54,1956,243,243,243
2,34,3,54,1957,255,255,255
2,34,4,54,1958,196,196,196
2,34,5,54,1959,209,209,209
2,34,6,54,1960,252,252,252
2,34,7,54,1961,169,169,169
2,34,8,54,1962,255,255,255
2,34,9,54,1963,232,232,232
2,34,10,54,1964,184,184,184
2,34,11,54,1965,211,211,211
2,34,12,54,1966,253,253,253
2,34,13,54,1967,234,234,234
2,34,14,54,1968,255,255,255
2,34,15,54,1969,255,255,255
2,34,16,54,1970,255,255,255
2,34,17,54,1971,255,255,255
2,34,18,54,1972,255,255,255
2,34,19,54,1973,255,255,255
2,34,20,54,1974,255,255,255
2,34,21,54,1975,255,255,255
2,34,22,54,1976,255,255,255
2,34,23,54,1977,255,255,255
2,34,24,54,1978,255,255,255
2,34,25,54,1979,255,255,255
2,34,26,54,1980,255,255,255
2,34,27,54,1981,255,255,255
2,34,28,54,1982,255,255,255
2,34,29,54,1983,255,255,255
2,34,30,54,1984,255,255,255
2,34,31,54,1985,243,243,243
2,34,32,54,1986,200,200,200
2,34,33,54,1987,254,254,254
2,34,34,54,1988,255,255,255
2,34,35,54,1989,255,255,255
2,34,36,54,1990,255,255,255
2,34,37,54,1991,251,251,251
2,34,38,54,1992,230,230,230
2,34,39,54,1993,238,238,238
2,34,40,54,1994,248,248,248
2,34,41,54,1995,151,151,151
2,34,42,54,1996,141,141,141
2,34,43,54,1997,46,46,46
2,34,44,54,1998,172,172,172
2,34,45,54,1999,179,179,179
2,34,46,54,2000,247,247,247
2,34,47,54,2001,255,255,255
2,34,48,54,2002,255,255,255
2,34,49,54,2003,240,240,240
2,34,50,54,2004,216,216,216
2,34,51,54,2005,212,212,212
2,34,52,54,2006,232,232,232
2,34,53,54,2007,210,210,210
2,34,54,54,2008,243,243,243
2,34,55,54,2009,255,255,255
2,34,56,54,2010,255,255,255
2,34,57,54,2011,255,255,255
2,34,58,54,2012,251,251,251
2,34,59,54,2013,226,226,226
2,34,60,54,2014,252,252,252
2,34,61,54,2015,217,217,217
2,34,62,54,2016,234,234,234
2,34,63,54,2017,186,186,186
2,34,64,54,2018,139,139,139
2,34,65,54,2019,247,247,247
2,34,66,54,2020,145,145,145
2,34,67,54,2021,165,165,165
2,34,68,54,2022,111,111,111
2,35,0,55,1954,252,252,252
2,35,1,55,1955,170,170,170
2,35,2,55,1956,243,243,243
2,35,3,55,1957,255,255,255
2,35,4,55,1958,191,191,191
2,35,5,55,1959,208,208,208
2,35,6,55,1960,251,251,251
2,35,7,55,1961,159,159,159
2,35,8,55,1962,255,255,255
2,35,9,55,1963,252,252,252
2,35,10,55,1964,201,201,201
2,35,11,55,1965,210,210,210
2,35,12,55,1966,253,253,253
2,35,13,55,1967,237,237,237
2,35,14,55,1968,255,255,255
2,35,15,55,1969,255,255,255
2,35,16,55,1970,255,255,255
2,35,17,55,1971,255,255,255
2,35,18,55,1972,255,255,255
2,35,19,55,1973,255,255,255
2,35,20,55,1974,255,255,255
2,35,21,55,1975,255,255,255
2,35,22,55,1976,255,255,255
2,35,23,55,1977,255,255,255
2,35,24,55,1978,255,255,255
2,35,25,55,1979,255,255,255
2,35,26,55,1980,255,255,255
2,35,27,55,1981,255,255,255
2,35,28,55,1982,255,255,255
2,35,29,55,1983,255,255,255
2,35,30,55,1984,255,255,255
2,35,31,55,1985,221,221,221
2,35,32,55,1986,183,183,183
2,35,33,55,1987,253,253,253
2,35,34,55,1988,255,255,255
2,35,35,55,1989,255,255,255
2,35,36,55,1990,255,255,255
2,35,37,55,1991,255,255,255
2,35,38,55,1992,215,215,215
2,35,39,55,1993,206,206,206
2,35,40,55,1994,245,245,245
2,35,41,55,1995,108,108,108
2,35,42,55,1996,138,138,138
2,35,43,55,1997,25,25,25
2,35,44,55,1998,161,161,161
2,35,45,55,1999,185,185,185
2,35,46,55,2000,245,245,245
2,35,47,55,2001,255,255,255
2,35,48,55,2002,255,255,255
2,35,49,55,2003,239,239,239
2,35,50,55,2004,210,210,210
2,35,51,55,2005,203,203,203
2,35,52,55,2006,225,225,225
2,35,53,55,2007,209,209,209
2,35,54,55,2008,239,239,239
2,35,55,55,2009,255,255,255
2,35,56,55,2010,255,255,255
2,35,57,55,2011,254,254,254
2,35,58,55,2012,250,250,250
2,35,59,55,2013,212,212,212
2,35,60,55,2014,249,249,249
2,35,61,55,2015,197,197,197
2,35,62,55,2016,229,229,229
2,35,63,55,2017,176,176,176
2,35,64,55,2018,130,130,130
2,35,65,55,2019,248,248,248
2,35,66,55,2020,133,133,133
2,35,67,55,2021,154,154,154
2,35,68,55,2022,102,102,102
2,36,0,56,1954,252,252,252
2,36,1,56,1955,145,145,145
2,36,2,56,1956,233,233,233
2,36,3,56,1957,255,255,255
2,36,4,56,1958,178,178,178
2,36,5,56,1959,207,207,207
2,36,6,56,1960,252,252,252
2,36,7,56,1961,140,140,140
2,36,8,56,1962,255,255,255
2,36,9,56,1963,230,230,230
2,36,10,56,1964,200,200,200
2,36,11,56,1965,198,198,198
2,36,12,56,1966,252,252,252
2,36,13,56,1967,235,235,235
2,36,14,56,1968,255,255,255
2,36,15,56,1969,255,255,255
2,36,16,56,1970,255,255,255
2,36,17,56,1971,255,255,255
2,36,18,56,1972,255,255,255
2,36,19,56,1973,255,255,255
2,36,20,56,1974,255,255,255
2,36,21,56,1975,255,255,255
2,36,22,56,1976,255,255,255
2,36,23,56,1977,255,255,255
2,36,24,56,1978,255,255,255
2,36,25,56,1979,255,255,255
2,36,26,56,1980,255,255,255
2,36,27,56,1981,255,255,255
2,36,28,56,1982,255,255,255
2,36,29,56,1983,255,255,255
2,36,30,56,1984,255,255,255
2,36,31,56,1985,215,215,215
2,36,32,56,1986,180,180,180
2,36,33,56,1987,253,253,253
2,36,34,56,1988,255,255,255
2,36,35,56,1989,255,255,255
2,36,36,56,1990,255,255,255
2,36,37,56,1991,255,255,255
2,36,38,56,1992,248,248,248
2,36,39,56,1993,215,215,215
2,36,40,56,1994,245,245,245
2,36,41,56,1995,109,109,109
2,36,42,56,1996,137,137,137
2,36,43,56,1997,21,21,21
2,36,44,56,1998,161,161,161
2,36,45,56,1999,167,167,167
2,36,46,56,2000,248,248,248
2,36,47,56,2001,255,255,255
2,36,48,56,2002,255,255,255
2,36,49,56,2003,240,240,240
2,36,50,56,2004,212,212,212
2,36,51,56,2005,203,203,203
2,36,52,56,2006,226,226,226
2,36,53,56,2007,210,210,210
2,36,54,56,2008,239,239,239
2,36,55,56,2009,255,255,255
2,36,56,56,2010,255,255,255
2,36,57,56,2011,255,255,255
2,36,58,56,2012,251,251,251
2,36,59,56,2013,221,221,221
2,36,60,56,2014,249,249,249
2,36,61,56,2015,198,198,198
2,36,62,56,2016,227,227,227
2,36,63,56,2017,172,172,172
2,36,64,56,2018,128,128,128
2,36,65,56,2019,246,246,246
2,36,66,56,2020,132,132,132
2,36,67,56,2021,131,131,131
2,36,68,56,2022,81,81,81
2,37,0,57,1954,252,252,252
2,37,1,57,1955,148,148,148
2,37,2,57,1956,242,242,242
2,37,3,57,1957,255,255,255
2,37,4,57,1958,179,179,179
2,37,5,57,1959,208,208,208
2,37,6,57,1960,253,253,253
2,37,7,57,1961,161,161,161
2,37,8,57,1962,255,255,255
2,37,9,57,1963,227,227,227
2,37,10,57,1964,194,194,194
2,37,11,57,1965,209,209,209
2,37,12,57,1966,252,252,252
2,37,13,57,1967,238,238,238
2,37,14,57,1968,255,255,255
2,37,15,57,1969,255,255,255
2,37,16,57,1970,255,255,255
2,37,17,57,1971,255,255,255
2,37,18,57,1972,255,255,255
2,37,19,57,1973,255,255,255
2,37,20,57,1974,255,255,255
2,37,21,57,1975,255,255,255
2,37,22,57,1976,255,255,255
2,37,23,57,1977,255,255,255
2,37,24,57,1978,255,255,255
2,37,25,57,1979,255,255,255
2,37,26,57,1980,255,255,255
2,37,27,57,1981,255,255,255
2,37,28,57,1982,255,255,255
2,37,29,57,1983,255,255,255
2,37,30,57,1984,255,255,255
2,37,31,57,1985,211,211,211
2,37,32,57,1986,177,177,177
2,37,33,57,1987,254,254,254
2,37,34,57,1988,255,255,255
2,37,35,57,1989,255,255,255
2,37,36,57,1990,255,255,255
2,37,37,57,1991,248,248,248
2,37,38,57,1992,239,239,239
2,37,39,57,1993,234,234,234
2,37,40,57,1994,243,243,243
2,37,41,57,1995,127,127,127
2,37,42,57,1996,132,132,132
2,37,43,57,1997,30,30,30
2,37,44,57,1998,163,163,163
2,37,45,57,1999,171,171,171
2,37,46,57,2000,245,245,245
2,37,47,57,2001,255,255,255
2,37,48,57,2002,255,255,255
2,37,49,57,2003,241,241,241
2,37,50,57,2004,219,219,219
2,37,51,57,2005,212,212,212
2,37,52,57,2006,227,227,227
2,37,53,57,2007,207,207,207
2,37,54,57,2008,240,240,240
2,37,55,57,2009,255,255,255
2,37,56,57,2010,255,255,255
2,37,57,57,2011,255,255,255
2,37,58,57,2012,250,250,250
2,37,59,57,2013,220,220,220
2,37,60,57,2014,250,250,250
2,37,61,57,2015,206,206,206
2,37,62,57,2016,227,227,227
2,37,63,57,2017,193,193,193
2,37,64,57,2018,154,154,154
2,37,65,57,2019,248,248,248
2,37,66,57,2020,134,134,134
2,37,67,57,2021,133,133,133
2,37,68,57,2022,85,85,85
2,38,0,58,1954,251,251,251
2,38,1,58,1955,143,143,143
2,38,2,58,1956,239,239,239
2,38,3,58,1957,255,255,255
2,38,4,58,1958,191,191,191
2,38,5,58,1959,207,207,207
2,38,6,58,1960,252,252,252
2,38,7,58,1961,134,134,134
2,38,8,58,1962,255,255,255
2,38,9,58,1963,219,219,219
2,38,10,58,1964,178,178,178
2,38,11,58,1965,208,208,208
2,38,12,58,1966,252,252,252
2,38,13,58,1967,238,238,238
2,38,14,58,1968,255,255,255
2,38,15,58,1969,255,255,255
2,38,16,58,1970,255,255,255
2,38,17,58,1971,255,255,255
2,38,18,58,1972,255,255,255
2,38,19,58,1973,255,255,255
2,38,20,58,1974,255,255,255
2,38,21,58,1975,255,255,255
2,38,22,58,1976,255,255,255
2,38,23,58,1977,255,255,255
2,38,24,58,1978,255,255,255
2,38,25,58,1979,255,255,255
2,38,26,58,1980,255,255,255
2,38,27,58,1981,255,255,255
2,38,28,58,1982,255,255,255
2,38,29,58,1983,253,253,253
2,38,30,58,1984,255,255,255
2,38,31,58,1985,204,204,204
2,38,32,58,1986,176,176,176
2,38,33,58,1987,254,254,254
2,38,34,58,1988,255,255,255
2,38,35,58,1989,255,255,255
2,38,36,58,1990,255,255,255
2,38,37,58,1991,252,252,252
2,38,38,58,1992,206,206,206
2,38,39,58,1993,222,222,222
2,38,40,58,1994,246,246,246
2,38,41,58,1995,146,146,146
2,38,42,58,1996,151,151,151
2,38,43,58,1997,44,44,44
2,38,44,58,1998,174,174,174
2,38,45,58,1999,190,190,190
2,38,46,58,2000,252,252,252
2,38,47,58,2001,255,255,255
2,38,48,58,2002,255,255,255
2,38,49,58,2003,242,242,242
2,38,50,58,2004,224,224,224
2,38,51,58,2005,221,221,221
2,38,52,58,2006,233,233,233
2,38,53,58,2007,219,219,219
2,38,54,58,2008,240,240,240
2,38,55,58,2009,255,255,255
2,38,56,58,2010,255,255,255
2,38,57,58,2011,254,254,254
2,38,58,58,2012,251,251,251
2,38,59,58,2013,223,223,223
2,38,60,58,2014,251,251,251
2,38,61,58,2015,214,214,214
2,38,62,58,2016,228,228,228
2,38,63,58,2017,198,198,198
2,38,64,58,2018,155,155,155
2,38,65,58,2019,248,248,248
2,38,66,58,2020,127,127,127
2,38,67,58,2021,134,134,134
2,38,68,58,2022,107,107,107
2,39,0,59,1954,252,252,252
2,39,1,59,1955,148,148,148
2,39,2,59,1956,241,241,241
2,39,3,59,1957,255,255,255
2,39,4,59,1958,177,177,177
2,39,5,59,1959,206,206,206
2,39,6,59,1960,252,252,252
2,39,7,59,1961,141,141,141
2,39,8,59,1962,255,255,255
2,39,9,59,1963,220,220,220
2,39,10,59,1964,174,174,174
2,39,11,59,1965,211,211,211
2,39,12,59,1966,253,253,253
2,39,13,59,1967,236,236,236
2,39,14,59,1968,255,255,255
2,39,15,59,1969,255,255,255
2,39,16,59,1970,255,255,255
2,39,17,59,1971,255,255,255
2,39,18,59,1972,255,255,255
2,39,19,59,1973,255,255,255
2,39,20,59,1974,255,255,255
2,39,21,59,1975,255,255,255
2,39,22,59,1976,255,255,255
2,39,23,59,1977,255,255,255
2,39,24,59,1978,255,255,255
2,39,25,59,1979,255,255,255
2,39,26,59,1980,255,255,255
2,39,27,59,1981,255,255,255
2,39,28,59,1982,255,255,255
2,39,29,59,1983,254,254,254
2,39,30,59,1984,255,255,255
2,39,31,59,1985,196,196,196
2,39,32,59,1986,176,176,176
2,39,33,59,1987,253,253,253
2,39,34,59,1988,255,255,255
2,39,35,59,1989,255,255,255
2,39,36,59,1990,255,255,255
2,39,37,59,1991,254,254,254
2,39,38,59,1992,202,202,202
2,39,39,59,1993,223,223,223
2,39,40,59,1994,243,243,243
2,39,41,59,1995,156,156,156
2,39,42,59,1996,172,172,172
2,39,43,59,1997,86,86,86
2,39,44,59,1998,175,175,175
2,39,45,59,1999,201,201,201
2,39,46,59,2000,246,246,246
2,39,47,59,2001,255,255,255
2,39,48,59,2002,255,255,255
2,39,49,59,2003,243,243,243
2,39,50,59,2004,220,220,220
2,39,51,59,2005,219,219,219
2,39,52,59,2006,230,230,230
2,39,53,59,2007,222,222,222
2,39,54,59,2008,246,246,246
2,39,55,59,2009,255,255,255
2,39,56,59,2010,255,255,255
2,39,57,59,2011,254,254,254
2,39,58,59,2012,252,252,252
2,39,59,59,2013,222,222,222
2,39,60,59,2014,253,253,253
2,39,61,59,2015,219,219,219
2,39,62,59,2016,237,237,237
2,39,63,59,2017,197,197,197
2,39,64,59,2018,132,132,132
2,39,65,59,2019,248,248,248
2,39,66,59,2020,108,108,108
2,39,67,59,2021,161,161,161
2,39,68,59,2022,99,99,99
2,40,0,60,1954,251,251,251
2,40,1,60,1955,166,166,166
2,40,2,60,1956,237,237,237
2,40,3,60,1957,255,255,255
2,40,4,60,1958,191,191,191
2,40,5,60,1959,203,203,203
2,40,6,60,1960,252,252,252
2,40,7,60,1961,152,152,152
2,40,8,60,1962,255,255,255
2,40,9,60,1963,215,215,215
2,40,10,60,1964,178,178,178
2,40,11,60,1965,208,208,208
2,40,12,60,1966,253,253,253
2,40,13,60,1967,235,235,235
2,40,14,60,1968,255,255,255
2,40,15,60,1969,255,255,255
2,40,16,60,1970,255,255,255
2,40,17,60,1971,255,255,255
2,40,18,60,1972,255,255,255
2,40,19,60,1973,255,255,255
2,40,20,60,1974,255,255,255
2,40,21,60,1975,255,255,255
2,40,22,60,1976,255,255,255
2,40,23,60,1977,255,255,255
2,40,24,60,1978,255,255,255
2,40,25,60,1979,255,255,255
2,40,26,60,1980,255,255,255
2,40,27,60,1981,255,255,255
2,40,28,60,1982,255,255,255
2,40,29,60,1983,244,244,244
2,40,30,60,1984,254,254,254
2,40,31,60,1985,210,210,210
2,40,32,60,1986,188,188,188
2,40,33,60,1987,251,251,251
2,40,34,60,1988,255,255,255
2,40,35,60,1989,255,255,255
2,40,36,60,1990,255,255,255
2,40,37,60,1991,248,248,248
2,40,38,60,1992,198,198,198
2,40,39,60,1993,205,205,205
2,40,40,60,1994,241,241,241
2,40,41,60,1995,113,113,113
2,40,42,60,1996,130,130,130
2,40,43,60,1997,14,14,14
2,40,44,60,1998,164,164,164
2,40,45,60,1999,178,178,178
2,40,46,60,2000,247,247,247
2,40,47,60,2001,255,255,255
2,40,48,60,2002,255,255,255
2,40,49,60,2003,242,242,242
2,40,50,60,2004,216,216,216
2,40,51,60,2005,214,214,214
2,40,52,60,2006,227,227,227
2,40,53,60,2007,205,205,205
2,40,54,60,2008,236,236,236
2,40,55,60,2009,255,255,255
2,40,56,60,2010,255,255,255
2,40,57,60,2011,255,255,255
2,40,58,60,2012,250,250,250
2,40,59,60,2013,209,209,209
2,40,60,60,2014,251,251,251
2,40,61,60,2015,195,195,195
2,40,62,60,2016,229,229,229
2,40,63,60,2017,173,173,173
2,40,64,60,2018,124,124,124
2,40,65,60,2019,247,247,247
2,40,66,60,2020,100,100,100
2,40,67,60,2021,132,132,132
2,40,68,60,2022,80,80,80
2,41,0,61,1954,250,250,250
2,41,1,61,1955,141,141,141
2,41,2,61,1956,233,233,233
2,41,3,61,1957,255,255,255
2,41,4,61,1958,176,176,176
2,41,5,61,1959,208,208,208
2,41,6,61,1960,251,251,251
2,41,7,61,1961,136,136,136
2,41,8,61,1962,255,255,255
2,41,9,61,1963,221,221,221
2,41,10,61,1964,192,192,192
2,41,11,61,1965,206,206,206
2,41,12,61,1966,253,253,253
2,41,13,61,1967,228,228,228
2,41,14,61,1968,255,255,255
2,41,15,61,1969,255,255,255
2,41,16,61,1970,255,255,255
2,41,17,61,1971,255,255,255
2,41,18,61,1972,255,255,255
2,41,19,61,1973,255,255,255
2,41,20,61,1974,255,255,255
2,41,21,61,1975,255,255,255
2,41,22,61,1976,255,255,255
2,41,23,61,1977,255,255,255
2,41,24,61,1978,255,255,255
2,41,25,61,1979,255,255,255
2,41,26,61,1980,255,255,255
2,41,27,61,1981,255,255,255
2,41,28,61,1982,255,255,255
2,41,29,61,1983,234,234,234
2,41,30,61,1984,254,254,254
2,41,31,61,1985,197,197,197
2,41,32,61,1986,194,194,194
2,41,33,61,1987,252,252,252
2,41,34,61,1988,255,255,255
2,41,35,61,1989,255,255,255
2,41,36,61,1990,255,255,255
2,41,37,61,1991,251,251,251
2,41,38,61,1992,203,203,203
2,41,39,61,1993,211,211,211
2,41,40,61,1994,246,246,246
2,41,41,61,1995,105,105,105
2,41,42,61,1996,133,133,133
2,41,43,61,1997,25,25,25
2,41,44,61,1998,175,175,175
2,41,45,61,1999,186,186,186
2,41,46,61,2000,247,247,247
2,41,47,61,2001,255,255,255
2,41,48,61,2002,255,255,255
2,41,49,61,2003,237,237,237
2,41,50,61,2004,209,209,209
2,41,51,61,2005,207,207,207
2,41,52,61,2006,228,228,228
2,41,53,61,2007,207,207,207
2,41,54,61,2008,234,234,234
2,41,55,61,2009,255,255,255
2,41,56,61,2010,255,255,255
2,41,57,61,2011,254,254,254
2,41,58,61,2012,252,252,252
2,41,59,61,2013,219,219,219
2,41,60,61,2014,252,252,252
2,41,61,61,2015,192,192,192
2,41,62,61,2016,229,229,229
2,41,63,61,2017,176,176,176
2,41,64,61,2018,132,132,132
2,41,65,61,2019,248,248,248
2,41,66,61,2020,126,126,126
2,41,67,61,2021,152,152,152
2,41,68,61,2022,107,107,107
2,42,0,62,1954,252,252,252
2,42,1,62,1955,160,160,160
2,42,2,62,1956,241,241,241
2,42,3,62,1957,255,255,255
2,42,4,62,1958,188,188,188
2,42,5,62,1959,204,204,204
2,42,6,62,1960,252,252,252
2,42,7,62,1961,153,153,153
2,42,8,62,1962,255,255,255
2,42,9,62,1963,214,214,214
2,42,10,62,1964,176,176,176
2,42,11,62,1965,207,207,207
2,42,12,62,1966,253,253,253
2,42,13,62,1967,233,233,233
2,42,14,62,1968,255,255,255
2,42,15,62,1969,255,255,255
2,42,16,62,1970,255,255,255
2,42,17,62,1971,255,255,255
2,42,18,62,1972,255,255,255
2,42,19,62,1973,255,255,255
2,42,20,62,1974,255,255,255
2,42,21,62,1975,255,255,255
2,42,22,62,1976,255,255,255
2,42,23,62,1977,255,255,255
2,42,24,62,1978,255,255,255
2,42,25,62,1979,255,255,255
2,42,26,62,1980,255,255,255
2,42,27,62,1981,255,255,255
2,42,28,62,1982,255,255,255
2,42,29,62,1983,226,226,226
2,42,30,62,1984,254,254,254
2,42,31,62,1985,180,180,180
2,42,32,62,1986,173,173,173
2,42,33,62,1987,253,253,253
2,42,34,62,1988,255,255,255
2,42,35,62,1989,255,255,255
2,42,36,62,1990,255,255,255
2,42,37,62,1991,251,251,251
2,42,38,62,1992,195,195,195
2,42,39,62,1993,214,214,214
2,42,40,62,1994,248,248,248
2,42,41,62,1995,107,107,107
2,42,42,62,1996,165,165,165
2,42,43,62,1997,52,52,52
2,42,44,62,1998,175,175,175
2,42,45,62,1999,192,192,192
2,42,46,62,2000,248,248,248
2,42,47,62,2001,255,255,255
2,42,48,62,2002,255,255,255
2,42,49,62,2003,237,237,237
2,42,50,62,2004,213,213,213
2,42,51,62,2005,209,209,209
2,42,52,62,2006,231,231,231
2,42,53,62,2007,213,213,213
2,42,54,62,2008,236,236,236
2,42,55,62,2009,255,255,255
2,42,56,62,2010,255,255,255
2,42,57,62,2011,254,254,254
2,42,58,62,2012,251,251,251
2,42,59,62,2013,214,214,214
2,42,60,62,2014,251,251,251
2,42,61,62,2015,209,209,209
2,42,62,62,2016,230,230,230
2,42,63,62,2017,182,182,182
2,42,64,62,2018,129,129,129
2,42,65,62,2019,245,245,245
2,42,66,62,2020,128,128,128
2,42,67,62,2021,138,138,138
2,42,68,62,2022,80,80,80
2,43,0,63,1954,249,249,249
2,43,1,63,1955,133,133,133
2,43,2,63,1956,231,231,231
2,43,3,63,1957,255,255,255
2,43,4,63,1958,173,173,173
2,43,5,63,1959,203,203,203
2,43,6,63,1960,252,252,252
2,43,7,63,1961,131,131,131
2,43,8,63,1962,255,255,255
2,43,9,63,1963,211,211,211
2,43,10,63,1964,176,176,176
2,43,11,63,1965,203,203,203
2,43,12,63,1966,253,253,253
2,43,13,63,1967,234,234,234
2,43,14,63,1968,255,255,255
2,43,15,63,1969,255,255,255
2,43,16,63,1970,255,255,255
2,43,17,63,1971,255,255,255
2,43,18,63,1972,255,255,255
2,43,19,63,1973,255,255,255
2,43,20,63,1974,255,255,255
2,43,21,63,1975,255,255,255
2,43,22,63,1976,255,255,255
2,43,23,63,1977,255,255,255
2,43,24,63,1978,255,255,255
2,43,25,63,1979,255,255,255
2,43,26,63,1980,255,255,255
2,43,27,63,1981,255,255,255
2,43,28,63,1982,255,255,255
2,43,29,63,1983,229,229,229
2,43,30,63,1984,252,252,252
2,43,31,63,1985,194,194,194
2,43,32,63,1986,187,187,187
2,43,33,63,1987,254,254,254
2,43,34,63,1988,255,255,255
2,43,35,63,1989,255,255,255
2,43,36,63,1990,255,255,255
2,43,37,63,1991,251,251,251
2,43,38,63,1992,189,189,189
2,43,39,63,1993,222,222,222
2,43,40,63,1994,251,251,251
2,43,41,63,1995,165,165,165
2,43,42,63,1996,148,148,148
2,43,43,63,1997,102,102,102
2,43,44,63,1998,190,190,190
2,43,45,63,1999,207,207,207
2,43,46,63,2000,247,247,247
2,43,47,63,2001,255,255,255
2,43,48,63,2002,255,255,255
2,43,49,63,2003,245,245,245
2,43,50,63,2004,228,228,228
2,43,51,63,2005,227,227,227
2,43,52,63,2006,240,240,240
2,43,53,63,2007,227,227,227
2,43,54,63,2008,244,244,244
2,43,55,63,2009,255,255,255
2,43,56,63,2010,255,255,255
2,43,57,63,2011,255,255,255
2,43,58,63,2012,250,250,250
2,43,59,63,2013,222,222,222
2,43,60,63,2014,251,251,251
2,43,61,63,2015,219,219,219
2,43,62,63,2016,231,231,231
2,43,63,63,2017,202,202,202
2,43,64,63,2018,126,126,126
2,43,65,63,2019,245,245,245
2,43,66,63,2020,120,120,120
2,43,67,63,2021,156,156,156
2,43,68,63,2022,98,98,98
2,44,0,64,1954,254,254,254
2,44,1,64,1955,162,162,162
2,44,2,64,1956,234,234,234
2,44,3,64,1957,255,255,255
2,44,4,64,1958,174,174,174
2,44,5,64,1959,207,207,207
2,44,6,64,1960,251,251,251
2,44,7,64,1961,154,154,154
2,44,8,64,1962,255,255,255
2,44,9,64,1963,221,221,221
2,44,10,64,1964,196,196,196
2,44,11,64,1965,196,196,196
2,44,12,64,1966,254,254,254
2,44,13,64,1967,225,225,225
2,44,14,64,1968,255,255,255
2,44,15,64,1969,255,255,255
2,44,16,64,1970,255,255,255
2,44,17,64,1971,255,255,255
2,44,18,64,1972,255,255,255
2,44,19,64,1973,255,255,255
2,44,20,64,1974,255,255,255
2,44,21,64,1975,255,255,255
2,44,22,64,1976,255,255,255
2,44,23,64,1977,255,255,255
2,44,24,64,1978,255,255,255
2,44,25,64,1979,255,255,255
2,44,26,64,1980,255,255,255
2,44,27,64,1981,255,255,255
2,44,28,64,1982,255,255,255
2,44,29,64,1983,226,226,226
2,44,30,64,1984,251,251,251
2,44,31,64,1985,184,184,184
2,44,32,64,1986,178,178,178
2,44,33,64,1987,251,251,251
2,44,34,64,1988,255,255,255
2,44,35,64,1989,255,255,255
2,44,36,64,1990,255,255,255
2,44,37,64,1991,248,248,248
2,44,38,64,1992,173,173,173
2,44,39,64,1993,220,220,220
2,44,40,64,1994,250,250,250
2,44,41,64,1995,179,179,179
2,44,42,64,1996,167,167,167
2,44,43,64,1997,155,155,155
2,44,44,64,1998,190,190,190
2,44,45,64,1999,216,216,216
2,44,46,64,2000,249,249,249
2,44,47,64,2001,255,255,255
2,44,48,64,2002,255,255,255
2,44,49,64,2003,246,246,246
2,44,50,64,2004,236,236,236
2,44,51,64,2005,232,232,232
2,44,52,64,2006,230,230,230
2,44,53,64,2007,230,230,230
2,44,54,64,2008,249,249,249
2,44,55,64,2009,255,255,255
2,44,56,64,2010,255,255,255
2,44,57,64,2011,255,255,255
2,44,58,64,2012,251,251,251
2,44,59,64,2013,241,241,241
2,44,60,64,2014,252,252,252
2,44,61,64,2015,222,222,222
2,44,62,64,2016,232,232,232
2,44,63,64,2017,210,210,210
2,44,64,64,2018,132,132,132
2,44,65,64,2019,245,245,245
2,44,66,64,2020,126,126,126
2,44,67,64,2021,164,164,164
2,44,68,64,2022,102,102,102
2,45,0,65,1954,251,251,251
2,45,1,65,1955,138,138,138
2,45,2,65,1956,230,230,230
2,45,3,65,1957,255,255,255
2,45,4,65,1958,190,190,190
2,45,5,65,1959,202,202,202
2,45,6,65,1960,254,254,254
2,45,7,65,1961,133,133,133
2,45,8,65,1962,255,255,255
2,45,9,65,1963,221,221,221
2,45,10,65,1964,191,191,191
2,45,11,65,1965,193,193,193
2,45,12,65,1966,252,252,252
2,45,13,65,1967,233,233,233
2,45,14,65,1968,255,255,255
2,45,15,65,1969,255,255,255
2,45,16,65,1970,255,255,255
2,45,17,65,1971,255,255,255
2,45,18,65,1972,255,255,255
2,45,19,65,1973,255,255,255
2,45,20,65,1974,255,255,255
2,45,21,65,1975,255,255,255
2,45,22,65,1976,255,255,255
2,45,23,65,1977,255,255,255
2,45,24,65,1978,255,255,255
2,45,25,65,1979,255,255,255
2,45,26,65,1980,255,255,255
2,45,27,65,1981,255,255,255
2,45,28,65,1982,255,255,255
2,45,29,65,1983,222,222,222
2,45,30,65,1984,253,253,253
2,45,31,65,1985,193,193,193
2,45,32,65,1986,188,188,188
2,45,33,65,1987,251,251,251
2,45,34,65,1988,255,255,255
2,45,35,65,1989,255,255,255
2,45,36,65,1990,255,255,255
2,45,37,65,1991,245,245,245
2,45,38,65,1992,169,169,169
2,45,39,65,1993,204,204,204
2,45,40,65,1994,251,251,251
2,45,41,65,1995,106,106,106
2,45,42,65,1996,143,143,143
2,45,43,65,1997,27,27,27
2,45,44,65,1998,139,139,139
2,45,45,65,1999,181,181,181
2,45,46,65,2000,249,249,249
2,45,47,65,2001,255,255,255
2,45,48,65,2002,255,255,255
2,45,49,65,2003,239,239,239
2,45,50,65,2004,219,219,219
2,45,51,65,2005,216,216,216
2,45,52,65,2006,227,227,227
2,45,53,65,2007,207,207,207
2,45,54,65,2008,238,238,238
2,45,55,65,2009,255,255,255
2,45,56,65,2010,255,255,255
2,45,57,65,2011,254,254,254
2,45,58,65,2012,250,250,250
2,45,59,65,2013,206,206,206
2,45,60,65,2014,251,251,251
2,45,61,65,2015,191,191,191
2,45,62,65,2016,225,225,225
2,45,63,65,2017,170,170,170
2,45,64,65,2018,129,129,129
2,45,65,65,2019,246,246,246
2,45,66,65,2020,121,121,121
2,45,67,65,2021,124,124,124
2,45,68,65,2022,76,76,76
2,46,0,66,1954,251,251,251
2,46,1,66,1955,134,134,134
2,46,2,66,1956,236,236,236
2,46,3,66,1957,255,255,255
2,46,4,66,1958,170,170,170
2,46,5,66,1959,203,203,203
2,46,6,66,1960,250,250,250
2,46,7,66,1961,134,134,134
2,46,8,66,1962,255,255,255
2,46,9,66,1963,219,219,219
2,46,10,66,1964,188,188,188
2,46,11,66,1965,206,206,206
2,46,12,66,1966,253,253,253
2,46,13,66,1967,232,232,232
2,46,14,66,1968,255,255,255
2,46,15,66,1969,255,255,255
2,46,16,66,1970,255,255,255
2,46,17,66,1971,255,255,255
2,46,18,66,1972,255,255,255
2,46,19,66,1973,255,255,255
2,46,20,66,1974,255,255,255
2,46,21,66,1975,255,255,255
2,46,22,66,1976,255,255,255
2,46,23,66,1977,255,255,255
2,46,24,66,1978,255,255,255
2,46,25,66,1979,255,255,255
2,46,26,66,1980,255,255,255
2,46,27,66,1981,255,255,255
2,46,28,66,1982,255,255,255
2,46,29,66,1983,218,218,218
2,46,30,66,1984,254,254,254
2,46,31,66,1985,189,189,189
2,46,32,66,1986,189,189,189
2,46,33,66,1987,252,252,252
2,46,34,66,1988,255,255,255
2,46,35,66,1989,255,255,255
2,46,36,66,1990,255,255,255
2,46,37,66,1991,246,246,246
2,46,38,66,1992,186,186,186
2,46,39,66,1993,216,216,216
2,46,40,66,1994,250,250,250
2,46,41,66,1995,121,121,121
2,46,42,66,1996,158,158,158
2,46,43,66,1997,69,69,69
2,46,44,66,1998,169,169,169
2,46,45,66,1999,199,199,199
2,46,46,66,2000,248,248,248
2,46,47,66,2001,255,255,255
2,46,48,66,2002,255,255,255
2,46,49,66,2003,242,242,242
2,46,50,66,2004,225,225,225
2,46,51,66,2005,224,224,224
2,46,52,66,2006,234,234,234
2,46,53,66,2007,226,226,226
2,46,54,66,2008,242,242,242
2,46,55,66,2009,255,255,255
2,46,56,66,2010,255,255,255
2,46,57,66,2011,254,254,254
2,46,58,66,2012,251,251,251
2,46,59,66,2013,223,223,223
2,46,60,66,2014,250,250,250
2,46,61,66,2015,221,221,221
2,46,62,66,2016,231,231,231
2,46,63,66,2017,192,192,192
2,46,64,66,2018,126,126,126
2,46,65,66,2019,246,246,246
2,46,66,66,2020,99,99,99
2,46,67,66,2021,136,136,136
2,46,68,66,2022,76,76,76
2,47,0,67,1954,249,249,249
2,47,1,67,1955,135,135,135
2,47,2,67,1956,236,236,236
2,47,3,67,1957,255,255,255
2,47,4,67,1958,170,170,170
2,47,5,67,1959,206,206,206
2,47,6,67,1960,251,251,251
2,47,7,67,1961,155,155,155
2,47,8,67,1962,255,255,255
2,47,9,67,1963,209,209,209
2,47,10,67,1964,170,170,170
2,47,11,67,1965,204,204,204
2,47,12,67,1966,252,252,252
2,47,13,67,1967,222,222,222
2,47,14,67,1968,255,255,255
2,47,15,67,1969,255,255,255
2,47,16,67,1970,255,255,255
2,47,17,67,1971,255,255,255
2,47,18,67,1972,255,255,255
2,47,19,67,1973,255,255,255
2,47,20,67,1974,255,255,255
2,47,21,67,1975,255,255,255
2,47,22,67,1976,255,255,255
2,47,23,67,1977,255,255,255
2,47,24,67,1978,255,255,255
2,47,25,67,1979,255,255,255
2,47,26,67,1980,255,255,255
2,47,27,67,1981,254,254,254
2,47,28,67,1982,255,255,255
2,47,29,67,1983,214,214,214
2,47,30,67,1984,252,252,252
2,47,31,67,1985,174,174,174
2,47,32,67,1986,169,169,169
2,47,33,67,1987,255,255,255
2,47,34,67,1988,255,255,255
2,47,35,67,1989,255,255,255
2,47,36,67,1990,255,255,255
2,47,37,67,1991,237,237,237
2,47,38,67,1992,166,166,166
2,47,39,67,1993,217,217,217
2,47,40,67,1994,250,250,250
2,47,41,67,1995,155,155,155
2,47,42,67,1996,162,162,162
2,47,43,67,1997,125,125,125
2,47,44,67,1998,186,186,186
2,47,45,67,1999,206,206,206
2,47,46,67,2000,249,249,249
2,47,47,67,2001,255,255,255
2,47,48,67,2002,255,255,255
2,47,49,67,2003,245,245,245
2,47,50,67,2004,232,232,232
2,47,51,67,2005,231,231,231
2,47,52,67,2006,230,230,230
2,47,53,67,2007,226,226,226
2,47,54,67,2008,246,246,246
2,47,55,67,2009,255,255,255
2,47,56,67,2010,255,255,255
2,47,57,67,2011,254,254,254
2,47,58,67,2012,250,250,250
2,47,59,67,2013,233,233,233
2,47,60,67,2014,251,251,251
2,47,61,67,2015,220,220,220
2,47,62,67,2016,227,227,227
2,47,63,67,2017,205,205,205
2,47,64,67,2018,127,127,127
2,47,65,67,2019,246,246,246
2,47,66,67,2020,103,103,103
2,47,67,67,2021,142,142,142
2,47,68,67,2022,71,71,71
2,48,0,68,1954,249,249,249
2,48,1,68,1955,137,137,137
2,48,2,68,1956,237,237,237
2,48,3,68,1957,255,255,255
2,48,4,68,1958,172,172,172
2,48,5,68,1959,204,204,204
2,48,6,68,1960,252,252,252
2,48,7,68,1961,147,147,147
2,48,8,68,1962,255,255,255
2,48,9,68,1963,210,210,210
2,48,10,68,1964,175,175,175
2,48,11,68,1965,206,206,206
2,48,12,68,1966,253,253,253
2,48,13,68,1967,227,227,227
2,48,14,68,1968,255,255,255
2,48,15,68,1969,255,255,255
2,48,16,68,1970,255,255,255
2,48,17,68,1971,255,255,255
2,48,18,68,1972,255,255,255
2,48,19,68,1973,255,255,255
2,48,20,68,1974,255,255,255
2,48,21,68,1975,255,255,255
2,48,22,68,1976,255,255,255
2,48,23,68,1977,255,255,255
2,48,24,68,1978,255,255,255
2,48,25,68,1979,255,255,255
2,48,26,68,1980,255,255,255
2,48,27,68,1981,253,253,253
2,48,28,68,1982,254,254,254
2,48,29,68,1983,204,204,204
2,48,30,68,1984,254,254,254
2,48,31,68,1985,175,175,175
2,48,32,68,1986,177,177,177
2,48,33,68,1987,255,255,255
2,48,34,68,1988,255,255,255
2,48,35,68,1989,255,255,255
2,48,36,68,1990,255,255,255
2,48,37,68,1991,241,241,241
2,48,38,68,1992,186,186,186
2,48,39,68,1993,218,218,218
2,48,40,68,1994,250,250,250
2,48,41,68,1995,158,158,158
2,48,42,68,1996,162,162,162
2,48,43,68,1997,161,161,161
2,48,44,68,1998,167,167,167
2,48,45,68,1999,198,198,198
2,48,46,68,2000,247,247,247
2,48,47,68,2001,255,255,255
2,48,48,68,2002,255,255,255
2,48,49,68,2003,248,248,248
2,48,50,68,2004,235,235,235
2,48,51,68,2005,232,232,232
2,48,52,68,2006,238,238,238
2,48,53,68,2007,231,231,231
2,48,54,68,2008,249,249,249
2,48,55,68,2009,255,255,255
2,48,56,68,2010,255,255,255
2,48,57,68,2011,254,254,254
2,48,58,68,2012,250,250,250
2,48,59,68,2013,239,239,239
2,48,60,68,2014,253,253,253
2,48,61,68,2015,230,230,230
2,48,62,68,2016,219,219,219
2,48,63,68,2017,205,205,205
2,48,64,68,2018,126,126,126
2,48,65,68,2019,245,245,245
2,48,66,68,2020,122,122,122
2,48,67,68,2021,139,139,139
2,48,68,68,2022,73,73,73
2,49,0,69,1954,248,248,248
2,49,1,69,1955,133,133,133
2,49,2,69,1956,234,234,234
2,49,3,69,1957,255,255,255
2,49,4,69,1958,169,169,169
2,49,5,69,1959,202,202,202
2,49,6,69,1960,253,253,253
2,49,7,69,1961,130,130,130
2,49,8,69,1962,255,255,255
2,49,9,69,1963,223,223,223
2,49,10,69,1964,189,189,189
2,49,11,69,1965,205,205,205
2,49,12,69,1966,253,253,253
2,49,13,69,1967,221,221,221
2,49,14,69,1968,255,255,255
2,49,15,69,1969,255,255,255
2,49,16,69,1970,255,255,255
2,49,17,69,1971,255,255,255
2,49,18,69,1972,255,255,255
2,49,19,69,1973,255,255,255
2,49,20,69,1974,255,255,255
2,49,21,69,1975,255,255,255
2,49,22,69,1976,255,255,255
2,49,23,69,1977,255,255,255
2,49,24,69,1978,255,255,255
2,49,25,69,1979,255,255,255
2,49,26,69,1980,255,255,255
2,49,27,69,1981,254,254,254
2,49,28,69,1982,252,252,252
2,49,29,69,1983,194,194,194
2,49,30,69,1984,254,254,254
2,49,31,69,1985,190,190,190
2,49,32,69,1986,169,169,169
2,49,33,69,1987,250,250,250
2,49,34,69,1988,255,255,255
2,49,35,69,1989,255,255,255
2,49,36,69,1990,255,255,255
2,49,37,69,1991,232,232,232
2,49,38,69,1992,169,169,169
2,49,39,69,1993,208,208,208
2,49,40,69,1994,250,250,250
2,49,41,69,1995,97,97,97
2,49,42,69,1996,155,155,155
2,49,43,69,1997,40,40,40
2,49,44,69,1998,141,141,141
2,49,45,69,1999,171,171,171
2,49,46,69,2000,246,246,246
2,49,47,69,2001,255,255,255
2,49,48,69,2002,255,255,255
2,49,49,69,2003,235,235,235
2,49,50,69,2004,222,222,222
2,49,51,69,2005,216,216,216
2,49,52,69,2006,226,226,226
2,49,53,69,2007,209,209,209
2,49,54,69,2008,239,239,239
2,49,55,69,2009,255,255,255
2,49,56,69,2010,255,255,255
2,49,57,69,2011,253,253,253
2,49,58,69,2012,249,249,249
2,49,59,69,2013,211,211,211
2,49,60,69,2014,250,250,250
2,49,61,69,2015,191,191,191
2,49,62,69,2016,217,217,217
2,49,63,69,2017,178,178,178
2,49,64,69,2018,125,125,125
2,49,65,69,2019,246,246,246
2,49,66,69,2020,125,125,125
2,49,67,69,2021,155,155,155
2,49,68,69,2022,76,76,76
2,50,0,70,1954,251,251,251
2,50,1,70,1955,151,151,151
2,50,2,70,1956,226,226,226
2,50,3,70,1957,255,255,255
2,50,4,70,1958,165,165,165
2,50,5,70,1959,186,186,186
2,50,6,70,1960,248,248,248
2,50,7,70,1961,125,125,125
2,50,8,70,1962,255,255,255
2,50,9,70,1963,215,215,215
2,50,10,70,1964,188,188,188
2,50,11,70,1965,205,205,205
2,50,12,70,1966,253,253,253
2,50,13,70,1967,227,227,227
2,50,14,70,1968,255,255,255
2,50,15,70,1969,255,255,255
2,50,16,70,1970,255,255,255
2,50,17,70,1971,255,255,255
2,50,18,70,1972,255,255,255
2,50,19,70,1973,255,255,255
2,50,20,70,1974,255,255,255
2,50,21,70,1975,255,255,255
2,50,22,70,1976,255,255,255
2,50,23,70,1977,255,255,255
2,50,24,70,1978,255,255,255
2,50,25,70,1979,255,255,255
2,50,26,70,1980,255,255,255
2,50,27,70,1981,255,255,255
2,50,28,70,1982,237,237,237
2,50,29,70,1983,191,191,191
2,50,30,70,1984,253,253,253
2,50,31,70,1985,188,188,188
2,50,32,70,1986,191,191,191
2,50,33,70,1987,254,254,254
2,50,34,70,1988,255,255,255
2,50,35,70,1989,255,255,255
2,50,36,70,1990,255,255,255
2,50,37,70,1991,235,235,235
2,50,38,70,1992,182,182,182
2,50,39,70,1993,211,211,211
2,50,40,70,1994,244,244,244
2,50,41,70,1995,132,132,132
2,50,42,70,1996,159,159,159
2,50,43,70,1997,93,93,93
2,50,44,70,1998,184,184,184
2,50,45,70,1999,191,191,191
2,50,46,70,2000,249,249,249
2,50,47,70,2001,255,255,255
2,50,48,70,2002,255,255,255
2,50,49,70,2003,243,243,243
2,50,50,70,2004,219,219,219
2,50,51,70,2005,217,217,217
2,50,52,70,2006,228,228,228
2,50,53,70,2007,219,219,219
2,50,54,70,2008,240,240,240
2,50,55,70,2009,255,255,255
2,50,56,70,2010,255,255,255
2,50,57,70,2011,253,253,253
2,50,58,70,2012,250,250,250
2,50,59,70,2013,228,228,228
2,50,60,70,2014,249,249,249
2,50,61,70,2015,205,205,205
2,50,62,70,2016,223,223,223
2,50,63,70,2017,209,209,209
2,50,64,70,2018,142,142,142
2,50,65,70,2019,246,246,246
2,50,66,70,2020,120,120,120
2,50,67,70,2021,133,133,133
2,50,68,70,2022,64,64,64
2,51,0,71,1954,249,249,249
2,51,1,71,1955,152,152,152
2,51,2,71,1956,229,229,229
2,51,3,71,1957,255,255,255
2,51,4,71,1958,168,168,168
2,51,5,71,1959,183,183,183
2,51,6,71,1960,250,250,250
2,51,7,71,1961,146,146,146
2,51,8,71,1962,255,255,255
2,51,9,71,1963,205,205,205
2,51,10,71,1964,168,168,168
2,51,11,71,1965,200,200,200
2,51,12,71,1966,252,252,252
2,51,13,71,1967,219,219,219
2,51,14,71,1968,255,255,255
2,51,15,71,1969,255,255,255
2,51,16,71,1970,255,255,255
2,51,17,71,1971,255,255,255
2,51,18,71,1972,255,255,255
2,51,19,71,1973,255,255,255
2,51,20,71,1974,255,255,255
2,51,21,71,1975,255,255,255
2,51,22,71,1976,255,255,255
2,51,23,71,1977,255,255,255
2,51,24,71,1978,255,255,255
2,51,25,71,1979,255,255,255
2,51,26,71,1980,255,255,255
2,51,27,71,1981,253,253,253
2,51,28,71,1982,236,236,236
2,51,29,71,1983,195,195,195
2,51,30,71,1984,251,251,251
2,51,31,71,1985,172,172,172
2,51,32,71,1986,169,169,169
2,51,33,71,1987,252,252,252
2,51,34,71,1988,255,255,255
2,51,35,71,1989,255,255,255
2,51,36,71,1990,255,255,255
2,51,37,71,1991,229,229,229
2,51,38,71,1992,163,163,163
2,51,39,71,1993,214,214,214
2,51,40,71,1994,246,246,246
2,51,41,71,1995,167,167,167
2,51,42,71,1996,141,141,141
2,51,43,71,1997,137,137,137
2,51,44,71,1998,185,185,185
2,51,45,71,1999,199,199,199
2,51,46,71,2000,247,247,247
2,51,47,71,2001,255,255,255
2,51,48,71,2002,255,255,255
2,51,49,71,2003,244,244,244
2,51,50,71,2004,224,224,224
2,51,51,71,2005,222,222,222
2,51,52,71,2006,226,226,226
2,51,53,71,2007,224,224,224
2,51,54,71,2008,244,244,244
2,51,55,71,2009,255,255,255
2,51,56,71,2010,255,255,255
2,51,57,71,2011,254,254,254
2,51,58,71,2012,250,250,250
2,51,59,71,2013,234,234,234
2,51,60,71,2014,248,248,248
2,51,61,71,2015,214,214,214
2,51,62,71,2016,232,232,232
2,51,63,71,2017,206,206,206
2,51,64,71,2018,120,120,120
2,51,65,71,2019,242,242,242
2,51,66,71,2020,90,90,90
2,51,67,71,2021,133,133,133
2,51,68,71,2022,66,66,66
2,52,0,72,1954,250,250,250
2,52,1,72,1955,140,140,140
2,52,2,72,1956,231,231,231
2,52,3,72,1957,255,255,255
2,52,4,72,1958,190,190,190
2,52,5,72,1959,209,209,209
2,52,6,72,1960,252,252,252
2,52,7,72,1961,159,159,159
2,52,8,72,1962,255,255,255
2,52,9,72,1963,211,211,211
2,52,10,72,1964,177,177,177
2,52,11,72,1965,209,209,209
2,52,12,72,1966,252,252,252
2,52,13,72,1967,222,222,222
2,52,14,72,1968,255,255,255
2,52,15,72,1969,255,255,255
2,52,16,72,1970,255,255,255
2,52,17,72,1971,255,255,255
2,52,18,72,1972,255,255,255
2,52,19,72,1973,255,255,255
2,52,20,72,1974,255,255,255
2,52,21,72,1975,255,255,255
2,52,22,72,1976,255,255,255
2,52,23,72,1977,255,255,255
2,52,24,72,1978,255,255,255
2,52,25,72,1979,255,255,255
2,52,26,72,1980,255,255,255
2,52,27,72,1981,252,252,252
2,52,28,72,1982,237,237,237
2,52,29,72,1983,198,198,198
2,52,30,72,1984,252,252,252
2,52,31,72,1985,193,193,193
2,52,32,72,1986,196,196,196
2,52,33,72,1987,252,252,252
2,52,34,72,1988,255,255,255
2,52,35,72,1989,255,255,255
2,52,36,72,1990,255,255,255
2,52,37,72,1991,235,235,235
2,52,38,72,1992,184,184,184
2,52,39,72,1993,215,215,215
2,52,40,72,1994,241,241,241
2,52,41,72,1995,167,167,167
2,52,42,72,1996,167,167,167
2,52,43,72,1997,148,148,148
2,52,44,72,1998,190,190,190
2,52,45,72,1999,210,210,210
2,52,46,72,2000,248,248,248
2,52,47,72,2001,255,255,255
2,52,48,72,2002,255,255,255
2,52,49,72,2003,245,245,245
2,52,50,72,2004,229,229,229
2,52,51,72,2005,228,228,228
2,52,52,72,2006,227,227,227
2,52,53,72,2007,227,227,227
2,52,54,72,2008,246,246,246
2,52,55,72,2009,255,255,255
2,52,56,72,2010,255,255,255
2,52,57,72,2011,254,254,254
2,52,58,72,2012,252,252,252
2,52,59,72,2013,238,238,238
2,52,60,72,2014,251,251,251
2,52,61,72,2015,223,223,223
2,52,62,72,2016,223,223,223
2,52,63,72,2017,217,217,217
2,52,64,72,2018,151,151,151
2,52,65,72,2019,246,246,246
2,52,66,72,2020,107,107,107
2,52,67,72,2021,141,141,141
2,52,68,72,2022,107,107,107
2,53,0,73,1954,251,251,251
2,53,1,73,1955,163,163,163
2,53,2,73,1956,236,236,236
2,53,3,73,1957,255,255,255
2,53,4,73,1958,204,204,204
2,53,5,73,1959,215,215,215
2,53,6,73,1960,252,252,252
2,53,7,73,1961,160,160,160
2,53,8,73,1962,255,255,255
2,53,9,73,1963,228,228,228
2,53,10,73,1964,208,208,208
2,53,11,73,1965,217,217,217
2,53,12,73,1966,253,253,253
2,53,13,73,1967,235,235,235
2,53,14,73,1968,255,255,255
2,53,15,73,1969,255,255,255
2,53,16,73,1970,255,255,255
2,53,17,73,1971,255,255,255
2,53,18,73,1972,255,255,255
2,53,19,73,1973,255,255,255
2,53,20,73,1974,255,255,255
2,53,21,73,1975,255,255,255
2,53,22,73,1976,255,255,255
2,53,23,73,1977,255,255,255
2,53,24,73,1978,255,255,255
2,53,25,73,1979,255,255,255
2,53,26,73,1980,255,255,255
2,53,27,73,1981,251,251,251
2,53,28,73,1982,242,242,242
2,53,29,73,1983,213,213,213
2,53,30,73,1984,253,253,253
2,53,31,73,1985,196,196,196
2,53,32,73,1986,198,198,198
2,53,33,73,1987,251,251,251
2,53,34,73,1988,255,255,255
2,53,35,73,1989,255,255,255
2,53,36,73,1990,255,255,255
2,53,37,73,1991,234,234,234
2,53,38,73,1992,204,204,204
2,53,39,73,1993,225,225,225
2,53,40,73,1994,245,245,245
2,53,41,73,1995,148,148,148
2,53,42,73,1996,172,172,172
2,53,43,73,1997,116,116,116
2,53,44,73,1998,195,195,195
2,53,45,73,1999,202,202,202
2,53,46,73,2000,246,246,246
2,53,47,73,2001,254,254,254
2,53,48,73,2002,255,255,255
2,53,49,73,2003,241,241,241
2,53,50,73,2004,232,232,232
2,53,51,73,2005,227,227,227
2,53,52,73,2006,236,236,236
2,53,53,73,2007,219,219,219
2,53,54,73,2008,243,243,243
2,53,55,73,2009,255,255,255
2,53,56,73,2010,255,255,255
2,53,57,73,2011,254,254,254
2,53,58,73,2012,251,251,251
2,53,59,73,2013,229,229,229
2,53,60,73,2014,248,248,248
2,53,61,73,2015,218,218,218
2,53,62,73,2016,227,227,227
2,53,63,73,2017,210,210,210
2,53,64,73,2018,160,160,160
2,53,65,73,2019,246,246,246
2,53,66,73,2020,160,160,160
2,53,67,73,2021,172,172,172
2,53,68,73,2022,127,127,127
2,54,0,74,1954,247,247,247
2,54,1,74,1955,129,129,129
2,54,2,74,1956,236,236,236
2,54,3,74,1957,255,255,255
2,54,4,74,1958,181,181,181
2,54,5,74,1959,206,206,206
2,54,6,74,1960,252,252,252
2,54,7,74,1961,126,126,126
2,54,8,74,1962,255,255,255
2,54,9,74,1963,212,212,212
2,54,10,74,1964,171,171,171
2,54,11,74,1965,203,203,203
2,54,12,74,1966,253,253,253
2,54,13,74,1967,218,218,218
2,54,14,74,1968,255,255,255
2,54,15,74,1969,255,255,255
2,54,16,74,1970,255,255,255
2,54,17,74,1971,255,255,255
2,54,18,74,1972,255,255,255
2,54,19,74,1973,255,255,255
2,54,20,74,1974,255,255,255
2,54,21,74,1975,255,255,255
2,54,22,74,1976,255,255,255
2,54,23,74,1977,255,255,255
2,54,24,74,1978,255,255,255
2,54,25,74,1979,255,255,255
2,54,26,74,1980,255,255,255
2,54,27,74,1981,245,245,245
2,54,28,74,1982,235,235,235
2,54,29,74,1983,190,190,190
2,54,30,74,1984,252,252,252
2,54,31,74,1985,173,173,173
2,54,32,74,1986,168,168,168
2,54,33,74,1987,252,252,252
2,54,34,74,1988,255,255,255
2,54,35,74,1989,255,255,255
2,54,36,74,1990,255,255,255
2,54,37,74,1991,224,224,224
2,54,38,74,1992,180,180,180
2,54,39,74,1993,211,211,211
2,54,40,74,1994,242,242,242
2,54,41,74,1995,160,160,160
2,54,42,74,1996,151,151,151
2,54,43,74,1997,103,103,103
2,54,44,74,1998,180,180,180
2,54,45,74,1999,203,203,203
2,54,46,74,2000,247,247,247
2,54,47,74,2001,254,254,254
2,54,48,74,2002,255,255,255
2,54,49,74,2003,244,244,244
2,54,50,74,2004,219,219,219
2,54,51,74,2005,217,217,217
2,54,52,74,2006,226,226,226
2,54,53,74,2007,217,217,217
2,54,54,74,2008,240,240,240
2,54,55,74,2009,255,255,255
2,54,56,74,2010,255,255,255
2,54,57,74,2011,253,253,253
2,54,58,74,2012,248,248,248
2,54,59,74,2013,223,223,223
2,54,60,74,2014,248,248,248
2,54,61,74,2015,210,210,210
2,54,62,74,2016,218,218,218
2,54,63,74,2017,198,198,198
2,54,64,74,2018,123,123,123
2,54,65,74,2019,245,245,245
2,54,66,74,2020,117,117,117
2,54,67,74,2021,133,133,133
2,54,68,74,2022,67,67,67
2,55,0,75,1954,248,248,248
2,55,1,75,1955,128,128,128
2,55,2,75,1956,238,238,238
2,55,3,75,1957,255,255,255
2,55,4,75,1958,165,165,165
2,55,5,75,1959,188,188,188
2,55,6,75,1960,251,251,251
2,55,7,75,1961,123,123,123
2,55,8,75,1962,255,255,255
2,55,9,75,1963,202,202,202
2,55,10,75,1964,171,171,171
2,55,11,75,1965,202,202,202
2,55,12,75,1966,252,252,252
2,55,13,75,1967,218,218,218
2,55,14,75,1968,255,255,255
2,55,15,75,1969,255,255,255
2,55,16,75,1970,255,255,255
2,55,17,75,1971,255,255,255
2,55,18,75,1972,255,255,255
2,55,19,75,1973,255,255,255
2,55,20,75,1974,255,255,255
2,55,21,75,1975,255,255,255
2,55,22,75,1976,255,255,255
2,55,23,75,1977,255,255,255
2,55,24,75,1978,255,255,255
2,55,25,75,1979,255,255,255
2,55,26,75,1980,255,255,255
2,55,27,75,1981,242,242,242
2,55,28,75,1982,239,239,239
2,55,29,75,1983,203,203,203
2,55,30,75,1984,252,252,252
2,55,31,75,1985,191,191,191
2,55,32,75,1986,187,187,187
2,55,33,75,1987,252,252,252
2,55,34,75,1988,255,255,255
2,55,35,75,1989,255,255,255
2,55,36,75,1990,255,255,255
2,55,37,75,1991,229,229,229
2,55,38,75,1992,182,182,182
2,55,39,75,1993,208,208,208
2,55,40,75,1994,237,237,237
2,55,41,75,1995,161,161,161
2,55,42,75,1996,138,138,138
2,55,43,75,1997,154,154,154
2,55,44,75,1998,190,190,190
2,55,45,75,1999,204,204,204
2,55,46,75,2000,244,244,244
2,55,47,75,2001,255,255,255
2,55,48,75,2002,255,255,255
2,55,49,75,2003,245,245,245
2,55,50,75,2004,228,228,228
2,55,51,75,2005,229,229,229
2,55,52,75,2006,231,231,231
2,55,53,75,2007,233,233,233
2,55,54,75,2008,247,247,247
2,55,55,75,2009,255,255,255
2,55,56,75,2010,255,255,255
2,55,57,75,2011,254,254,254
2,55,58,75,2012,251,251,251
2,55,59,75,2013,237,237,237
2,55,60,75,2014,246,246,246
2,55,61,75,2015,220,220,220
2,55,62,75,2016,224,224,224
2,55,63,75,2017,215,215,215
2,55,64,75,2018,145,145,145
2,55,65,75,2019,246,246,246
2,55,66,75,2020,124,124,124
2,55,67,75,2021,133,133,133
2,55,68,75,2022,73,73,73
2,56,0,76,1954,250,250,250
2,56,1,76,1955,146,146,146
2,56,2,76,1956,239,239,239
2,56,3,76,1957,255,255,255
2,56,4,76,1958,180,180,180
2,56,5,76,1959,198,198,198
2,56,6,76,1960,249,249,249
2,56,7,76,1961,151,151,151
2,56,8,76,1962,255,255,255
2,56,9,76,1963,219,219,219
2,56,10,76,1964,199,199,199
2,56,11,76,1965,213,213,213
2,56,12,76,1966,253,253,253
2,56,13,76,1967,232,232,232
2,56,14,76,1968,255,255,255
2,56,15,76,1969,255,255,255
2,56,16,76,1970,255,255,255
2,56,17,76,1971,255,255,255
2,56,18,76,1972,255,255,255
2,56,19,76,1973,255,255,255
2,56,20,76,1974,255,255,255
2,56,21,76,1975,255,255,255
2,56,22,76,1976,255,255,255
2,56,23,76,1977,255,255,255
2,56,24,76,1978,255,255,255
2,56,25,76,1979,255,255,255
2,56,26,76,1980,255,255,255
2,56,27,76,1981,240,240,240
2,56,28,76,1982,241,241,241
2,56,29,76,1983,214,214,214
2,56,30,76,1984,252,252,252
2,56,31,76,1985,189,189,189
2,56,32,76,1986,181,181,181
2,56,33,76,1987,254,254,254
2,56,34,76,1988,255,255,255
2,56,35,76,1989,255,255,255
2,56,36,76,1990,255,255,255
2,56,37,76,1991,235,235,235
2,56,38,76,1992,194,194,194
2,56,39,76,1993,212,212,212
2,56,40,76,1994,244,244,244
2,56,41,76,1995,182,182,182
2,56,42,76,1996,157,157,157
2,56,43,76,1997,135,135,135
2,56,44,76,1998,197,197,197
2,56,45,76,1999,211,211,211
2,56,46,76,2000,245,245,245
2,56,47,76,2001,255,255,255
2,56,48,76,2002,255,255,255
2,56,49,76,2003,241,241,241
2,56,50,76,2004,226,226,226
2,56,51,76,2005,233,233,233
2,56,52,76,2006,238,238,238
2,56,53,76,2007,233,233,233
2,56,54,76,2008,246,246,246
2,56,55,76,2009,255,255,255
2,56,56,76,2010,255,255,255
2,56,57,76,2011,253,253,253
2,56,58,76,2012,250,250,250
2,56,59,76,2013,229,229,229
2,56,60,76,2014,249,249,249
2,56,61,76,2015,228,228,228
2,56,62,76,2016,229,229,229
2,56,63,76,2017,216,216,216
2,56,64,76,2018,144,144,144
2,56,65,76,2019,245,245,245
2,56,66,76,2020,149,149,149
2,56,67,76,2021,152,152,152
2,56,68,76,2022,99,99,99
2,57,0,77,1954,250,250,250
2,57,1,77,1955,173,173,173
2,57,2,77,1956,243,243,243
2,57,3,77,1957,255,255,255
2,57,4,77,1958,193,193,193
2,57,5,77,1959,210,210,210
2,57,6,77,1960,250,250,250
2,57,7,77,1961,170,170,170
2,57,8,77,1962,255,255,255
2,57,9,77,1963,230,230,230
2,57,10,77,1964,207,207,207
2,57,11,77,1965,221,221,221
2,57,12,77,1966,253,253,253
2,57,13,77,1967,235,235,235
2,57,14,77,1968,255,255,255
2,57,15,77,1969,255,255,255
2,57,16,77,1970,255,255,255
2,57,17,77,1971,255,255,255
2,57,18,77,1972,255,255,255
2,57,19,77,1973,255,255,255
2,57,20,77,1974,255,255,255
2,57,21,77,1975,255,255,255
2,57,22,77,1976,255,255,255
2,57,23,77,1977,255,255,255
2,57,24,77,1978,255,255,255
2,57,25,77,1979,255,255,255
2,57,26,77,1980,255,255,255
2,57,27,77,1981,237,237,237
2,57,28,77,1982,243,243,243
2,57,29,77,1983,223,223,223
2,57,30,77,1984,250,250,250
2,57,31,77,1985,202,202,202
2,57,32,77,1986,203,203,203
2,57,33,77,1987,252,252,252
2,57,34,77,1988,255,255,255
2,57,35,77,1989,255,255,255
2,57,36,77,1990,255,255,255
2,57,37,77,1991,236,236,236
2,57,38,77,1992,200,200,200
2,57,39,77,1993,211,211,211
2,57,40,77,1994,240,240,240
2,57,41,77,1995,143,143,143
2,57,42,77,1996,163,163,163
2,57,43,77,1997,87,87,87
2,57,44,77,1998,187,187,187
2,57,45,77,1999,191,191,191
2,57,46,77,2000,242,242,242
2,57,47,77,2001,253,253,253
2,57,48,77,2002,255,255,255
2,57,49,77,2003,238,238,238
2,57,50,77,2004,217,217,217
2,57,51,77,2005,222,222,222
2,57,52,77,2006,234,234,234
2,57,53,77,2007,227,227,227
2,57,54,77,2008,239,239,239
2,57,55,77,2009,255,255,255
2,57,56,77,2010,254,254,254
2,57,57,77,2011,255,255,255
2,57,58,77,2012,249,249,249
2,57,59,77,2013,220,220,220
2,57,60,77,2014,248,248,248
2,57,61,77,2015,218,218,218
2,57,62,77,2016,234,234,234
2,57,63,77,2017,194,194,194
2,57,64,77,2018,165,165,165
2,57,65,77,2019,245,245,245
2,57,66,77,2020,163,163,163
2,57,67,77,2021,176,176,176
2,57,68,77,2022,128,128,128
2,58,0,78,1954,249,249,249
2,58,1,78,1955,165,165,165
2,58,2,78,1956,239,239,239
2,58,3,78,1957,255,255,255
2,58,4,78,1958,174,174,174
2,58,5,78,1959,196,196,196
2,58,6,78,1960,253,253,253
2,58,7,78,1961,135,135,135
2,58,8,78,1962,255,255,255
2,58,9,78,1963,220,220,220
2,58,10,78,1964,195,195,195
2,58,11,78,1965,211,211,211
2,58,12,78,1966,253,253,253
2,58,13,78,1967,227,227,227
2,58,14,78,1968,255,255,255
2,58,15,78,1969,255,255,255
2,58,16,78,1970,255,255,255
2,58,17,78,1971,255,255,255
2,58,18,78,1972,255,255,255
2,58,19,78,1973,255,255,255
2,58,20,78,1974,255,255,255
2,58,21,78,1975,255,255,255
2,58,22,78,1976,255,255,255
2,58,23,78,1977,255,255,255
2,58,24,78,1978,255,255,255
2,58,25,78,1979,255,255,255
2,58,26,78,1980,255,255,255
2,58,27,78,1981,231,231,231
2,58,28,78,1982,241,241,241
2,58,29,78,1983,213,213,213
2,58,30,78,1984,250,250,250
2,58,31,78,1985,196,196,196
2,58,32,78,1986,199,199,199
2,58,33,78,1987,254,254,254
2,58,34,78,1988,255,255,255
2,58,35,78,1989,255,255,255
2,58,36,78,1990,255,255,255
2,58,37,78,1991,228,228,228
2,58,38,78,1992,176,176,176
2,58,39,78,1993,207,207,207
2,58,40,78,1994,239,239,239
2,58,41,78,1995,169,169,169
2,58,42,78,1996,153,153,153
2,58,43,78,1997,128,128,128
2,58,44,78,1998,191,191,191
2,58,45,78,1999,200,200,200
2,58,46,78,2000,246,246,246
2,58,47,78,2001,253,253,253
2,58,48,78,2002,255,255,255
2,58,49,78,2003,244,244,244
2,58,50,78,2004,230,230,230
2,58,51,78,2005,228,228,228
2,58,52,78,2006,230,230,230
2,58,53,78,2007,225,225,225
2,58,54,78,2008,243,243,243
2,58,55,78,2009,255,255,255
2,58,56,78,2010,255,255,255
2,58,57,78,2011,255,255,255
2,58,58,78,2012,250,250,250
2,58,59,78,2013,225,225,225
2,58,60,78,2014,252,252,252
2,58,61,78,2015,225,225,225
2,58,62,78,2016,231,231,231
2,58,63,78,2017,204,204,204
2,58,64,78,2018,138,138,138
2,58,65,78,2019,240,240,240
2,58,66,78,2020,117,117,117
2,58,67,78,2021,173,173,173
2,58,68,78,2022,117,117,117
2,59,0,79,1954,248,248,248
2,59,1,79,1955,149,149,149
2,59,2,79,1956,239,239,239
2,59,3,79,1957,255,255,255
2,59,4,79,1958,170,170,170
2,59,5,79,1959,207,207,207
2,59,6,79,1960,250,250,250
2,59,7,79,1961,143,143,143
2,59,8,79,1962,255,255,255
2,59,9,79,1963,209,209,209
2,59,10,79,1964,180,180,180
2,59,11,79,1965,194,194,194
2,59,12,79,1966,254,254,254
2,59,13,79,1967,230,230,230
2,59,14,79,1968,255,255,255
2,59,15,79,1969,255,255,255
2,59,16,79,1970,255,255,255
2,59,17,79,1971,255,255,255
2,59,18,79,1972,255,255,255
2,59,19,79,1973,255,255,255
2,59,20,79,1974,255,255,255
2,59,21,79,1975,255,255,255
2,59,22,79,1976,255,255,255
2,59,23,79,1977,255,255,255
2,59,24,79,1978,255,255,255
2,59,25,79,1979,255,255,255
2,59,26,79,1980,255,255,255
2,59,27,79,1981,226,226,226
2,59,28,79,1982,236,236,236
2,59,29,79,1983,202,202,202
2,59,30,79,1984,252,252,252
2,59,31,79,1985,195,195,195
2,59,32,79,1986,175,175,175
2,59,33,79,1987,252,252,252
2,59,34,79,1988,255,255,255
2,59,35,79,1989,254,254,254
2,59,36,79,1990,255,255,255
2,59,37,79,1991,235,235,235
2,59,38,79,1992,169,169,169
2,59,39,79,1993,206,206,206
2,59,40,79,1994,242,242,242
2,59,41,79,1995,175,175,175
2,59,42,79,1996,167,167,167
2,59,43,79,1997,158,158,158
2,59,44,79,1998,171,171,171
2,59,45,79,1999,205,205,205
2,59,46,79,2000,248,248,248
2,59,47,79,2001,253,253,253
2,59,48,79,2002,255,255,255
2,59,49,79,2003,247,247,247
2,59,50,79,2004,229,229,229
2,59,51,79,2005,231,231,231
2,59,52,79,2006,231,231,231
2,59,53,79,2007,230,230,230
2,59,54,79,2008,247,247,247
2,59,55,79,2009,255,255,255
2,59,56,79,2010,255,255,255
2,59,57,79,2011,255,255,255
2,59,58,79,2012,250,250,250
2,59,59,79,2013,231,231,231
2,59,60,79,2014,251,251,251
2,59,61,79,2015,228,228,228
2,59,62,79,2016,228,228,228
2,59,63,79,2017,208,208,208
2,59,64,79,2018,134,134,134
2,59,65,79,2019,237,237,237
2,59,66,79,2020,113,113,113
2,59,67,79,2021,148,148,148
2,59,68,79,2022,89,89,89
2,60,0,80,1954,250,250,250
2,60,1,80,1955,164,164,164
2,60,2,80,1956,242,242,242
2,60,3,80,1957,255,255,255
2,60,4,80,1958,200,200,200
2,60,5,80,1959,217,217,217
2,60,6,80,1960,247,247,247
2,60,7,80,1961,162,162,162
2,60,8,80,1962,255,255,255
2,60,9,80,1963,227,227,227
2,60,10,80,1964,196,196,196
2,60,11,80,1965,208,208,208
2,60,12,80,1966,252,252,252
2,60,13,80,1967,229,229,229
2,60,14,80,1968,255,255,255
2,60,15,80,1969,255,255,255
2,60,16,80,1970,255,255,255
2,60,17,80,1971,255,255,255
2,60,18,80,1972,255,255,255
2,60,19,80,1973,255,255,255
2,60,20,80,1974,255,255,255
2,60,21,80,1975,255,255,255
2,60,22,80,1976,255,255,255
2,60,23,80,1977,255,255,255
2,60,24,80,1978,255,255,255
2,60,25,80,1979,255,255,255
2,60,26,80,1980,255,255,255
2,60,27,80,1981,229,229,229
2,60,28,80,1982,242,242,242
2,60,29,80,1983,221,221,221
2,60,30,80,1984,251,251,251
2,60,31,80,1985,210,210,210
2,60,32,80,1986,197,197,197
2,60,33,80,1987,249,249,249
2,60,34,80,1988,255,255,255
2,60,35,80,1989,253,253,253
2,60,36,80,1990,254,254,254
2,60,37,80,1991,237,237,237
2,60,38,80,1992,186,186,186
2,60,39,80,1993,220,220,220
2,60,40,80,1994,241,241,241
2,60,41,80,1995,165,165,165
2,60,42,80,1996,178,178,178
2,60,43,80,1997,111,111,111
2,60,44,80,1998,193,193,193
2,60,45,80,1999,204,204,204
2,60,46,80,2000,245,245,245
2,60,47,80,2001,254,254,254
2,60,48,80,2002,255,255,255
2,60,49,80,2003,241,241,241
2,60,50,80,2004,221,221,221
2,60,51,80,2005,221,221,221
2,60,52,80,2006,235,235,235
2,60,53,80,2007,223,223,223
2,60,54,80,2008,244,244,244
2,60,55,80,2009,255,255,255
2,60,56,80,2010,255,255,255
2,60,57,80,2011,255,255,255
2,60,58,80,2012,250,250,250
2,60,59,80,2013,221,221,221
2,60,60,80,2014,251,251,251
2,60,61,80,2015,217,217,217
2,60,62,80,2016,228,228,228
2,60,63,80,2017,201,201,201
2,60,64,80,2018,158,158,158
2,60,65,80,2019,243,243,243
2,60,66,80,2020,163,163,163
2,60,67,80,2021,169,169,169
2,60,68,80,2022,117,117,117
2,61,0,81,1954,252,252,252
2,61,1,81,1955,163,163,163
2,61,2,81,1956,241,241,241
2,61,3,81,1957,255,255,255
2,61,4,81,1958,200,200,200
2,61,5,81,1959,214,214,214
2,61,6,81,1960,250,250,250
2,61,7,81,1961,163,163,163
2,61,8,81,1962,255,255,255
2,61,9,81,1963,223,223,223
2,61,10,81,1964,192,192,192
2,61,11,81,1965,206,206,206
2,61,12,81,1966,253,253,253
2,61,13,81,1967,229,229,229
2,61,14,81,1968,255,255,255
2,61,15,81,1969,255,255,255
2,61,16,81,1970,255,255,255
2,61,17,81,1971,255,255,255
2,61,18,81,1972,255,255,255
2,61,19,81,1973,255,255,255
2,61,20,81,1974,255,255,255
2,61,21,81,1975,255,255,255
2,61,22,81,1976,255,255,255
2,61,23,81,1977,255,255,255
2,61,24,81,1978,255,255,255
2,61,25,81,1979,255,255,255
2,61,26,81,1980,255,255,255
2,61,27,81,1981,222,222,222
2,61,28,81,1982,242,242,242
2,61,29,81,1983,221,221,221
2,61,30,81,1984,250,250,250
2,61,31,81,1985,197,197,197
2,61,32,81,1986,198,198,198
2,61,33,81,1987,252,252,252
2,61,34,81,1988,255,255,255
2,61,35,81,1989,254,254,254
2,61,36,81,1990,255,255,255
2,61,37,81,1991,237,237,237
2,61,38,81,1992,182,182,182
2,61,39,81,1993,224,224,224
2,61,40,81,1994,242,242,242
2,61,41,81,1995,160,160,160
2,61,42,81,1996,166,166,166
2,61,43,81,1997,98,98,98
2,61,44,81,1998,196,196,196
2,61,45,81,1999,196,196,196
2,61,46,81,2000,249,249,249
2,61,47,81,2001,255,255,255
2,61,48,81,2002,255,255,255
2,61,49,81,2003,241,241,241
2,61,50,81,2004,225,225,225
2,61,51,81,2005,224,224,224
2,61,52,81,2006,231,231,231
2,61,53,81,2007,225,225,225
2,61,54,81,2008,244,244,244
2,61,55,81,2009,255,255,255
2,61,56,81,2010,255,255,255
2,61,57,81,2011,253,253,253
2,61,58,81,2012,250,250,250
2,61,59,81,2013,218,218,218
2,61,60,81,2014,251,251,251
2,61,61,81,2015,219,219,219
2,61,62,81,2016,229,229,229
2,61,63,81,2017,201,201,201
2,61,64,81,2018,155,155,155
2,61,65,81,2019,240,240,240
2,61,66,81,2020,162,162,162
2,61,67,81,2021,167,167,167
2,61,68,81,2022,113,113,113
2,62,0,82,1954,250,250,250
2,62,1,82,1955,151,151,151
2,62,2,82,1956,234,234,234
2,62,3,82,1957,255,255,255
2,62,4,82,1958,169,169,169
2,62,5,82,1959,206,206,206
2,62,6,82,1960,243,243,243
2,62,7,82,1961,143,143,143
2,62,8,82,1962,255,255,255
2,62,9,82,1963,217,217,217
2,62,10,82,1964,189,189,189
2,62,11,82,1965,206,206,206
2,62,12,82,1966,253,253,253
2,62,13,82,1967,219,219,219
2,62,14,82,1968,255,255,255
2,62,15,82,1969,255,255,255
2,62,16,82,1970,255,255,255
2,62,17,82,1971,255,255,255
2,62,18,82,1972,255,255,255
2,62,19,82,1973,255,255,255
2,62,20,82,1974,255,255,255
2,62,21,82,1975,255,255,255
2,62,22,82,1976,255,255,255
2,62,23,82,1977,255,255,255
2,62,24,82,1978,255,255,255
2,62,25,82,1979,255,255,255
2,62,26,82,1980,255,255,255
2,62,27,82,1981,227,227,227
2,62,28,82,1982,239,239,239
2,62,29,82,1983,211,211,211
2,62,30,82,1984,251,251,251
2,62,31,82,1985,182,182,182
2,62,32,82,1986,179,179,179
2,62,33,82,1987,254,254,254
2,62,34,82,1988,255,255,255
2,62,35,82,1989,254,254,254
2,62,36,82,1990,255,255,255
2,62,37,82,1991,237,237,237
2,62,38,82,1992,169,169,169
2,62,39,82,1993,216,216,216
2,62,40,82,1994,248,248,248
2,62,41,82,1995,175,175,175
2,62,42,82,1996,150,150,150
2,62,43,82,1997,140,140,140
2,62,44,82,1998,190,190,190
2,62,45,82,1999,204,204,204
2,62,46,82,2000,245,245,245
2,62,47,82,2001,255,255,255
2,62,48,82,2002,255,255,255
2,62,49,82,2003,240,240,240
2,62,50,82,2004,231,231,231
2,62,51,82,2005,233,233,233
2,62,52,82,2006,232,232,232
2,62,53,82,2007,230,230,230
2,62,54,82,2008,247,247,247
2,62,55,82,2009,255,255,255
2,62,56,82,2010,255,255,255
2,62,57,82,2011,253,253,253
2,62,58,82,2012,248,248,248
2,62,59,82,2013,230,230,230
2,62,60,82,2014,251,251,251
2,62,61,82,2015,226,226,226
2,62,62,82,2016,228,228,228
2,62,63,82,2017,207,207,207
2,62,64,82,2018,131,131,131
2,62,65,82,2019,245,245,245
2,62,66,82,2020,132,132,132
2,62,67,82,2021,165,165,165
2,62,68,82,2022,100,100,100
2,63,0,83,1954,251,251,251
2,63,1,83,1955,146,146,146
2,63,2,83,1956,234,234,234
2,63,3,83,1957,255,255,255
2,63,4,83,1958,189,189,189
2,63,5,83,1959,203,203,203
2,63,6,83,1960,247,247,247
2,63,7,83,1961,155,155,155
2,63,8,83,1962,255,255,255
2,63,9,83,1963,207,207,207
2,63,10,83,1964,174,174,174
2,63,11,83,1965,204,204,204
2,63,12,83,1966,253,253,253
2,63,13,83,1967,224,224,224
2,63,14,83,1968,255,255,255
2,63,15,83,1969,255,255,255
2,63,16,83,1970,255,255,255
2,63,17,83,1971,255,255,255
2,63,18,83,1972,255,255,255
2,63,19,83,1973,255,255,255
2,63,20,83,1974,255,255,255
2,63,21,83,1975,255,255,255
2,63,22,83,1976,255,255,255
2,63,23,83,1977,255,255,255
2,63,24,83,1978,255,255,255
2,63,25,83,1979,255,255,255
2,63,26,83,1980,255,255,255
2,63,27,83,1981,220,220,220
2,63,28,83,1982,238,238,238
2,63,29,83,1983,194,194,194
2,63,30,83,1984,252,252,252
2,63,31,83,1985,176,176,176
2,63,32,83,1986,170,170,170
2,63,33,83,1987,253,253,253
2,63,34,83,1988,255,255,255
2,63,35,83,1989,255,255,255
2,63,36,83,1990,255,255,255
2,63,37,83,1991,232,232,232
2,63,38,83,1992,174,174,174
2,63,39,83,1993,217,217,217
2,63,40,83,1994,243,243,243
2,63,41,83,1995,154,154,154
2,63,42,83,1996,149,149,149
2,63,43,83,1997,135,135,135
2,63,44,83,1998,183,183,183
2,63,45,83,1999,204,204,204
2,63,46,83,2000,245,245,245
2,63,47,83,2001,255,255,255
2,63,48,83,2002,255,255,255
2,63,49,83,2003,245,245,245
2,63,50,83,2004,230,230,230
2,63,51,83,2005,230,230,230
2,63,52,83,2006,226,226,226
2,63,53,83,2007,229,229,229
2,63,54,83,2008,248,248,248
2,63,55,83,2009,255,255,255
2,63,56,83,2010,255,255,255
2,63,57,83,2011,252,252,252
2,63,58,83,2012,247,247,247
2,63,59,83,2013,226,226,226
2,63,60,83,2014,247,247,247
2,63,61,83,2015,228,228,228
2,63,62,83,2016,217,217,217
2,63,63,83,2017,215,215,215
2,63,64,83,2018,147,147,147
2,63,65,83,2019,244,244,244
2,63,66,83,2020,104,104,104
2,63,67,83,2021,138,138,138
2,63,68,83,2022,82,82,82
2,64,0,84,1954,254,254,254
2,64,1,84,1955,185,185,185
2,64,2,84,1956,243,243,243
2,64,3,84,1957,255,255,255
2,64,4,84,1958,200,200,200
2,64,5,84,1959,211,211,211
2,64,6,84,1960,252,252,252
2,64,7,84,1961,194,194,194
2,64,8,84,1962,255,255,255
2,64,9,84,1963,224,224,224
2,64,10,84,1964,204,204,204
2,64,11,84,1965,221,221,221
2,64,12,84,1966,252,252,252
2,64,13,84,1967,234,234,234
2,64,14,84,1968,255,255,255
2,64,15,84,1969,255,255,255
2,64,16,84,1970,255,255,255
2,64,17,84,1971,255,255,255
2,64,18,84,1972,255,255,255
2,64,19,84,1973,255,255,255
2,64,20,84,1974,255,255,255
2,64,21,84,1975,255,255,255
2,64,22,84,1976,255,255,255
2,64,23,84,1977,255,255,255
2,64,24,84,1978,255,255,255
2,64,25,84,1979,255,255,255
2,64,26,84,1980,255,255,255
2,64,27,84,1981,223,223,223
2,64,28,84,1982,242,242,242
2,64,29,84,1983,218,218,218
2,64,30,84,1984,252,252,252
2,64,31,84,1985,205,205,205
2,64,32,84,1986,198,198,198
2,64,33,84,1987,251,251,251
2,64,34,84,1988,255,255,255
2,64,35,84,1989,255,255,255
2,64,36,84,1990,255,255,255
2,64,37,84,1991,239,239,239
2,64,38,84,1992,196,196,196
2,64,39,84,1993,220,220,220
2,64,40,84,1994,245,245,245
2,64,41,84,1995,154,154,154
2,64,42,84,1996,171,171,171
2,64,43,84,1997,88,88,88
2,64,44,84,1998,188,188,188
2,64,45,84,1999,192,192,192
2,64,46,84,2000,245,245,245
2,64,47,84,2001,254,254,254
2,64,48,84,2002,255,255,255
2,64,49,84,2003,238,238,238
2,64,50,84,2004,223,223,223
2,64,51,84,2005,222,222,222
2,64,52,84,2006,239,239,239
2,64,53,84,2007,228,228,228
2,64,54,84,2008,242,242,242
2,64,55,84,2009,255,255,255
2,64,56,84,2010,255,255,255
2,64,57,84,2011,254,254,254
2,64,58,84,2012,250,250,250
2,64,59,84,2013,216,216,216
2,64,60,84,2014,251,251,251
2,64,61,84,2015,221,221,221
2,64,62,84,2016,230,230,230
2,64,63,84,2017,206,206,206
2,64,64,84,2018,174,174,174
2,64,65,84,2019,246,246,246
2,64,66,84,2020,154,154,154
2,64,67,84,2021,176,176,176
2,64,68,84,2022,148,148,148
2,65,0,85,1954,254,254,254
2,65,1,85,1955,190,190,190
2,65,2,85,1956,242,242,242
2,65,3,85,1957,255,255,255
2,65,4,85,1958,190,190,190
2,65,5,85,1959,199,199,199
2,65,6,85,1960,250,250,250
2,65,7,85,1961,178,178,178
2,65,8,85,1962,255,255,255
2,65,9,85,1963,225,225,225
2,65,10,85,1964,203,203,203
2,65,11,85,1965,213,213,213
2,65,12,85,1966,253,253,253
2,65,13,85,1967,235,235,235
2,65,14,85,1968,255,255,255
2,65,15,85,1969,255,255,255
2,65,16,85,1970,255,255,255
2,65,17,85,1971,255,255,255
2,65,18,85,1972,255,255,255
2,65,19,85,1973,255,255,255
2,65,20,85,1974,255,255,255
2,65,21,85,1975,255,255,255
2,65,22,85,1976,255,255,255
2,65,23,85,1977,255,255,255
2,65,24,85,1978,255,255,255
2,65,25,85,1979,255,255,255
2,65,26,85,1980,255,255,255
2,65,27,85,1981,223,223,223
2,65,28,85,1982,242,242,242
2,65,29,85,1983,218,218,218
2,65,30,85,1984,250,250,250
2,65,31,85,1985,187,187,187
2,65,32,85,1986,199,199,199
2,65,33,85,1987,251,251,251
2,65,34,85,1988,255,255,255
2,65,35,85,1989,255,255,255
2,65,36,85,1990,255,255,255
2,65,37,85,1991,243,243,243
2,65,38,85,1992,200,200,200
2,65,39,85,1993,217,217,217
2,65,40,85,1994,243,243,243
2,65,41,85,1995,167,167,167
2,65,42,85,1996,161,161,161
2,65,43,85,1997,123,123,123
2,65,44,85,1998,195,195,195
2,65,45,85,1999,209,209,209
2,65,46,85,2000,245,245,245
2,65,47,85,2001,254,254,254
2,65,48,85,2002,255,255,255
2,65,49,85,2003,239,239,239
2,65,50,85,2004,226,226,226
2,65,51,85,2005,227,227,227
2,65,52,85,2006,232,232,232
2,65,53,85,2007,229,229,229
2,65,54,85,2008,243,243,243
2,65,55,85,2009,255,255,255
2,65,56,85,2010,254,254,254
2,65,57,85,2011,253,253,253
2,65,58,85,2012,250,250,250
2,65,59,85,2013,225,225,225
2,65,60,85,2014,251,251,251
2,65,61,85,2015,227,227,227
2,65,62,85,2016,224,224,224
2,65,63,85,2017,216,216,216
2,65,64,85,2018,163,163,163
2,65,65,85,2019,239,239,239
2,65,66,85,2020,136,136,136
2,65,67,85,2021,177,177,177
2,65,68,85,2022,128,128,128
2,66,0,86,1954,254,254,254
2,66,1,86,1955,165,165,165
2,66,2,86,1956,237,237,237
2,66,3,86,1957,255,255,255
2,66,4,86,1958,193,193,193
2,66,5,86,1959,196,196,196
2,66,6,86,1960,249,249,249
2,66,7,86,1961,140,140,140
2,66,8,86,1962,255,255,255
2,66,9,86,1963,213,213,213
2,66,10,86,1964,183,183,183
2,66,11,86,1965,195,195,195
2,66,12,86,1966,253,253,253
2,66,13,86,1967,228,228,228
2,66,14,86,1968,255,255,255
2,66,15,86,1969,255,255,255
2,66,16,86,1970,255,255,255
2,66,17,86,1971,255,255,255
2,66,18,86,1972,255,255,255
2,66,19,86,1973,255,255,255
2,66,20,86,1974,255,255,255
2,66,21,86,1975,255,255,255
2,66,22,86,1976,255,255,255
2,66,23,86,1977,255,255,255
2,66,24,86,1978,255,255,255
2,66,25,86,1979,255,255,255
2,66,26,86,1980,255,255,255
2,66,27,86,1981,219,219,219
2,66,28,86,1982,235,235,235
2,66,29,86,1983,202,202,202
2,66,30,86,1984,250,250,250
2,66,31,86,1985,197,197,197
2,66,32,86,1986,196,196,196
2,66,33,86,1987,253,253,253
2,66,34,86,1988,255,255,255
2,66,35,86,1989,255,255,255
2,66,36,86,1990,255,255,255
2,66,37,86,1991,247,247,247
2,66,38,86,1992,176,176,176
2,66,39,86,1993,217,217,217
2,66,40,86,1994,244,244,244
2,66,41,86,1995,167,167,167
2,66,42,86,1996,153,153,153
2,66,43,86,1997,154,154,154
2,66,44,86,1998,170,170,170
2,66,45,86,1999,202,202,202
2,66,46,86,2000,250,250,250
2,66,47,86,2001,254,254,254
2,66,48,86,2002,255,255,255
2,66,49,86,2003,245,245,245
2,66,50,86,2004,226,226,226
2,66,51,86,2005,234,234,234
2,66,52,86,2006,232,232,232
2,66,53,86,2007,233,233,233
2,66,54,86,2008,247,247,247
2,66,55,86,2009,255,255,255
2,66,56,86,2010,255,255,255
2,66,57,86,2011,254,254,254
2,66,58,86,2012,250,250,250
2,66,59,86,2013,232,232,232
2,66,60,86,2014,250,250,250
2,66,61,86,2015,232,232,232
2,66,62,86,2016,222,222,222
2,66,63,86,2017,220,220,220
2,66,64,86,2018,131,131,131
2,66,65,86,2019,240,240,240
2,66,66,86,2020,112,112,112
2,66,67,86,2021,148,148,148
2,66,68,86,2022,82,82,82
2,67,0,87,1954,254,254,254
2,67,1,87,1955,162,162,162
2,67,2,87,1956,237,237,237
2,67,3,87,1957,255,255,255
2,67,4,87,1958,186,186,186
2,67,5,87,1959,203,203,203
2,67,6,87,1960,248,248,248
2,67,7,87,1961,134,134,134
2,67,8,87,1962,255,255,255
2,67,9,87,1963,204,204,204
2,67,10,87,1964,176,176,176
2,67,11,87,1965,190,190,190
2,67,12,87,1966,253,253,253
2,67,13,87,1967,221,221,221
2,67,14,87,1968,255,255,255
2,67,15,87,1969,255,255,255
2,67,16,87,1970,255,255,255
2,67,17,87,1971,255,255,255
2,67,18,87,1972,255,255,255
2,67,19,87,1973,255,255,255
2,67,20,87,1974,255,255,255
2,67,21,87,1975,255,255,255
2,67,22,87,1976,255,255,255
2,67,23,87,1977,255,255,255
2,67,24,87,1978,255,255,255
2,67,25,87,1979,255,255,255
2,67,26,87,1980,255,255,255
2,67,27,87,1981,209,209,209
2,67,28,87,1982,238,238,238
2,67,29,87,1983,210,210,210
2,67,30,87,1984,250,250,250
2,67,31,87,1985,174,174,174
2,67,32,87,1986,175,175,175
2,67,33,87,1987,254,254,254
2,67,34,87,1988,255,255,255
2,67,35,87,1989,255,255,255
2,67,36,87,1990,255,255,255
2,67,37,87,1991,248,248,248
2,67,38,87,1992,167,167,167
2,67,39,87,1993,208,208,208
2,67,40,87,1994,248,248,248
2,67,41,87,1995,156,156,156
2,67,42,87,1996,143,143,143
2,67,43,87,1997,108,108,108
2,67,44,87,1998,171,171,171
2,67,45,87,1999,198,198,198
2,67,46,87,2000,246,246,246
2,67,47,87,2001,255,255,255
2,67,48,87,2002,255,255,255
2,67,49,87,2003,244,244,244
2,67,50,87,2004,228,228,228
2,67,51,87,2005,227,227,227
2,67,52,87,2006,236,236,236
2,67,53,87,2007,229,229,229
2,67,54,87,2008,243,243,243
2,67,55,87,2009,255,255,255
2,67,56,87,2010,255,255,255
2,67,57,87,2011,255,255,255
2,67,58,87,2012,251,251,251
2,67,59,87,2013,218,218,218
2,67,60,87,2014,252,252,252
2,67,61,87,2015,233,233,233
2,67,62,87,2016,219,219,219
2,67,63,87,2017,212,212,212
2,67,64,87,2018,124,124,124
2,67,65,87,2019,246,246,246
2,67,66,87,2020,122,122,122
2,67,67,87,2021,140,140,140
2,67,68,87,2022,64,64,64
2,68,0,88,1954,252,252,252
2,68,1,88,1955,213,213,213
2,68,2,88,1956,247,247,247
2,68,3,88,1957,255,255,255
2,68,4,88,1958,201,201,201
2,68,5,88,1959,221,221,221
2,68,6,88,1960,251,251,251
2,68,7,88,1961,173,173,173
2,68,8,88,1962,255,255,255
2,68,9,88,1963,222,222,222
2,68,10,88,1964,205,205,205
2,68,11,88,1965,221,221,221
2,68,12,88,1966,253,253,253
2,68,13,88,1967,241,241,241
2,68,14,88,1968,255,255,255
2,68,15,88,1969,255,255,255
2,68,16,88,1970,255,255,255
2,68,17,88,1971,255,255,255
2,68,18,88,1972,255,255,255
2,68,19,88,1973,255,255,255
2,68,20,88,1974,255,255,255
2,68,21,88,1975,255,255,255
2,68,22,88,1976,255,255,255
2,68,23,88,1977,255,255,255
2,68,24,88,1978,255,255,255
2,68,25,88,1979,255,255,255
2,68,26,88,1980,255,255,255
2,68,27,88,1981,229,229,229
2,68,28,88,1982,245,245,245
2,68,29,88,1983,211,211,211
2,68,30,88,1984,251,251,251
2,68,31,88,1985,206,206,206
2,68,32,88,1986,202,202,202
2,68,33,88,1987,251,251,251
2,68,34,88,1988,255,255,255
2,68,35,88,1989,255,255,255
2,68,36,88,1990,255,255,255
2,68,37,88,1991,249,249,249
2,68,38,88,1992,209,209,209
2,68,39,88,1993,221,221,221
2,68,40,88,1994,247,247,247
2,68,41,88,1995,170,170,170
2,68,42,88,1996,192,192,192
2,68,43,88,1997,97,97,97
2,68,44,88,1998,192,192,192
2,68,45,88,1999,200,200,200
2,68,46,88,2000,245,245,245
2,68,47,88,2001,254,254,254
2,68,48,88,2002,255,255,255
2,68,49,88,2003,240,240,240
2,68,50,88,2004,219,219,219
2,68,51,88,2005,220,220,220
2,68,52,88,2006,238,238,238
2,68,53,88,2007,222,222,222
2,68,54,88,2008,246,246,246
2,68,55,88,2009,255,255,255
2,68,56,88,2010,255,255,255
2,68,57,88,2011,254,254,254
2,68,58,88,2012,249,249,249
2,68,59,88,2013,223,223,223
2,68,60,88,2014,254,254,254
2,68,61,88,2015,240,240,240
2,68,62,88,2016,237,237,237
2,68,63,88,2017,200,200,200
2,68,64,88,2018,168,168,168
2,68,65,88,2019,243,243,243
2,68,66,88,2020,157,157,157
2,68,67,88,2021,174,174,174
2,68,68,88,2022,136,136,136
2,69,0,89,1954,254,254,254
2,69,1,89,1955,214,214,214
2,69,2,89,1956,246,246,246
2,69,3,89,1957,255,255,255
2,69,4,89,1958,193,193,193
2,69,5,89,1959,214,214,214
2,69,6,89,1960,252,252,252
2,69,7,89,1961,176,176,176
2,69,8,89,1962,255,255,255
2,69,9,89,1963,218,218,218
2,69,10,89,1964,193,193,193
2,69,11,89,1965,214,214,214
2,69,12,89,1966,254,254,254
2,69,13,89,1967,235,235,235
2,69,14,89,1968,255,255,255
2,69,15,89,1969,255,255,255
2,69,16,89,1970,255,255,255
2,69,17,89,1971,255,255,255
2,69,18,89,1972,255,255,255
2,69,19,89,1973,255,255,255
2,69,20,89,1974,255,255,255
2,69,21,89,1975,255,255,255
2,69,22,89,1976,255,255,255
2,69,23,89,1977,255,255,255
2,69,24,89,1978,255,255,255
2,69,25,89,1979,255,255,255
2,69,26,89,1980,255,255,255
2,69,27,89,1981,230,230,230
2,69,28,89,1982,240,240,240
2,69,29,89,1983,203,203,203
2,69,30,89,1984,251,251,251
2,69,31,89,1985,187,187,187
2,69,32,89,1986,180,180,180
2,69,33,89,1987,250,250,250
2,69,34,89,1988,255,255,255
2,69,35,89,1989,255,255,255
2,69,36,89,1990,255,255,255
2,69,37,89,1991,249,249,249
2,69,38,89,1992,194,194,194
2,69,39,89,1993,222,222,222
2,69,40,89,1994,250,250,250
2,69,41,89,1995,187,187,187
2,69,42,89,1996,177,177,177
2,69,43,89,1997,131,131,131
2,69,44,89,1998,193,193,193
2,69,45,89,1999,204,204,204
2,69,46,89,2000,247,247,247
2,69,47,89,2001,254,254,254
2,69,48,89,2002,255,255,255
2,69,49,89,2003,242,242,242
2,69,50,89,2004,228,228,228
2,69,51,89,2005,225,225,225
2,69,52,89,2006,229,229,229
2,69,53,89,2007,228,228,228
2,69,54,89,2008,248,248,248
2,69,55,89,2009,255,255,255
2,69,56,89,2010,255,255,255
2,69,57,89,2011,255,255,255
2,69,58,89,2012,249,249,249
2,69,59,89,2013,227,227,227
2,69,60,89,2014,254,254,254
2,69,61,89,2015,244,244,244
2,69,62,89,2016,233,233,233
2,69,63,89,2017,211,211,211
2,69,64,89,2018,147,147,147
2,69,65,89,2019,247,247,247
2,69,66,89,2020,147,147,147
2,69,67,89,2021,169,169,169
2,69,68,89,2022,130,130,130
2,70,0,90,1954,254,254,254
2,70,1,90,1955,215,215,215
2,70,2,90,1956,240,240,240
2,70,3,90,1957,255,255,255
2,70,4,90,1958,203,203,203
2,70,5,90,1959,211,211,211
2,70,6,90,1960,248,248,248
2,70,7,90,1961,163,163,163
2,70,8,90,1962,255,255,255
2,70,9,90,1963,229,229,229
2,70,10,90,1964,198,198,198
2,70,11,90,1965,214,214,214
2,70,12,90,1966,253,253,253
2,70,13,90,1967,233,233,233
2,70,14,90,1968,255,255,255
2,70,15,90,1969,255,255,255
2,70,16,90,1970,255,255,255
2,70,17,90,1971,255,255,255
2,70,18,90,1972,255,255,255
2,70,19,90,1973,255,255,255
2,70,20,90,1974,255,255,255
2,70,21,90,1975,255,255,255
2,70,22,90,1976,255,255,255
2,70,23,90,1977,255,255,255
2,70,24,90,1978,255,255,255
2,70,25,90,1979,255,255,255
2,70,26,90,1980,255,255,255
2,70,27,90,1981,224,224,224
2,70,28,90,1982,235,235,235
2,70,29,90,1983,203,203,203
2,70,30,90,1984,253,253,253
2,70,31,90,1985,199,199,199
2,70,32,90,1986,194,194,194
2,70,33,90,1987,253,253,253
2,70,34,90,1988,255,255,255
2,70,35,90,1989,255,255,255
2,70,36,90,1990,255,255,255
2,70,37,90,1991,255,255,255
2,70,38,90,1992,198,198,198
2,70,39,90,1993,213,213,213
2,70,40,90,1994,243,243,243
2,70,41,90,1995,176,176,176
2,70,42,90,1996,156,156,156
2,70,43,90,1997,145,145,145
2,70,44,90,1998,190,190,190
2,70,45,90,1999,208,208,208
2,70,46,90,2000,248,248,248
2,70,47,90,2001,255,255,255
2,70,48,90,2002,255,255,255
2,70,49,90,2003,244,244,244
2,70,50,90,2004,225,225,225
2,70,51,90,2005,225,225,225
2,70,52,90,2006,227,227,227
2,70,53,90,2007,230,230,230
2,70,54,90,2008,246,246,246
2,70,55,90,2009,255,255,255
2,70,56,90,2010,255,255,255
2,70,57,90,2011,254,254,254
2,70,58,90,2012,250,250,250
2,70,59,90,2013,227,227,227
2,70,60,90,2014,251,251,251
2,70,61,90,2015,244,244,244
2,70,62,90,2016,233,233,233
2,70,63,90,2017,221,221,221
2,70,64,90,2018,154,154,154
2,70,65,90,2019,242,242,242
2,70,66,90,2020,115,115,115
2,70,67,90,2021,138,138,138
2,70,68,90,2022,77,77,77
2,71,0,91,1954,253,253,253
2,71,1,91,1955,227,227,227
2,71,2,91,1956,240,240,240
2,71,3,91,1957,255,255,255
2,71,4,91,1958,198,198,198
2,71,5,91,1959,215,215,215
2,71,6,91,1960,251,251,251
2,71,7,91,1961,153,153,153
2,71,8,91,1962,255,255,255
2,71,9,91,1963,229,229,229
2,71,10,91,1964,197,197,197
2,71,11,91,1965,214,214,214
2,71,12,91,1966,254,254,254
2,71,13,91,1967,241,241,241
2,71,14,91,1968,255,255,255
2,71,15,91,1969,255,255,255
2,71,16,91,1970,255,255,255
2,71,17,91,1971,255,255,255
2,71,18,91,1972,255,255,255
2,71,19,91,1973,255,255,255
2,71,20,91,1974,255,255,255
2,71,21,91,1975,255,255,255
2,71,22,91,1976,255,255,255
2,71,23,91,1977,255,255,255
2,71,24,91,1978,255,255,255
2,71,25,91,1979,255,255,255
2,71,26,91,1980,255,255,255
2,71,27,91,1981,231,231,231
2,71,28,91,1982,243,243,243
2,71,29,91,1983,204,204,204
2,71,30,91,1984,253,253,253
2,71,31,91,1985,181,181,181
2,71,32,91,1986,174,174,174
2,71,33,91,1987,251,251,251
2,71,34,91,1988,255,255,255
2,71,35,91,1989,255,255,255
2,71,36,91,1990,255,255,255
2,71,37,91,1991,255,255,255
2,71,38,91,1992,204,204,204
2,71,39,91,1993,210,210,210
2,71,40,91,1994,242,242,242
2,71,41,91,1995,151,151,151
2,71,42,91,1996,168,168,168
2,71,43,91,1997,89,89,89
2,71,44,91,1998,190,190,190
2,71,45,91,1999,203,203,203
2,71,46,91,2000,245,245,245
2,71,47,91,2001,255,255,255
2,71,48,91,2002,255,255,255
2,71,49,91,2003,236,236,236
2,71,50,91,2004,223,223,223
2,71,51,91,2005,224,224,224
2,71,52,91,2006,229,229,229
2,71,53,91,2007,218,218,218
2,71,54,91,2008,244,244,244
2,71,55,91,2009,255,255,255
2,71,56,91,2010,255,255,255
2,71,57,91,2011,255,255,255
2,71,58,91,2012,249,249,249
2,71,59,91,2013,224,224,224
2,71,60,91,2014,254,254,254
2,71,61,91,2015,245,245,245
2,71,62,91,2016,234,234,234
2,71,63,91,2017,211,211,211
2,71,64,91,2018,154,154,154
2,71,65,91,2019,240,240,240
2,71,66,91,2020,141,141,141
2,71,67,91,2021,162,162,162
2,71,68,91,2022,112,112,112
2,72,0,92,1954,254,254,254
2,72,1,92,1955,234,234,234
2,72,2,92,1956,236,236,236
2,72,3,92,1957,255,255,255
2,72,4,92,1958,211,211,211
2,72,5,92,1959,218,218,218
2,72,6,92,1960,248,248,248
2,72,7,92,1961,162,162,162
2,72,8,92,1962,255,255,255
2,72,9,92,1963,228,228,228
2,72,10,92,1964,207,207,207
2,72,11,92,1965,220,220,220
2,72,12,92,1966,254,254,254
2,72,13,92,1967,236,236,236
2,72,14,92,1968,255,255,255
2,72,15,92,1969,255,255,255
2,72,16,92,1970,255,255,255
2,72,17,92,1971,255,255,255
2,72,18,92,1972,255,255,255
2,72,19,92,1973,255,255,255
2,72,20,92,1974,255,255,255
2,72,21,92,1975,255,255,255
2,72,22,92,1976,255,255,255
2,72,23,92,1977,255,255,255
2,72,24,92,1978,255,255,255
2,72,25,92,1979,255,255,255
2,72,26,92,1980,255,255,255
2,72,27,92,1981,233,233,233
2,72,28,92,1982,238,238,238
2,72,29,92,1983,203,203,203
2,72,30,92,1984,253,253,253
2,72,31,92,1985,189,189,189
2,72,32,92,1986,178,178,178
2,72,33,92,1987,251,251,251
2,72,34,92,1988,255,255,255
2,72,35,92,1989,255,255,255
2,72,36,92,1990,255,255,255
2,72,37,92,1991,255,255,255
2,72,38,92,1992,227,227,227
2,72,39,92,1993,223,223,223
2,72,40,92,1994,247,247,247
2,72,41,92,1995,132,132,132
2,72,42,92,1996,172,172,172
2,72,43,92,1997,48,48,48
2,72,44,92,1998,180,180,180
2,72,45,92,1999,196,196,196
2,72,46,92,2000,251,251,251
2,72,47,92,2001,254,254,254
2,72,48,92,2002,255,255,255
2,72,49,92,2003,235,235,235
2,72,50,92,2004,210,210,210
2,72,51,92,2005,207,207,207
2,72,52,92,2006,226,226,226
2,72,53,92,2007,211,211,211
2,72,54,92,2008,241,241,241
2,72,55,92,2009,255,255,255
2,72,56,92,2010,255,255,255
2,72,57,92,2011,255,255,255
2,72,58,92,2012,249,249,249
2,72,59,92,2013,219,219,219
2,72,60,92,2014,254,254,254
2,72,61,92,2015,249,249,249
2,72,62,92,2016,239,239,239
2,72,63,92,2017,190,190,190
2,72,64,92,2018,141,141,141
2,72,65,92,2019,238,238,238
2,72,66,92,2020,128,128,128
2,72,67,92,2021,149,149,149
2,72,68,92,2022,88,88,88
2,73,0,93,1954,253,253,253
2,73,1,93,1955,250,250,250
2,73,2,93,1956,250,250,250
2,73,3,93,1957,255,255,255
2,73,4,93,1958,215,215,215
2,73,5,93,1959,221,221,221
2,73,6,93,1960,250,250,250
2,73,7,93,1961,178,178,178
2,73,8,93,1962,255,255,255
2,73,9,93,1963,236,236,236
2,73,10,93,1964,201,201,201
2,73,11,93,1965,221,221,221
2,73,12,93,1966,254,254,254
2,73,13,93,1967,247,247,247
2,73,14,93,1968,255,255,255
2,73,15,93,1969,255,255,255
2,73,16,93,1970,255,255,255
2,73,17,93,1971,255,255,255
2,73,18,93,1972,255,255,255
2,73,19,93,1973,255,255,255
2,73,20,93,1974,255,255,255
2,73,21,93,1975,255,255,255
2,73,22,93,1976,255,255,255
2,73,23,93,1977,255,255,255
2,73,24,93,1978,255,255,255
2,73,25,93,1979,255,255,255
2,73,26,93,1980,255,255,255
2,73,27,93,1981,245,245,245
2,73,28,93,1982,252,252,252
2,73,29,93,1983,229,229,229
2,73,30,93,1984,252,252,252
2,73,31,93,1985,205,205,205
2,73,32,93,1986,193,193,193
2,73,33,93,1987,250,250,250
2,73,34,93,1988,255,255,255
2,73,35,93,1989,255,255,255
2,73,36,93,1990,255,255,255
2,73,37,93,1991,255,255,255
2,73,38,93,1992,247,247,247
2,73,39,93,1993,224,224,224
2,73,40,93,1994,250,250,250
2,73,41,93,1995,200,200,200
2,73,42,93,1996,191,191,191
2,73,43,93,1997,158,158,158
2,73,44,93,1998,196,196,196
2,73,45,93,1999,216,216,216
2,73,46,93,2000,247,247,247
2,73,47,93,2001,255,255,255
2,73,48,93,2002,255,255,255
2,73,49,93,2003,244,244,244
2,73,50,93,2004,228,228,228
2,73,51,93,2005,237,237,237
2,73,52,93,2006,239,239,239
2,73,53,93,2007,235,235,235
2,73,54,93,2008,251,251,251
2,73,55,93,2009,255,255,255
2,73,56,93,2010,255,255,255
2,73,57,93,2011,255,255,255
2,73,58,93,2012,251,251,251
2,73,59,93,2013,239,239,239
2,73,60,93,2014,255,255,255
2,73,61,93,2015,253,253,253
2,73,62,93,2016,245,245,245
2,73,63,93,2017,228,228,228
2,73,64,93,2018,173,173,173
2,73,65,93,2019,247,247,247
2,73,66,93,2020,136,136,136
2,73,67,93,2021,156,156,156
2,73,68,93,2022,111,111,111
2,74,0,94,1954,254,254,254
2,74,1,94,1955,255,255,255
2,74,2,94,1956,249,249,249
2,74,3,94,1957,255,255,255
2,74,4,94,1958,218,218,218
2,74,5,94,1959,221,221,221
2,74,6,94,1960,251,251,251
2,74,7,94,1961,175,175,175
2,74,8,94,1962,255,255,255
2,74,9,94,1963,234,234,234
2,74,10,94,1964,206,206,206
2,74,11,94,1965,226,226,226
2,74,12,94,1966,253,253,253
2,74,13,94,1967,244,244,244
2,74,14,94,1968,255,255,255
2,74,15,94,1969,255,255,255
2,74,16,94,1970,255,255,255
2,74,17,94,1971,255,255,255
2,74,18,94,1972,255,255,255
2,74,19,94,1973,255,255,255
2,74,20,94,1974,255,255,255
2,74,21,94,1975,255,255,255
2,74,22,94,1976,255,255,255
2,74,23,94,1977,255,255,255
2,74,24,94,1978,255,255,255
2,74,25,94,1979,255,255,255
2,74,26,94,1980,255,255,255
2,74,27,94,1981,245,245,245
2,74,28,94,1982,242,242,242
2,74,29,94,1983,224,224,224
2,74,30,94,1984,253,253,253
2,74,31,94,1985,216,216,216
2,74,32,94,1986,204,204,204
2,74,33,94,1987,251,251,251
2,74,34,94,1988,255,255,255
2,74,35,94,1989,255,255,255
2,74,36,94,1990,255,255,255
2,74,37,94,1991,255,255,255
2,74,38,94,1992,247,247,247
2,74,39,94,1993,235,235,235
2,74,40,94,1994,246,246,246
2,74,41,94,1995,194,194,194
2,74,42,94,1996,189,189,189
2,74,43,94,1997,112,112,112
2,74,44,94,1998,193,193,193
2,74,45,94,1999,216,216,216
2,74,46,94,2000,245,245,245
2,74,47,94,2001,254,254,254
2,74,48,94,2002,255,255,255
2,74,49,94,2003,239,239,239
2,74,50,94,2004,226,226,226
2,74,51,94,2005,227,227,227
2,74,52,94,2006,236,236,236
2,74,53,94,2007,222,222,222
2,74,54,94,2008,248,248,248
2,74,55,94,2009,255,255,255
2,74,56,94,2010,255,255,255
2,74,57,94,2011,255,255,255
2,74,58,94,2012,251,251,251
2,74,59,94,2013,233,233,233
2,74,60,94,2014,255,255,255
2,74,61,94,2015,254,254,254
2,74,62,94,2016,248,248,248
2,74,63,94,2017,223,223,223
2,74,64,94,2018,172,172,172
2,74,65,94,2019,247,247,247
2,74,66,94,2020,161,161,161
2,74,67,94,2021,177,177,177
2,74,68,94,2022,127,127,127
2,75,0,95,1954,254,254,254
2,75,1,95,1955,255,255,255
2,75,2,95,1956,255,255,255
2,75,3,95,1957,255,255,255
2,75,4,95,1958,234,234,234
2,75,5,95,1959,224,224,224
2,75,6,95,1960,254,254,254
2,75,7,95,1961,194,194,194
2,75,8,95,1962,255,255,255
2,75,9,95,1963,251,251,251
2,75,10,95,1964,223,223,223
2,75,11,95,1965,232,232,232
2,75,12,95,1966,254,254,254
2,75,13,95,1967,252,252,252
2,75,14,95,1968,255,255,255
2,75,15,95,1969,255,255,255
2,75,16,95,1970,255,255,255
2,75,17,95,1971,255,255,255
2,75,18,95,1972,255,255,255
2,75,19,95,1973,255,255,255
2,75,20,95,1974,255,255,255
2,75,21,95,1975,255,255,255
2,75,22,95,1976,255,255,255
2,75,23,95,1977,255,255,255
2,75,24,95,1978,255,255,255
2,75,25,95,1979,255,255,255
2,75,26,95,1980,255,255,255
2,75,27,95,1981,255,255,255
2,75,28,95,1982,255,255,255
2,75,29,95,1983,236,236,236
2,75,30,95,1984,253,253,253
2,75,31,95,1985,217,217,217
2,75,32,95,1986,201,201,201
2,75,33,95,1987,253,253,253
2,75,34,95,1988,255,255,255
2,75,35,95,1989,255,255,255
2,75,36,95,1990,255,255,255
2,75,37,95,1991,255,255,255
2,75,38,95,1992,255,255,255
2,75,39,95,1993,246,246,246
2,75,40,95,1994,251,251,251
2,75,41,95,1995,190,190,190
2,75,42,95,1996,202,202,202
2,75,43,95,1997,78,78,78
2,75,44,95,1998,199,199,199
2,75,45,95,1999,208,208,208
2,75,46,95,2000,248,248,248
2,75,47,95,2001,254,254,254
2,75,48,95,2002,255,255,255
2,75,49,95,2003,234,234,234
2,75,50,95,2004,228,228,228
2,75,51,95,2005,228,228,228
2,75,52,95,2006,231,231,231
2,75,53,95,2007,221,221,221
2,75,54,95,2008,244,244,244
2,75,55,95,2009,255,255,255
2,75,56,95,2010,255,255,255
2,75,57,95,2011,255,255,255
2,75,58,95,2012,251,251,251
2,75,59,95,2013,226,226,226
2,75,60,95,2014,255,255,255
2,75,61,95,2015,255,255,255
2,75,62,95,2016,253,253,253
2,75,63,95,2017,232,232,232
2,75,64,95,2018,169,169,169
2,75,65,95,2019,247,247,247
2,75,66,95,2020,176,176,176
2,75,67,95,2021,176,176,176
2,75,68,95,2022,136,136,136
2,76,0,96,1954,254,254,254
2,76,1,96,1955,255,255,255
2,76,2,96,1956,255,255,255
2,76,3,96,1957,255,255,255
2,76,4,96,1958,252,252,252
2,76,5,96,1959,248,248,248
2,76,6,96,1960,254,254,254
2,76,7,96,1961,235,235,235
2,76,8,96,1962,255,255,255
2,76,9,96,1963,255,255,255
2,76,10,96,1964,246,246,246
2,76,11,96,1965,249,249,249
2,76,12,96,1966,253,253,253
2,76,13,96,1967,255,255,255
2,76,14,96,1968,255,255,255
2,76,15,96,1969,255,255,255
2,76,16,96,1970,255,255,255
2,76,17,96,1971,255,255,255
2,76,18,96,1972,255,255,255
2,76,19,96,1973,255,255,255
2,76,20,96,1974,255,255,255
2,76,21,96,1975,255,255,255
2,76,22,96,1976,255,255,255
2,76,23,96,1977,255,255,255
2,76,24,96,1978,255,255,255
2,76,25,96,1979,255,255,255
2,76,26,96,1980,255,255,255
2,76,27,96,1981,255,255,255
2,76,28,96,1982,255,255,255
2,76,29,96,1983,243,243,243
2,76,30,96,1984,254,254,254
2,76,31,96,1985,236,236,236
2,76,32,96,1986,215,215,215
2,76,33,96,1987,254,254,254
2,76,34,96,1988,255,255,255
2,76,35,96,1989,255,255,255
2,76,36,96,1990,255,255,255
2,76,37,96,1991,255,255,255
2,76,38,96,1992,255,255,255
2,76,39,96,1993,255,255,255
2,76,40,96,1994,255,255,255
2,76,41,96,1995,205,205,205
2,76,42,96,1996,200,200,200
2,76,43,96,1997,35,35,35
2,76,44,96,1998,197,197,197
2,76,45,96,1999,206,206,206
2,76,46,96,2000,246,246,246
2,76,47,96,2001,255,255,255
2,76,48,96,2002,255,255,255
2,76,49,96,2003,237,237,237
2,76,50,96,2004,230,230,230
2,76,51,96,2005,226,226,226
2,76,52,96,2006,236,236,236
2,76,53,96,2007,233,233,233
2,76,54,96,2008,249,249,249
2,76,55,96,2009,255,255,255
2,76,56,96,2010,255,255,255
2,76,57,96,2011,255,255,255
2,76,58,96,2012,252,252,252
2,76,59,96,2013,233,233,233
2,76,60,96,2014,255,255,255
2,76,61,96,2015,255,255,255
2,76,62,96,2016,255,255,255
2,76,63,96,2017,249,249,249
2,76,64,96,2018,195,195,195
2,76,65,96,2019,251,251,251
2,76,66,96,2020,207,207,207
2,76,67,96,2021,187,187,187
2,76,68,96,2022,151,151,151
2,77,0,97,1954,254,254,254
2,77,1,97,1955,255,255,255
2,77,2,97,1956,255,255,255
2,77,3,97,1957,255,255,255
2,77,4,97,1958,255,255,255
2,77,5,97,1959,255,255,255
2,77,6,97,1960,255,255,255
2,77,7,97,1961,255,255,255
2,77,8,97,1962,255,255,255
2,77,9,97,1963,255,255,255
2,77,10,97,1964,255,255,255
2,77,11,97,1965,255,255,255
2,77,12,97,1966,255,255,255
2,77,13,97,1967,255,255,255
2,77,14,97,1968,255,255,255
2,77,15,97,1969,255,255,255
2,77,16,97,1970,255,255,255
2,77,17,97,1971,255,255,255
2,77,18,97,1972,255,255,255
2,77,19,97,1973,255,255,255
2,77,20,97,1974,255,255,255
2,77,21,97,1975,255,255,255
2,77,22,97,1976,255,255,255
2,77,23,97,1977,255,255,255
2,77,24,97,1978,255,255,255
2,77,25,97,1979,255,255,255
2,77,26,97,1980,255,255,255
2,77,27,97,1981,255,255,255
2,77,28,97,1982,255,255,255
2,77,29,97,1983,255,255,255
2,77,30,97,1984,255,255,255
2,77,31,97,1985,255,255,255
2,77,32,97,1986,239,239,239
2,77,33,97,1987,252,252,252
2,77,34,97,1988,255,255,255
2,77,35,97,1989,255,255,255
2,77,36,97,1990,255,255,255
2,77,37,97,1991,255,255,255
2,77,38,97,1992,255,255,255
2,77,39,97,1993,255,255,255
2,77,40,97,1994,255,255,255
2,77,41,97,1995,250,250,250
2,77,42,97,1996,243,243,243
2,77,43,97,1997,15,15,15
2,77,44,97,1998,207,207,207
2,77,45,97,1999,220,220,220
2,77,46,97,2000,251,251,251
2,77,47,97,2001,255,255,255
2,77,48,97,2002,255,255,255
2,77,49,97,2003,236,236,236
2,77,50,97,2004,234,234,234
2,77,51,97,2005,234,234,234
2,77,52,97,2006,245,245,245
2,77,53,97,2007,235,235,235
2,77,54,97,2008,249,249,249
2,77,55,97,2009,255,255,255
2,77,56,97,2010,255,255,255
2,77,57,97,2011,255,255,255
2,77,58,97,2012,254,254,254
2,77,59,97,2013,247,247,247
2,77,60,97,2014,255,255,255
2,77,61,97,2015,255,255,255
2,77,62,97,2016,255,255,255
2,77,63,97,2017,254,254,254
2,77,64,97,2018,249,249,249
2,77,65,97,2019,254,254,254
2,77,66,97,2020,251,251,251
2,77,67,97,2021,236,236,236
2,77,68,97,2022,195,195,195
2,78,0,98,1954,254,254,254
2,78,1,98,1955,255,255,255
2,78,2,98,1956,255,255,255
2,78,3,98,1957,255,255,255
2,78,4,98,1958,255,255,255
2,78,5,98,1959,255,255,255
2,78,6,98,1960,255,255,255
2,78,7,98,1961,255,255,255
2,78,8,98,1962,255,255,255
2,78,9,98,1963,255,255,255
2,78,10,98,1964,255,255,255
2,78,11,98,1965,255,255,255
2,78,12,98,1966,255,255,255
2,78,13,98,1967,255,255,255
2,78,14,98,1968,255,255,255
2,78,15,98,1969,255,255,255
2,78,16,98,1970,255,255,255
2,78,17,98,1971,255,255,255
2,78,18,98,1972,255,255,255
2,78,19,98,1973,255,255,255
2,78,20,98,1974,255,255,255
2,78,21,98,1975,255,255,255
2,78,22,98,1976,255,255,255
2,78,23,98,1977,255,255,255
2,78,24,98,1978,255,255,255
2,78,25,98,1979,255,255,255
2,78,26,98,1980,255,255,255
2,78,27,98,1981,255,255,255
2,78,28,98,1982,255,255,255
2,78,29,98,1983,255,255,255
2,78,30,98,1984,255,255,255
2,78,31,98,1985,255,255,255
2,78,32,98,1986,255,255,255
2,78,33,98,1987,255,255,255
2,78,34,98,1988,255,255,255
2,78,35,98,1989,255,255,255
2,78,36,98,1990,255,255,255
2,78,37,98,1991,255,255,255
2,78,38,98,1992,255,255,255
2,78,39,98,1993,255,255,255
2,78,40,98,1994,255,255,255
2,78,41,98,1995,255,255,255
2,78,42,98,1996,255,255,255
2,78,43,98,1997,137,137,137
2,78,44,98,1998,247,247,247
2,78,45,98,1999,251,251,251
2,78,46,98,2000,255,255,255
2,78,47,98,2001,255,255,255
2,78,48,98,2002,255,255,255
2,78,49,98,2003,255,255,255
2,78,50,98,2004,250,250,250
2,78,51,98,2005,251,251,251
2,78,52,98,2006,253,253,253
2,78,53,98,2007,252,252,252
2,78,54,98,2008,255,255,255
2,78,55,98,2009,255,255,255
2,78,56,98,2010,255,255,255
2,78,57,98,2011,255,255,255
2,78,58,98,2012,255,255,255
2,78,59,98,2013,255,255,255
2,78,60,98,2014,255,255,255
2,78,61,98,2015,255,255,255
2,78,62,98,2016,255,255,255
2,78,63,98,2017,255,255,255
2,78,64,98,2018,255,255,255
2,78,65,98,2019,255,255,255
2,78,66,98,2020,254,254,254
2,78,67,98,2021,254,254,254
2,78,68,98,2022,237,237,237
2,79,0,99,1954,252,252,252
2,79,1,99,1955,252,252,252
2,79,2,99,1956,252,252,252
2,79,3,99,1957,252,252,252
2,79,4,99,1958,252,252,252
2,79,5,99,1959,251,251,251
2,79,6,99,1960,251,251,251
2,79,7,99,1961,251,251,251
2,79,8,99,1962,251,251,251
2,79,9,99,1963,252,252,252
2,79,10,99,1964,252,252,252
2,79,11,99,1965,252,252,252
2,79,12,99,1966,251,251,251
2,79,13,99,1967,252,252,252
2,79,14,99,1968,252,252,252
2,79,15,99,1969,252,252,252
2,79,16,99,1970,252,252,252
2,79,17,99,1971,251,251,251
2,79,18,99,1972,252,252,252
2,79,19,99,1973,252,252,252
2,79,20,99,1974,252,252,252
2,79,21,99,1975,251,251,251
2,79,22,99,1976,252,252,252
2,79,23,99,1977,252,252,252
2,79,24,99,1978,251,251,251
2,79,25,99,1979,252,252,252
2,79,26,99,1980,251,251,251
2,79,27,99,1981,251,251,251
2,79,28,99,1982,251,251,251
2,79,29,99,1983,252,252,252
2,79,30,99,1984,251,251,251
2,79,31,99,1985,251,251,251
2,79,32,99,1986,251,251,251
2,79,33,99,1987,251,251,251
2,79,34,99,1988,252,252,252
2,79,35,99,1989,251,251,251
2,79,36,99,1990,251,251,251
2,79,37,99,1991,251,251,251
2,79,38,99,1992,252,252,252
2,79,39,99,1993,252,252,252
2,79,40,99,1994,251,251,251
2,79,41,99,1995,251,251,251
2,79,42,99,1996,252,252,252
2,79,43,99,1997,178,178,178
2,79,44,99,1998,250,250,250
2,79,45,99,1999,247,247,247
2,79,46,99,2000,251,251,251
2,79,47,99,2001,251,251,251
2,79,48,99,2002,250,250,250
2,79,49,99,2003,252,252,252
2,79,50,99,2004,251,251,251
2,79,51,99,2005,252,252,252
2,79,52,99,2006,251,251,251
2,79,53,99,2007,252,252,252
2,79,54,99,2008,252,252,252
2,79,55,99,2009,252,252,252
2,79,56,99,2010,251,251,251
2,79,57,99,2011,251,251,251
2,79,58,99,2012,252,252,252
2,79,59,99,2013,252,252,252
2,79,60,99,2014,251,251,251
2,79,61,99,2015,252,252,252
2,79,62,99,2016,252,252,252
2,79,63,99,2017,252,252,252
2,79,64,99,2018,251,251,251
2,79,65,99,2019,251,251,251
2,79,66,99,2020,244,244,244
2,79,67,99,2021,252,252,252
2,79,68,99,2022,251,251,251
3,0,0,20,1954,254,254,254
3,0,1,20,1955,255,255,255
3,0,2,20,1956,244,244,244
3,0,3,20,1957,241,241,241
3,0,4,20,1958,254,254,254
3,0,5,20,1959,245,245,245
3,0,6,20,1960,243,243,243
3,0,7,20,1961,244,244,244
3,0,8,20,1962,243,243,243
3,0,9,20,1963,254,254,254
3,0,10,20,1964,255,255,255
3,0,11,20,1965,255,255,255
3,0,12,20,1966,242,242,242
3,0,13,20,1967,252,252,252
3,0,14,20,1968,243,243,243
3,0,15,20,1969,249,249,249
3,0,16,20,1970,245,245,245
3,0,17,20,1971,254,254,254
3,0,18,20,1972,244,244,244
3,0,19,20,1973,247,247,247
3,0,20,20,1974,249,249,249
3,0,21,20,1975,255,255,255
3,0,22,20,1976,249,249,249
3,0,23,20,1977,242,242,242
3,0,24,20,1978,254,254,254
3,0,25,20,1979,254,254,254
3,0,26,20,1980,250,250,250
3,0,27,20,1981,246,246,246
3,0,28,20,1982,254,254,254
3,0,29,20,1983,254,254,254
3,0,30,20,1984,254,254,254
3,0,31,20,1985,254,254,254
3,0,32,20,1986,253,253,253
3,0,33,20,1987,251,251,251
3,0,34,20,1988,254,254,254
3,0,35,20,1989,252,252,252
3,0,36,20,1990,248,248,248
3,0,37,20,1991,255,255,255
3,0,38,20,1992,255,255,255
3,0,39,20,1993,253,253,253
3,0,40,20,1994,249,249,249
3,0,41,20,1995,254,254,254
3,0,42,20,1996,253,253,253
3,0,43,20,1997,254,254,254
3,0,44,20,1998,254,254,254
3,0,45,20,1999,254,254,254
3,0,46,20,2000,255,255,255
3,0,47,20,2001,252,252,252
3,0,48,20,2002,253,253,253
3,0,49,20,2003,253,253,253
3,0,50,20,2004,255,255,255
3,0,51,20,2005,254,254,254
3,0,52,20,2006,254,254,254
3,0,53,20,2007,254,254,254
3,0,54,20,2008,251,251,251
3,0,55,20,2009,251,251,251
3,0,56,20,2010,254,254,254
3,0,57,20,2011,254,254,254
3,0,58,20,2012,254,254,254
3,0,59,20,2013,254,254,254
3,0,60,20,2014,254,254,254
3,0,61,20,2015,254,254,254
3,0,62,20,2016,254,254,254
3,0,63,20,2017,255,255,255
3,0,64,20,2018,251,251,251
3,0,65,20,2019,252,252,252
3,0,66,20,2020,253,253,253
3,0,67,20,2021,252,252,252
3,0,68,20,2022,253,253,253
3,1,0,21,1954,252,252,252
3,1,1,21,1955,255,255,255
3,1,2,21,1956,255,255,255
3,1,3,21,1957,187,187,187
3,1,4,21,1958,248,248,248
3,1,5,21,1959,255,255,255
3,1,6,21,1960,235,235,235
3,1,7,21,1961,252,252,252
3,1,8,21,1962,172,172,172
3,1,9,21,1963,250,250,250
3,1,10,21,1964,255,255,255
3,1,11,21,1965,255,255,255
3,1,12,21,1966,196,196,196
3,1,13,21,1967,246,246,246
3,1,14,21,1968,252,252,252
3,1,15,21,1969,168,168,168
3,1,16,21,1970,245,245,245
3,1,17,21,1971,254,254,254
3,1,18,21,1972,255,255,255
3,1,19,21,1973,161,161,161
3,1,20,21,1974,85,85,85
3,1,21,21,1975,252,252,252
3,1,22,21,1976,251,251,251
3,1,23,21,1977,204,204,204
3,1,24,21,1978,252,252,252
3,1,25,21,1979,254,254,254
3,1,26,21,1980,255,255,255
3,1,27,21,1981,212,212,212
3,1,28,21,1982,252,252,252
3,1,29,21,1983,255,255,255
3,1,30,21,1984,255,255,255
3,1,31,21,1985,255,255,255
3,1,32,21,1986,254,254,254
3,1,33,21,1987,238,238,238
3,1,34,21,1988,252,252,252
3,1,35,21,1989,254,254,254
3,1,36,21,1990,226,226,226
3,1,37,21,1991,250,250,250
3,1,38,21,1992,253,253,253
3,1,39,21,1993,255,255,255
3,1,40,21,1994,244,244,244
3,1,41,21,1995,252,252,252
3,1,42,21,1996,255,255,255
3,1,43,21,1997,255,255,255
3,1,44,21,1998,255,255,255
3,1,45,21,1999,255,255,255
3,1,46,21,2000,212,212,212
3,1,47,21,2001,208,208,208
3,1,48,21,2002,119,119,119
3,1,49,21,2003,164,164,164
3,1,50,21,2004,253,253,253
3,1,51,21,2005,255,255,255
3,1,52,21,2006,255,255,255
3,1,53,21,2007,255,255,255
3,1,54,21,2008,105,105,105
3,1,55,21,2009,16,16,16
3,1,56,21,2010,248,248,248
3,1,57,21,2011,255,255,255
3,1,58,21,2012,255,255,255
3,1,59,21,2013,255,255,255
3,1,60,21,2014,255,255,255
3,1,61,21,2015,255,255,255
3,1,62,21,2016,255,255,255
3,1,63,21,2017,255,255,255
3,1,64,21,2018,251,251,251
3,1,65,21,2019,240,240,240
3,1,66,21,2020,254,254,254
3,1,67,21,2021,255,255,255
3,1,68,21,2022,251,251,251
3,2,0,22,1954,227,227,227
3,2,1,22,1955,254,254,254
3,2,2,22,1956,255,255,255
3,2,3,22,1957,197,197,197
3,2,4,22,1958,180,180,180
3,2,5,22,1959,253,253,253
3,2,6,22,1960,254,254,254
3,2,7,22,1961,236,236,236
3,2,8,22,1962,247,247,247
3,2,9,22,1963,179,179,179
3,2,10,22,1964,253,253,253
3,2,11,22,1965,255,255,255
3,2,12,22,1966,237,237,237
3,2,13,22,1967,189,189,189
3,2,14,22,1968,250,250,250
3,2,15,22,1969,230,230,230
3,2,16,22,1970,163,163,163
3,2,17,22,1971,247,247,247
3,2,18,22,1972,251,251,251
3,2,19,22,1973,233,233,233
3,2,20,22,1974,0,0,0
3,2,21,22,1975,109,109,109
3,2,22,22,1976,248,248,248
3,2,23,22,1977,253,253,253
3,2,24,22,1978,205,205,205
3,2,25,22,1979,252,252,252
3,2,26,22,1980,255,255,255
3,2,27,22,1981,255,255,255
3,2,28,22,1982,226,226,226
3,2,29,22,1983,252,252,252
3,2,30,22,1984,254,254,254
3,2,31,22,1985,255,255,255
3,2,32,22,1986,255,255,255
3,2,33,22,1987,255,255,255
3,2,34,22,1988,238,238,238
3,2,35,22,1989,252,252,252
3,2,36,22,1990,254,254,254
3,2,37,22,1991,223,223,223
3,2,38,22,1992,252,252,252
3,2,39,22,1993,252,252,252
3,2,40,22,1994,255,255,255
3,2,41,22,1995,248,248,248
3,2,42,22,1996,253,253,253
3,2,43,22,1997,255,255,255
3,2,44,22,1998,255,255,255
3,2,45,22,1999,255,255,255
3,2,46,22,2000,255,255,255
3,2,47,22,2001,163,163,163
3,2,48,22,2002,42,42,42
3,2,49,22,2003,118,118,118
3,2,50,22,2004,209,209,209
3,2,51,22,2005,253,253,253
3,2,52,22,2006,255,255,255
3,2,53,22,2007,255,255,255
3,2,54,22,2008,117,117,117
3,2,55,22,2009,27,27,27
3,2,56,22,2010,77,77,77
3,2,57,22,2011,250,250,250
3,2,58,22,2012,255,255,255
3,2,59,22,2013,255,255,255
3,2,60,22,2014,255,255,255
3,2,61,22,2015,255,255,255
3,2,62,22,2016,255,255,255
3,2,63,22,2017,255,255,255
3,2,64,22,2018,255,255,255
3,2,65,22,2019,250,250,250
3,2,66,22,2020,233,233,233
3,2,67,22,2021,255,255,255
3,2,68,22,2022,254,254,254
3,3,0,23,1954,255,255,255
3,3,1,23,1955,253,253,253
3,3,2,23,1956,255,255,255
3,3,3,23,1957,255,255,255
3,3,4,23,1958,206,206,206
3,3,5,23,1959,215,215,215
3,3,6,23,1960,253,253,253
3,3,7,23,1961,253,253,253
3,3,8,23,1962,247,247,247
3,3,9,23,1963,254,254,254
3,3,10,23,1964,204,204,204
3,3,11,23,1965,254,254,254
3,3,12,23,1966,253,253,253
3,3,13,23,1967,241,241,241
3,3,14,23,1968,207,207,207
3,3,15,23,1969,254,254,254
3,3,16,23,1970,225,225,225
3,3,17,23,1971,182,182,182
3,3,18,23,1972,248,248,248
3,3,19,23,1973,248,248,248
3,3,20,23,1974,76,76,76
3,3,21,23,1975,31,31,31
3,3,22,23,1976,128,128,128
3,3,23,23,1977,250,250,250
3,3,24,23,1978,251,251,251
3,3,25,23,1979,210,210,210
3,3,26,23,1980,252,252,252
3,3,27,23,1981,254,254,254
3,3,28,23,1982,253,253,253
3,3,29,23,1983,218,218,218
3,3,30,23,1984,252,252,252
3,3,31,23,1985,255,255,255
3,3,32,23,1986,255,255,255
3,3,33,23,1987,255,255,255
3,3,34,23,1988,255,255,255
3,3,35,23,1989,243,243,243
3,3,36,23,1990,254,254,254
3,3,37,23,1991,255,255,255
3,3,38,23,1992,225,225,225
3,3,39,23,1993,250,250,250
3,3,40,23,1994,254,254,254
3,3,41,23,1995,255,255,255
3,3,42,23,1996,255,255,255
3,3,43,23,1997,255,255,255
3,3,44,23,1998,255,255,255
3,3,45,23,1999,255,255,255
3,3,46,23,2000,255,255,255
3,3,47,23,2001,244,244,244
3,3,48,23,2002,10,10,10
3,3,49,23,2003,79,79,79
3,3,50,23,2004,154,154,154
3,3,51,23,2005,152,152,152
3,3,52,23,2006,254,254,254
3,3,53,23,2007,255,255,255
3,3,54,23,2008,156,156,156
3,3,55,23,2009,94,94,94
3,3,56,23,2010,91,91,91
3,3,57,23,2011,57,57,57
3,3,58,23,2012,252,252,252
3,3,59,23,2013,255,255,255
3,3,60,23,2014,255,255,255
3,3,61,23,2015,255,255,255
3,3,62,23,2016,255,255,255
3,3,63,23,2017,255,255,255
3,3,64,23,2018,255,255,255
3,3,65,23,2019,255,255,255
3,3,66,23,2020,255,255,255
3,3,67,23,2021,252,252,252
3,3,68,23,2022,254,254,254
3,4,0,24,1954,255,255,255
3,4,1,24,1955,255,255,255
3,4,2,24,1956,255,255,255
3,4,3,24,1957,255,255,255
3,4,4,24,1958,254,254,254
3,4,5,24,1959,223,223,223
3,4,6,24,1960,216,216,216
3,4,7,24,1961,252,252,252
3,4,8,24,1962,253,253,253
3,4,9,24,1963,250,250,250
3,4,10,24,1964,255,255,255
3,4,11,24,1965,214,214,214
3,4,12,24,1966,253,253,253
3,4,13,24,1967,254,254,254
3,4,14,24,1968,245,245,245
3,4,15,24,1969,211,211,211
3,4,16,24,1970,252,252,252
3,4,17,24,1971,229,229,229
3,4,18,24,1972,174,174,174
3,4,19,24,1973,247,247,247
3,4,20,24,1974,130,130,130
3,4,21,24,1975,108,108,108
3,4,22,24,1976,57,57,57
3,4,23,24,1977,139,139,139
3,4,24,24,1978,250,250,250
3,4,25,24,1979,251,251,251
3,4,26,24,1980,205,205,205
3,4,27,24,1981,254,254,254
3,4,28,24,1982,254,254,254
3,4,29,24,1983,255,255,255
3,4,30,24,1984,228,228,228
3,4,31,24,1985,254,254,254
3,4,32,24,1986,252,252,252
3,4,33,24,1987,255,255,255
3,4,34,24,1988,255,255,255
3,4,35,24,1989,255,255,255
3,4,36,24,1990,253,253,253
3,4,37,24,1991,253,253,253
3,4,38,24,1992,255,255,255
3,4,39,24,1993,242,242,242
3,4,40,24,1994,254,254,254
3,4,41,24,1995,254,254,254
3,4,42,24,1996,255,255,255
3,4,43,24,1997,255,255,255
3,4,44,24,1998,255,255,255
3,4,45,24,1999,255,255,255
3,4,46,24,2000,255,255,255
3,4,47,24,2001,253,253,253
3,4,48,24,2002,97,97,97
3,4,49,24,2003,131,131,131
3,4,50,24,2004,88,88,88
3,4,51,24,2005,85,85,85
3,4,52,24,2006,206,206,206
3,4,53,24,2007,253,253,253
3,4,54,24,2008,168,168,168
3,4,55,24,2009,113,113,113
3,4,56,24,2010,124,124,124
3,4,57,24,2011,75,75,75
3,4,58,24,2012,71,71,71
3,4,59,24,2013,252,252,252
3,4,60,24,2014,255,255,255
3,4,61,24,2015,255,255,255
3,4,62,24,2016,255,255,255
3,4,63,24,2017,255,255,255
3,4,64,24,2018,255,255,255
3,4,65,24,2019,255,255,255
3,4,66,24,2020,255,255,255
3,4,67,24,2021,255,255,255
3,4,68,24,2022,253,253,253
3,5,0,25,1954,255,255,255
3,5,1,25,1955,255,255,255
3,5,2,25,1956,255,255,255
3,5,3,25,1957,255,255,255
3,5,4,25,1958,255,255,255
3,5,5,25,1959,255,255,255
3,5,6,25,1960,230,230,230
3,5,7,25,1961,223,223,223
3,5,8,25,1962,252,252,252
3,5,9,25,1963,255,255,255
3,5,10,25,1964,248,248,248
3,5,11,25,1965,255,255,255
3,5,12,25,1966,216,216,216
3,5,13,25,1967,252,252,252
3,5,14,25,1968,254,254,254
3,5,15,25,1969,248,248,248
3,5,16,25,1970,214,214,214
3,5,17,25,1971,253,253,253
3,5,18,25,1972,232,232,232
3,5,19,25,1973,188,188,188
3,5,20,25,1974,102,102,102
3,5,21,25,1975,152,152,152
3,5,22,25,1976,131,131,131
3,5,23,25,1977,65,65,65
3,5,24,25,1978,141,141,141
3,5,25,25,1979,250,250,250
3,5,26,25,1980,255,255,255
3,5,27,25,1981,222,222,222
3,5,28,25,1982,254,254,254
3,5,29,25,1983,254,254,254
3,5,30,25,1984,255,255,255
3,5,31,25,1985,226,226,226
3,5,32,25,1986,251,251,251
3,5,33,25,1987,254,254,254
3,5,34,25,1988,255,255,255
3,5,35,25,1989,255,255,255
3,5,36,25,1990,255,255,255
3,5,37,25,1991,252,252,252
3,5,38,25,1992,255,255,255
3,5,39,25,1993,255,255,255
3,5,40,25,1994,244,244,244
3,5,41,25,1995,252,252,252
3,5,42,25,1996,255,255,255
3,5,43,25,1997,255,255,255
3,5,44,25,1998,255,255,255
3,5,45,25,1999,255,255,255
3,5,46,25,2000,255,255,255
3,5,47,25,2001,254,254,254
3,5,48,25,2002,214,214,214
3,5,49,25,2003,181,181,181
3,5,50,25,2004,75,75,75
3,5,51,25,2005,75,75,75
3,5,52,25,2006,165,165,165
3,5,53,25,2007,166,166,166
3,5,54,25,2008,188,188,188
3,5,55,25,2009,161,161,161
3,5,56,25,2010,144,144,144
3,5,57,25,2011,121,121,121
3,5,58,25,2012,63,63,63
3,5,59,25,2013,133,133,133
3,5,60,25,2014,251,251,251
3,5,61,25,2015,255,255,255
3,5,62,25,2016,255,255,255
3,5,63,25,2017,255,255,255
3,5,64,25,2018,255,255,255
3,5,65,25,2019,255,255,255
3,5,66,25,2020,255,255,255
3,5,67,25,2021,255,255,255
3,5,68,25,2022,254,254,254
3,6,0,26,1954,255,255,255
3,6,1,26,1955,255,255,255
3,6,2,26,1956,255,255,255
3,6,3,26,1957,255,255,255
3,6,4,26,1958,255,255,255
3,6,5,26,1959,255,255,255
3,6,6,26,1960,250,250,250
3,6,7,26,1961,233,233,233
3,6,8,26,1962,242,242,242
3,6,9,26,1963,255,255,255
3,6,10,26,1964,255,255,255
3,6,11,26,1965,255,255,255
3,6,12,26,1966,255,255,255
3,6,13,26,1967,214,214,214
3,6,14,26,1968,251,251,251
3,6,15,26,1969,255,255,255
3,6,16,26,1970,247,247,247
3,6,17,26,1971,205,205,205
3,6,18,26,1972,252,252,252
3,6,19,26,1973,233,233,233
3,6,20,26,1974,35,35,35
3,6,21,26,1975,145,145,145
3,6,22,26,1976,168,168,168
3,6,23,26,1977,135,135,135
3,6,24,26,1978,74,74,74
3,6,25,26,1979,150,150,150
3,6,26,26,1980,251,251,251
3,6,27,26,1981,252,252,252
3,6,28,26,1982,223,223,223
3,6,29,26,1983,253,253,253
3,6,30,26,1984,254,254,254
3,6,31,26,1985,255,255,255
3,6,32,26,1986,238,238,238
3,6,33,26,1987,255,255,255
3,6,34,26,1988,254,254,254
3,6,35,26,1989,255,255,255
3,6,36,26,1990,255,255,255
3,6,37,26,1991,255,255,255
3,6,38,26,1992,252,252,252
3,6,39,26,1993,254,254,254
3,6,40,26,1994,255,255,255
3,6,41,26,1995,244,244,244
3,6,42,26,1996,252,252,252
3,6,43,26,1997,255,255,255
3,6,44,26,1998,255,255,255
3,6,45,26,1999,255,255,255
3,6,46,26,2000,255,255,255
3,6,47,26,2001,255,255,255
3,6,48,26,2002,255,255,255
3,6,49,26,2003,240,240,240
3,6,50,26,2004,153,153,153
3,6,51,26,2005,156,156,156
3,6,52,26,2006,146,146,146
3,6,53,26,2007,92,92,92
3,6,54,26,2008,209,209,209
3,6,55,26,2009,243,243,243
3,6,56,26,2010,183,183,183
3,6,57,26,2011,142,142,142
3,6,58,26,2012,137,137,137
3,6,59,26,2013,145,145,145
3,6,60,26,2014,103,103,103
3,6,61,26,2015,253,253,253
3,6,62,26,2016,255,255,255
3,6,63,26,2017,255,255,255
3,6,64,26,2018,255,255,255
3,6,65,26,2019,255,255,255
3,6,66,26,2020,255,255,255
3,6,67,26,2021,255,255,255
3,6,68,26,2022,254,254,254
3,7,0,27,1954,254,254,254
3,7,1,27,1955,255,255,255
3,7,2,27,1956,255,255,255
3,7,3,27,1957,255,255,255
3,7,4,27,1958,255,255,255
3,7,5,27,1959,255,255,255
3,7,6,27,1960,255,255,255
3,7,7,27,1961,255,255,255
3,7,8,27,1962,248,248,248
3,7,9,27,1963,238,238,238
3,7,10,27,1964,254,254,254
3,7,11,27,1965,255,255,255
3,7,12,27,1966,255,255,255
3,7,13,27,1967,255,255,255
3,7,14,27,1968,223,223,223
3,7,15,27,1969,253,253,253
3,7,16,27,1970,255,255,255
3,7,17,27,1971,245,245,245
3,7,18,27,1972,209,209,209
3,7,19,27,1973,253,253,253
3,7,20,27,1974,104,104,104
3,7,21,27,1975,87,87,87
3,7,22,27,1976,165,165,165
3,7,23,27,1977,175,175,175
3,7,24,27,1978,139,139,139
3,7,25,27,1979,63,63,63
3,7,26,27,1980,164,164,164
3,7,27,27,1981,249,249,249
3,7,28,27,1982,252,252,252
3,7,29,27,1983,226,226,226
3,7,30,27,1984,252,252,252
3,7,31,27,1985,255,255,255
3,7,32,27,1986,255,255,255
3,7,33,27,1987,250,250,250
3,7,34,27,1988,255,255,255
3,7,35,27,1989,255,255,255
3,7,36,27,1990,255,255,255
3,7,37,27,1991,255,255,255
3,7,38,27,1992,255,255,255
3,7,39,27,1993,255,255,255
3,7,40,27,1994,255,255,255
3,7,41,27,1995,255,255,255
3,7,42,27,1996,255,255,255
3,7,43,27,1997,255,255,255
3,7,44,27,1998,255,255,255
3,7,45,27,1999,255,255,255
3,7,46,27,2000,255,255,255
3,7,47,27,2001,255,255,255
3,7,48,27,2002,255,255,255
3,7,49,27,2003,255,255,255
3,7,50,27,2004,231,231,231
3,7,51,27,2005,214,214,214
3,7,52,27,2006,112,112,112
3,7,53,27,2007,74,74,74
3,7,54,27,2008,169,169,169
3,7,55,27,2009,148,148,148
3,7,56,27,2010,227,227,227
3,7,57,27,2011,181,181,181
3,7,58,27,2012,160,160,160
3,7,59,27,2013,172,172,172
3,7,60,27,2014,121,121,121
3,7,61,27,2015,155,155,155
3,7,62,27,2016,251,251,251
3,7,63,27,2017,255,255,255
3,7,64,27,2018,255,255,255
3,7,65,27,2019,255,255,255
3,7,66,27,2020,255,255,255
3,7,67,27,2021,255,255,255
3,7,68,27,2022,253,253,253
3,8,0,28,1954,249,249,249
3,8,1,28,1955,255,255,255
3,8,2,28,1956,255,255,255
3,8,3,28,1957,255,255,255
3,8,4,28,1958,255,255,255
3,8,5,28,1959,255,255,255
3,8,6,28,1960,255,255,255
3,8,7,28,1961,255,255,255
3,8,8,28,1962,255,255,255
3,8,9,28,1963,250,250,250
3,8,10,28,1964,245,245,245
3,8,11,28,1965,255,255,255
3,8,12,28,1966,255,255,255
3,8,13,28,1967,255,255,255
3,8,14,28,1968,253,253,253
3,8,15,28,1969,225,225,225
3,8,16,28,1970,254,254,254
3,8,17,28,1971,255,255,255
3,8,18,28,1972,249,249,249
3,8,19,28,1973,207,207,207
3,8,20,28,1974,175,175,175
3,8,21,28,1975,132,132,132
3,8,22,28,1976,110,110,110
3,8,23,28,1977,173,173,173
3,8,24,28,1978,177,177,177
3,8,25,28,1979,150,150,150
3,8,26,28,1980,89,89,89
3,8,27,28,1981,164,164,164
3,8,28,28,1982,248,248,248
3,8,29,28,1983,252,252,252
3,8,30,28,1984,229,229,229
3,8,31,28,1985,254,254,254
3,8,32,28,1986,254,254,254
3,8,33,28,1987,255,255,255
3,8,34,28,1988,251,251,251
3,8,35,28,1989,254,254,254
3,8,36,28,1990,255,255,255
3,8,37,28,1991,255,255,255
3,8,38,28,1992,255,255,255
3,8,39,28,1993,255,255,255
3,8,40,28,1994,255,255,255
3,8,41,28,1995,255,255,255
3,8,42,28,1996,255,255,255
3,8,43,28,1997,255,255,255
3,8,44,28,1998,255,255,255
3,8,45,28,1999,255,255,255
3,8,46,28,2000,255,255,255
3,8,47,28,2001,255,255,255
3,8,48,28,2002,255,255,255
3,8,49,28,2003,255,255,255
3,8,50,28,2004,255,255,255
3,8,51,28,2005,252,252,252
3,8,52,28,2006,187,187,187
3,8,53,28,2007,161,161,161
3,8,54,28,2008,138,138,138
3,8,55,28,2009,74,74,74
3,8,56,28,2010,179,179,179
3,8,57,28,2011,252,252,252
3,8,58,28,2012,194,194,194
3,8,59,28,2013,187,187,187
3,8,60,28,2014,163,163,163
3,8,61,28,2015,184,184,184
3,8,62,28,2016,167,167,167
3,8,63,28,2017,253,253,253
3,8,64,28,2018,255,255,255
3,8,65,28,2019,255,255,255
3,8,66,28,2020,255,255,255
3,8,67,28,2021,255,255,255
3,8,68,28,2022,253,253,253
3,9,0,29,1954,230,230,230
3,9,1,29,1955,255,255,255
3,9,2,29,1956,255,255,255
3,9,3,29,1957,255,255,255
3,9,4,29,1958,255,255,255
3,9,5,29,1959,255,255,255
3,9,6,29,1960,255,255,255
3,9,7,29,1961,255,255,255
3,9,8,29,1962,255,255,255
3,9,9,29,1963,255,255,255
3,9,10,29,1964,252,252,252
3,9,11,29,1965,255,255,255
3,9,12,29,1966,255,255,255
3,9,13,29,1967,255,255,255
3,9,14,29,1968,255,255,255
3,9,15,29,1969,255,255,255
3,9,16,29,1970,226,226,226
3,9,17,29,1971,253,253,253
3,9,18,29,1972,254,254,254
3,9,19,29,1973,239,239,239
3,9,20,29,1974,112,112,112
3,9,21,29,1975,187,187,187
3,9,22,29,1976,122,122,122
3,9,23,29,1977,96,96,96
3,9,24,29,1978,174,174,174
3,9,25,29,1979,185,185,185
3,9,26,29,1980,166,166,166
3,9,27,29,1981,109,109,109
3,9,28,29,1982,189,189,189
3,9,29,29,1983,251,251,251
3,9,30,29,1984,254,254,254
3,9,31,29,1985,224,224,224
3,9,32,29,1986,254,254,254
3,9,33,29,1987,255,255,255
3,9,34,29,1988,255,255,255
3,9,35,29,1989,251,251,251
3,9,36,29,1990,255,255,255
3,9,37,29,1991,255,255,255
3,9,38,29,1992,255,255,255
3,9,39,29,1993,255,255,255
3,9,40,29,1994,255,255,255
3,9,41,29,1995,255,255,255
3,9,42,29,1996,255,255,255
3,9,43,29,1997,255,255,255
3,9,44,29,1998,255,255,255
3,9,45,29,1999,255,255,255
3,9,46,29,2000,255,255,255
3,9,47,29,2001,255,255,255
3,9,48,29,2002,255,255,255
3,9,49,29,2003,255,255,255
3,9,50,29,2004,255,255,255
3,9,51,29,2005,255,255,255
3,9,52,29,2006,248,248,248
3,9,53,29,2007,236,236,236
3,9,54,29,2008,114,114,114
3,9,55,29,2009,33,33,33
3,9,56,29,2010,109,109,109
3,9,57,29,2011,197,197,197
3,9,58,29,2012,242,242,242
3,9,59,29,2013,212,212,212
3,9,60,29,2014,179,179,179
3,9,61,29,2015,209,209,209
3,9,62,29,2016,166,166,166
3,9,63,29,2017,168,168,168
3,9,64,29,2018,253,253,253
3,9,65,29,2019,255,255,255
3,9,66,29,2020,255,255,255
3,9,67,29,2021,255,255,255
3,9,68,29,2022,253,253,253
3,10,0,30,1954,248,248,248
3,10,1,30,1955,255,255,255
3,10,2,30,1956,255,255,255
3,10,3,30,1957,255,255,255
3,10,4,30,1958,255,255,255
3,10,5,30,1959,255,255,255
3,10,6,30,1960,255,255,255
3,10,7,30,1961,255,255,255
3,10,8,30,1962,255,255,255
3,10,9,30,1963,255,255,255
3,10,10,30,1964,255,255,255
3,10,11,30,1965,255,255,255
3,10,12,30,1966,255,255,255
3,10,13,30,1967,255,255,255
3,10,14,30,1968,255,255,255
3,10,15,30,1969,255,255,255
3,10,16,30,1970,247,247,247
3,10,17,30,1971,220,220,220
3,10,18,30,1972,254,254,254
3,10,19,30,1973,254,254,254
3,10,20,30,1974,171,171,171
3,10,21,30,1975,156,156,156
3,10,22,30,1976,200,200,200
3,10,23,30,1977,137,137,137
3,10,24,30,1978,93,93,93
3,10,25,30,1979,183,183,183
3,10,26,30,1980,194,194,194
3,10,27,30,1981,163,163,163
3,10,28,30,1982,132,132,132
3,10,29,30,1983,180,180,180
3,10,30,30,1984,252,252,252
3,10,31,30,1985,255,255,255
3,10,32,30,1986,235,235,235
3,10,33,30,1987,253,253,253
3,10,34,30,1988,255,255,255
3,10,35,30,1989,255,255,255
3,10,36,30,1990,255,255,255
3,10,37,30,1991,255,255,255
3,10,38,30,1992,255,255,255
3,10,39,30,1993,255,255,255
3,10,40,30,1994,255,255,255
3,10,41,30,1995,255,255,255
3,10,42,30,1996,255,255,255
3,10,43,30,1997,255,255,255
3,10,44,30,1998,255,255,255
3,10,45,30,1999,255,255,255
3,10,46,30,2000,255,255,255
3,10,47,30,2001,255,255,255
3,10,48,30,2002,255,255,255
3,10,49,30,2003,255,255,255
3,10,50,30,2004,255,255,255
3,10,51,30,2005,255,255,255
3,10,52,30,2006,255,255,255
3,10,53,30,2007,253,253,253
3,10,54,30,2008,176,176,176
3,10,55,30,2009,133,133,133
3,10,56,30,2010,94,94,94
3,10,57,30,2011,124,124,124
3,10,58,30,2012,207,207,207
3,10,59,30,2013,227,227,227
3,10,60,30,2014,204,204,204
3,10,61,30,2015,214,214,214
3,10,62,30,2016,209,209,209
3,10,63,30,2017,186,186,186
3,10,64,30,2018,201,201,201
3,10,65,30,2019,254,254,254
3,10,66,30,2020,255,255,255
3,10,67,30,2021,255,255,255
3,10,68,30,2022,249,249,249
3,11,0,31,1954,255,255,255
3,11,1,31,1955,255,255,255
3,11,2,31,1956,255,255,255
3,11,3,31,1957,255,255,255
3,11,4,31,1958,255,255,255
3,11,5,31,1959,255,255,255
3,11,6,31,1960,255,255,255
3,11,7,31,1961,255,255,255
3,11,8,31,1962,255,255,255
3,11,9,31,1963,255,255,255
3,11,10,31,1964,255,255,255
3,11,11,31,1965,255,255,255
3,11,12,31,1966,255,255,255
3,11,13,31,1967,255,255,255
3,11,14,31,1968,255,255,255
3,11,15,31,1969,255,255,255
3,11,16,31,1970,255,255,255
3,11,17,31,1971,255,255,255
3,11,18,31,1972,227,227,227
3,11,19,31,1973,252,252,252
3,11,20,31,1974,200,200,200
3,11,21,31,1975,165,165,165
3,11,22,31,1976,172,172,172
3,11,23,31,1977,207,207,207
3,11,24,31,1978,142,142,142
3,11,25,31,1979,109,109,109
3,11,26,31,1980,195,195,195
3,11,27,31,1981,197,197,197
3,11,28,31,1982,176,176,176
3,11,29,31,1983,117,117,117
3,11,30,31,1984,199,199,199
3,11,31,31,1985,255,255,255
3,11,32,31,1986,255,255,255
3,11,33,31,1987,249,249,249
3,11,34,31,1988,255,255,255
3,11,35,31,1989,255,255,255
3,11,36,31,1990,255,255,255
3,11,37,31,1991,255,255,255
3,11,38,31,1992,255,255,255
3,11,39,31,1993,255,255,255
3,11,40,31,1994,255,255,255
3,11,41,31,1995,255,255,255
3,11,42,31,1996,255,255,255
3,11,43,31,1997,255,255,255
3,11,44,31,1998,255,255,255
3,11,45,31,1999,255,255,255
3,11,46,31,2000,255,255,255
3,11,47,31,2001,255,255,255
3,11,48,31,2002,255,255,255
3,11,49,31,2003,255,255,255
3,11,50,31,2004,255,255,255
3,11,51,31,2005,255,255,255
3,11,52,31,2006,255,255,255
3,11,53,31,2007,255,255,255
3,11,54,31,2008,246,246,246
3,11,55,31,2009,237,237,237
3,11,56,31,2010,156,156,156
3,11,57,31,2011,84,84,84
3,11,58,31,2012,133,133,133
3,11,59,31,2013,225,225,225
3,11,60,31,2014,253,253,253
3,11,61,31,2015,247,247,247
3,11,62,31,2016,235,235,235
3,11,63,31,2017,229,229,229
3,11,64,31,2018,212,212,212
3,11,65,31,2019,223,223,223
3,11,66,31,2020,255,255,255
3,11,67,31,2021,255,255,255
3,11,68,31,2022,254,254,254
3,12,0,32,1954,255,255,255
3,12,1,32,1955,255,255,255
3,12,2,32,1956,255,255,255
3,12,3,32,1957,255,255,255
3,12,4,32,1958,255,255,255
3,12,5,32,1959,255,255,255
3,12,6,32,1960,255,255,255
3,12,7,32,1961,255,255,255
3,12,8,32,1962,255,255,255
3,12,9,32,1963,255,255,255
3,12,10,32,1964,255,255,255
3,12,11,32,1965,255,255,255
3,12,12,32,1966,255,255,255
3,12,13,32,1967,255,255,255
3,12,14,32,1968,255,255,255
3,12,15,32,1969,255,255,255
3,12,16,32,1970,255,255,255
3,12,17,32,1971,255,255,255
3,12,18,32,1972,253,253,253
3,12,19,32,1973,228,228,228
3,12,20,32,1974,255,255,255
3,12,21,32,1975,216,216,216
3,12,22,32,1976,180,180,180
3,12,23,32,1977,161,161,161
3,12,24,32,1978,199,199,199
3,12,25,32,1979,166,166,166
3,12,26,32,1980,148,148,148
3,12,27,32,1981,177,177,177
3,12,28,32,1982,203,203,203
3,12,29,32,1983,180,180,180
3,12,30,32,1984,144,144,144
3,12,31,32,1985,202,202,202
3,12,32,32,1986,251,251,251
3,12,33,32,1987,255,255,255
3,12,34,32,1988,248,248,248
3,12,35,32,1989,254,254,254
3,12,36,32,1990,255,255,255
3,12,37,32,1991,255,255,255
3,12,38,32,1992,255,255,255
3,12,39,32,1993,255,255,255
3,12,40,32,1994,255,255,255
3,12,41,32,1995,255,255,255
3,12,42,32,1996,255,255,255
3,12,43,32,1997,255,255,255
3,12,44,32,1998,255,255,255
3,12,45,32,1999,255,255,255
3,12,46,32,2000,255,255,255
3,12,47,32,2001,255,255,255
3,12,48,32,2002,255,255,255
3,12,49,32,2003,255,255,255
3,12,50,32,2004,255,255,255
3,12,51,32,2005,255,255,255
3,12,52,32,2006,255,255,255
3,12,53,32,2007,255,255,255
3,12,54,32,2008,255,255,255
3,12,55,32,2009,250,250,250
3,12,56,32,2010,222,222,222
3,12,57,32,2011,176,176,176
3,12,58,32,2012,99,99,99
3,12,59,32,2013,181,181,181
3,12,60,32,2014,231,231,231
3,12,61,32,2015,255,255,255
3,12,62,32,2016,251,251,251
3,12,63,32,2017,243,243,243
3,12,64,32,2018,241,241,241
3,12,65,32,2019,237,237,237
3,12,66,32,2020,219,219,219
3,12,67,32,2021,255,255,255
3,12,68,32,2022,253,253,253
3,13,0,33,1954,255,255,255
3,13,1,33,1955,255,255,255
3,13,2,33,1956,255,255,255
3,13,3,33,1957,255,255,255
3,13,4,33,1958,255,255,255
3,13,5,33,1959,255,255,255
3,13,6,33,1960,255,255,255
3,13,7,33,1961,255,255,255
3,13,8,33,1962,255,255,255
3,13,9,33,1963,255,255,255
3,13,10,33,1964,255,255,255
3,13,11,33,1965,255,255,255
3,13,12,33,1966,255,255,255
3,13,13,33,1967,255,255,255
3,13,14,33,1968,255,255,255
3,13,15,33,1969,255,255,255
3,13,16,33,1970,255,255,255
3,13,17,33,1971,255,255,255
3,13,18,33,1972,255,255,255
3,13,19,33,1973,255,255,255
3,13,20,33,1974,225,225,225
3,13,21,33,1975,255,255,255
3,13,22,33,1976,228,228,228
3,13,23,33,1977,205,205,205
3,13,24,33,1978,169,169,169
3,13,25,33,1979,213,213,213
3,13,26,33,1980,182,182,182
3,13,27,33,1981,130,130,130
3,13,28,33,1982,202,202,202
3,13,29,33,1983,204,204,204
3,13,30,33,1984,185,185,185
3,13,31,33,1985,136,136,136
3,13,32,33,1986,213,213,213
3,13,33,33,1987,251,251,251
3,13,34,33,1988,255,255,255
3,13,35,33,1989,254,254,254
3,13,36,33,1990,255,255,255
3,13,37,33,1991,255,255,255
3,13,38,33,1992,255,255,255
3,13,39,33,1993,255,255,255
3,13,40,33,1994,255,255,255
3,13,41,33,1995,255,255,255
3,13,42,33,1996,255,255,255
3,13,43,33,1997,255,255,255
3,13,44,33,1998,255,255,255
3,13,45,33,1999,255,255,255
3,13,46,33,2000,255,255,255
3,13,47,33,2001,255,255,255
3,13,48,33,2002,255,255,255
3,13,49,33,2003,255,255,255
3,13,50,33,2004,255,255,255
3,13,51,33,2005,255,255,255
3,13,52,33,2006,255,255,255
3,13,53,33,2007,255,255,255
3,13,54,33,2008,255,255,255
3,13,55,33,2009,255,255,255
3,13,56,33,2010,253,253,253
3,13,57,33,2011,252,252,252
3,13,58,33,2012,187,187,187
3,13,59,33,2013,152,152,152
3,13,60,33,2014,139,139,139
3,13,61,33,2015,254,254,254
3,13,62,33,2016,255,255,255
3,13,63,33,2017,254,254,254
3,13,64,33,2018,253,253,253
3,13,65,33,2019,250,250,250
3,13,66,33,2020,237,237,237
3,13,67,33,2021,255,255,255
3,13,68,33,2022,254,254,254
3,14,0,34,1954,248,248,248
3,14,1,34,1955,255,255,255
3,14,2,34,1956,255,255,255
3,14,3,34,1957,255,255,255
3,14,4,34,1958,255,255,255
3,14,5,34,1959,255,255,255
3,14,6,34,1960,255,255,255
3,14,7,34,1961,255,255,255
3,14,8,34,1962,255,255,255
3,14,9,34,1963,255,255,255
3,14,10,34,1964,255,255,255
3,14,11,34,1965,255,255,255
3,14,12,34,1966,255,255,255
3,14,13,34,1967,255,255,255
3,14,14,34,1968,255,255,255
3,14,15,34,1969,255,255,255
3,14,16,34,1970,255,255,255
3,14,17,34,1971,255,255,255
3,14,18,34,1972,255,255,255
3,14,19,34,1973,255,255,255
3,14,20,34,1974,255,255,255
3,14,21,34,1975,222,222,222
3,14,22,34,1976,252,252,252
3,14,23,34,1977,233,233,233
3,14,24,34,1978,191,191,191
3,14,25,34,1979,170,170,170
3,14,26,34,1980,217,217,217
3,14,27,34,1981,180,180,180
3,14,28,34,1982,163,163,163
3,14,29,34,1983,190,190,190
3,14,30,34,1984,211,211,211
3,14,31,34,1985,179,179,179
3,14,32,34,1986,161,161,161
3,14,33,34,1987,236,236,236
3,14,34,34,1988,253,253,253
3,14,35,34,1989,255,255,255
3,14,36,34,1990,255,255,255
3,14,37,34,1991,255,255,255
3,14,38,34,1992,255,255,255
3,14,39,34,1993,255,255,255
3,14,40,34,1994,255,255,255
3,14,41,34,1995,255,255,255
3,14,42,34,1996,255,255,255
3,14,43,34,1997,255,255,255
3,14,44,34,1998,255,255,255
3,14,45,34,1999,255,255,255
3,14,46,34,2000,255,255,255
3,14,47,34,2001,255,255,255
3,14,48,34,2002,255,255,255
3,14,49,34,2003,255,255,255
3,14,50,34,2004,255,255,255
3,14,51,34,2005,255,255,255
3,14,52,34,2006,255,255,255
3,14,53,34,2007,255,255,255
3,14,54,34,2008,255,255,255
3,14,55,34,2009,255,255,255
3,14,56,34,2010,255,255,255
3,14,57,34,2011,255,255,255
3,14,58,34,2012,233,233,233
3,14,59,34,2013,161,161,161
3,14,60,34,2014,102,102,102
3,14,61,34,2015,211,211,211
3,14,62,34,2016,255,255,255
3,14,63,34,2017,255,255,255
3,14,64,34,2018,255,255,255
3,14,65,34,2019,255,255,255
3,14,66,34,2020,255,255,255
3,14,67,34,2021,255,255,255
3,14,68,34,2022,253,253,253
3,15,0,35,1954,240,240,240
3,15,1,35,1955,255,255,255
3,15,2,35,1956,255,255,255
3,15,3,35,1957,255,255,255
3,15,4,35,1958,255,255,255
3,15,5,35,1959,255,255,255
3,15,6,35,1960,255,255,255
3,15,7,35,1961,255,255,255
3,15,8,35,1962,255,255,255
3,15,9,35,1963,255,255,255
3,15,10,35,1964,255,255,255
3,15,11,35,1965,255,255,255
3,15,12,35,1966,255,255,255
3,15,13,35,1967,255,255,255
3,15,14,35,1968,255,255,255
3,15,15,35,1969,255,255,255
3,15,16,35,1970,255,255,255
3,15,17,35,1971,255,255,255
3,15,18,35,1972,255,255,255
3,15,19,35,1973,255,255,255
3,15,20,35,1974,255,255,255
3,15,21,35,1975,254,254,254
3,15,22,35,1976,234,234,234
3,15,23,35,1977,254,254,254
3,15,24,35,1978,235,235,235
3,15,25,35,1979,209,209,209
3,15,26,35,1980,197,197,197
3,15,27,35,1981,218,218,218
3,15,28,35,1982,190,190,190
3,15,29,35,1983,155,155,155
3,15,30,35,1984,207,207,207
3,15,31,35,1985,216,216,216
3,15,32,35,1986,199,199,199
3,15,33,35,1987,181,181,181
3,15,34,35,1988,234,234,234
3,15,35,35,1989,255,255,255
3,15,36,35,1990,255,255,255
3,15,37,35,1991,255,255,255
3,15,38,35,1992,255,255,255
3,15,39,35,1993,255,255,255
3,15,40,35,1994,255,255,255
3,15,41,35,1995,255,255,255
3,15,42,35,1996,255,255,255
3,15,43,35,1997,255,255,255
3,15,44,35,1998,255,255,255
3,15,45,35,1999,255,255,255
3,15,46,35,2000,255,255,255
3,15,47,35,2001,255,255,255
3,15,48,35,2002,255,255,255
3,15,49,35,2003,255,255,255
3,15,50,35,2004,255,255,255
3,15,51,35,2005,255,255,255
3,15,52,35,2006,255,255,255
3,15,53,35,2007,255,255,255
3,15,54,35,2008,255,255,255
3,15,55,35,2009,255,255,255
3,15,56,35,2010,255,255,255
3,15,57,35,2011,255,255,255
3,15,58,35,2012,255,255,255
3,15,59,35,2013,230,230,230
3,15,60,35,2014,209,209,209
3,15,61,35,2015,190,190,190
3,15,62,35,2016,220,220,220
3,15,63,35,2017,255,255,255
3,15,64,35,2018,255,255,255
3,15,65,35,2019,255,255,255
3,15,66,35,2020,255,255,255
3,15,67,35,2021,255,255,255
3,15,68,35,2022,254,254,254
3,16,0,36,1954,233,233,233
3,16,1,36,1955,255,255,255
3,16,2,36,1956,255,255,255
3,16,3,36,1957,255,255,255
3,16,4,36,1958,255,255,255
3,16,5,36,1959,255,255,255
3,16,6,36,1960,255,255,255
3,16,7,36,1961,255,255,255
3,16,8,36,1962,255,255,255
3,16,9,36,1963,255,255,255
3,16,10,36,1964,255,255,255
3,16,11,36,1965,255,255,255
3,16,12,36,1966,255,255,255
3,16,13,36,1967,255,255,255
3,16,14,36,1968,255,255,255
3,16,15,36,1969,255,255,255
3,16,16,36,1970,255,255,255
3,16,17,36,1971,255,255,255
3,16,18,36,1972,255,255,255
3,16,19,36,1973,255,255,255
3,16,20,36,1974,255,255,255
3,16,21,36,1975,255,255,255
3,16,22,36,1976,255,255,255
3,16,23,36,1977,243,243,243
3,16,24,36,1978,254,254,254
3,16,25,36,1979,234,234,234
3,16,26,36,1980,207,207,207
3,16,27,36,1981,182,182,182
3,16,28,36,1982,225,225,225
3,16,29,36,1983,190,190,190
3,16,30,36,1984,172,172,172
3,16,31,36,1985,210,210,210
3,16,32,36,1986,220,220,220
3,16,33,36,1987,229,229,229
3,16,34,36,1988,204,204,204
3,16,35,36,1989,243,243,243
3,16,36,36,1990,255,255,255
3,16,37,36,1991,255,255,255
3,16,38,36,1992,255,255,255
3,16,39,36,1993,255,255,255
3,16,40,36,1994,255,255,255
3,16,41,36,1995,255,255,255
3,16,42,36,1996,255,255,255
3,16,43,36,1997,255,255,255
3,16,44,36,1998,255,255,255
3,16,45,36,1999,255,255,255
3,16,46,36,2000,255,255,255
3,16,47,36,2001,255,255,255
3,16,48,36,2002,255,255,255
3,16,49,36,2003,255,255,255
3,16,50,36,2004,255,255,255
3,16,51,36,2005,255,255,255
3,16,52,36,2006,255,255,255
3,16,53,36,2007,255,255,255
3,16,54,36,2008,255,255,255
3,16,55,36,2009,255,255,255
3,16,56,36,2010,255,255,255
3,16,57,36,2011,255,255,255
3,16,58,36,2012,255,255,255
3,16,59,36,2013,255,255,255
3,16,60,36,2014,250,250,250
3,16,61,36,2015,227,227,227
3,16,62,36,2016,195,195,195
3,16,63,36,2017,229,229,229
3,16,64,36,2018,255,255,255
3,16,65,36,2019,255,255,255
3,16,66,36,2020,255,255,255
3,16,67,36,2021,255,255,255
3,16,68,36,2022,254,254,254
3,17,0,37,1954,251,251,251
3,17,1,37,1955,255,255,255
3,17,2,37,1956,255,255,255
3,17,3,37,1957,255,255,255
3,17,4,37,1958,255,255,255
3,17,5,37,1959,255,255,255
3,17,6,37,1960,255,255,255
3,17,7,37,1961,255,255,255
3,17,8,37,1962,255,255,255
3,17,9,37,1963,255,255,255
3,17,10,37,1964,255,255,255
3,17,11,37,1965,255,255,255
3,17,12,37,1966,255,255,255
3,17,13,37,1967,255,255,255
3,17,14,37,1968,255,255,255
3,17,15,37,1969,255,255,255
3,17,16,37,1970,255,255,255
3,17,17,37,1971,255,255,255
3,17,18,37,1972,255,255,255
3,17,19,37,1973,255,255,255
3,17,20,37,1974,255,255,255
3,17,21,37,1975,255,255,255
3,17,22,37,1976,255,255,255
3,17,23,37,1977,255,255,255
3,17,24,37,1978,242,242,242
3,17,25,37,1979,255,255,255
3,17,26,37,1980,237,237,237
3,17,27,37,1981,206,206,206
3,17,28,37,1982,193,193,193
3,17,29,37,1983,226,226,226
3,17,30,37,1984,201,201,201
3,17,31,37,1985,184,184,184
3,17,32,37,1986,214,214,214
3,17,33,37,1987,247,247,247
3,17,34,37,1988,222,222,222
3,17,35,37,1989,206,206,206
3,17,36,37,1990,254,254,254
3,17,37,37,1991,255,255,255
3,17,38,37,1992,255,255,255
3,17,39,37,1993,255,255,255
3,17,40,37,1994,255,255,255
3,17,41,37,1995,255,255,255
3,17,42,37,1996,255,255,255
3,17,43,37,1997,255,255,255
3,17,44,37,1998,255,255,255
3,17,45,37,1999,255,255,255
3,17,46,37,2000,255,255,255
3,17,47,37,2001,255,255,255
3,17,48,37,2002,255,255,255
3,17,49,37,2003,255,255,255
3,17,50,37,2004,255,255,255
3,17,51,37,2005,255,255,255
3,17,52,37,2006,255,255,255
3,17,53,37,2007,255,255,255
3,17,54,37,2008,255,255,255
3,17,55,37,2009,255,255,255
3,17,56,37,2010,255,255,255
3,17,57,37,2011,255,255,255
3,17,58,37,2012,255,255,255
3,17,59,37,2013,255,255,255
3,17,60,37,2014,255,255,255
3,17,61,37,2015,254,254,254
3,17,62,37,2016,247,247,247
3,17,63,37,2017,195,195,195
3,17,64,37,2018,244,244,244
3,17,65,37,2019,255,255,255
3,17,66,37,2020,255,255,255
3,17,67,37,2021,255,255,255
3,17,68,37,2022,253,253,253
3,18,0,38,1954,177,177,177
3,18,1,38,1955,255,255,255
3,18,2,38,1956,255,255,255
3,18,3,38,1957,255,255,255
3,18,4,38,1958,255,255,255
3,18,5,38,1959,255,255,255
3,18,6,38,1960,255,255,255
3,18,7,38,1961,255,255,255
3,18,8,38,1962,255,255,255
3,18,9,38,1963,255,255,255
3,18,10,38,1964,255,255,255
3,18,11,38,1965,255,255,255
3,18,12,38,1966,255,255,255
3,18,13,38,1967,255,255,255
3,18,14,38,1968,255,255,255
3,18,15,38,1969,255,255,255
3,18,16,38,1970,255,255,255
3,18,17,38,1971,255,255,255
3,18,18,38,1972,255,255,255
3,18,19,38,1973,255,255,255
3,18,20,38,1974,255,255,255
3,18,21,38,1975,255,255,255
3,18,22,38,1976,255,255,255
3,18,23,38,1977,255,255,255
3,18,24,38,1978,255,255,255
3,18,25,38,1979,243,243,243
3,18,26,38,1980,255,255,255
3,18,27,38,1981,243,243,243
3,18,28,38,1982,221,221,221
3,18,29,38,1983,206,206,206
3,18,30,38,1984,222,222,222
3,18,31,38,1985,202,202,202
3,18,32,38,1986,192,192,192
3,18,33,38,1987,246,246,246
3,18,34,38,1988,250,250,250
3,18,35,38,1989,235,235,235
3,18,36,38,1990,245,245,245
3,18,37,38,1991,253,253,253
3,18,38,38,1992,255,255,255
3,18,39,38,1993,255,255,255
3,18,40,38,1994,255,255,255
3,18,41,38,1995,255,255,255
3,18,42,38,1996,255,255,255
3,18,43,38,1997,255,255,255
3,18,44,38,1998,255,255,255
3,18,45,38,1999,255,255,255
3,18,46,38,2000,255,255,255
3,18,47,38,2001,255,255,255
3,18,48,38,2002,255,255,255
3,18,49,38,2003,255,255,255
3,18,50,38,2004,255,255,255
3,18,51,38,2005,255,255,255
3,18,52,38,2006,255,255,255
3,18,53,38,2007,255,255,255
3,18,54,38,2008,255,255,255
3,18,55,38,2009,255,255,255
3,18,56,38,2010,255,255,255
3,18,57,38,2011,255,255,255
3,18,58,38,2012,255,255,255
3,18,59,38,2013,255,255,255
3,18,60,38,2014,255,255,255
3,18,61,38,2015,255,255,255
3,18,62,38,2016,254,254,254
3,18,63,38,2017,241,241,241
3,18,64,38,2018,220,220,220
3,18,65,38,2019,255,255,255
3,18,66,38,2020,255,255,255
3,18,67,38,2021,255,255,255
3,18,68,38,2022,253,253,253
3,19,0,39,1954,232,232,232
3,19,1,39,1955,216,216,216
3,19,2,39,1956,254,254,254
3,19,3,39,1957,255,255,255
3,19,4,39,1958,255,255,255
3,19,5,39,1959,255,255,255
3,19,6,39,1960,255,255,255
3,19,7,39,1961,255,255,255
3,19,8,39,1962,255,255,255
3,19,9,39,1963,255,255,255
3,19,10,39,1964,255,255,255
3,19,11,39,1965,255,255,255
3,19,12,39,1966,255,255,255
3,19,13,39,1967,255,255,255
3,19,14,39,1968,255,255,255
3,19,15,39,1969,255,255,255
3,19,16,39,1970,255,255,255
3,19,17,39,1971,255,255,255
3,19,18,39,1972,255,255,255
3,19,19,39,1973,255,255,255
3,19,20,39,1974,255,255,255
3,19,21,39,1975,255,255,255
3,19,22,39,1976,255,255,255
3,19,23,39,1977,255,255,255
3,19,24,39,1978,255,255,255
3,19,25,39,1979,255,255,255
3,19,26,39,1980,244,244,244
3,19,27,39,1981,254,254,254
3,19,28,39,1982,244,244,244
3,19,29,39,1983,216,216,216
3,19,30,39,1984,213,213,213
3,19,31,39,1985,228,228,228
3,19,32,39,1986,201,201,201
3,19,33,39,1987,217,217,217
3,19,34,39,1988,246,246,246
3,19,35,39,1989,249,249,249
3,19,36,39,1990,254,254,254
3,19,37,39,1991,248,248,248
3,19,38,39,1992,254,254,254
3,19,39,39,1993,255,255,255
3,19,40,39,1994,255,255,255
3,19,41,39,1995,255,255,255
3,19,42,39,1996,255,255,255
3,19,43,39,1997,255,255,255
3,19,44,39,1998,255,255,255
3,19,45,39,1999,255,255,255
3,19,46,39,2000,255,255,255
3,19,47,39,2001,255,255,255
3,19,48,39,2002,255,255,255
3,19,49,39,2003,255,255,255
3,19,50,39,2004,255,255,255
3,19,51,39,2005,255,255,255
3,19,52,39,2006,255,255,255
3,19,53,39,2007,255,255,255
3,19,54,39,2008,255,255,255
3,19,55,39,2009,255,255,255
3,19,56,39,2010,255,255,255
3,19,57,39,2011,255,255,255
3,19,58,39,2012,255,255,255
3,19,59,39,2013,255,255,255
3,19,60,39,2014,255,255,255
3,19,61,39,2015,255,255,255
3,19,62,39,2016,255,255,255
3,19,63,39,2017,254,254,254
3,19,64,39,2018,252,252,252
3,19,65,39,2019,250,250,250
3,19,66,39,2020,254,254,254
3,19,67,39,2021,255,255,255
3,19,68,39,2022,248,248,248
3,20,0,40,1954,247,247,247
3,20,1,40,1955,252,252,252
3,20,2,40,1956,253,253,253
3,20,3,40,1957,255,255,255
3,20,4,40,1958,255,255,255
3,20,5,40,1959,255,255,255
3,20,6,40,1960,255,255,255
3,20,7,40,1961,255,255,255
3,20,8,40,1962,255,255,255
3,20,9,40,1963,255,255,255
3,20,10,40,1964,255,255,255
3,20,11,40,1965,255,255,255
3,20,12,40,1966,255,255,255
3,20,13,40,1967,255,255,255
3,20,14,40,1968,255,255,255
3,20,15,40,1969,255,255,255
3,20,16,40,1970,255,255,255
3,20,17,40,1971,255,255,255
3,20,18,40,1972,255,255,255
3,20,19,40,1973,255,255,255
3,20,20,40,1974,255,255,255
3,20,21,40,1975,255,255,255
3,20,22,40,1976,255,255,255
3,20,23,40,1977,255,255,255
3,20,24,40,1978,255,255,255
3,20,25,40,1979,255,255,255
3,20,26,40,1980,254,254,254
3,20,27,40,1981,248,248,248
3,20,28,40,1982,254,254,254
3,20,29,40,1983,244,244,244
3,20,30,40,1984,229,229,229
3,20,31,40,1985,217,217,217
3,20,32,40,1986,236,236,236
3,20,33,40,1987,230,230,230
3,20,34,40,1988,213,213,213
3,20,35,40,1989,250,250,250
3,20,36,40,1990,255,255,255
3,20,37,40,1991,255,255,255
3,20,38,40,1992,252,252,252
3,20,39,40,1993,254,254,254
3,20,40,40,1994,255,255,255
3,20,41,40,1995,255,255,255
3,20,42,40,1996,255,255,255
3,20,43,40,1997,255,255,255
3,20,44,40,1998,255,255,255
3,20,45,40,1999,255,255,255
3,20,46,40,2000,255,255,255
3,20,47,40,2001,255,255,255
3,20,48,40,2002,255,255,255
3,20,49,40,2003,255,255,255
3,20,50,40,2004,255,255,255
3,20,51,40,2005,255,255,255
3,20,52,40,2006,255,255,255
3,20,53,40,2007,255,255,255
3,20,54,40,2008,255,255,255
3,20,55,40,2009,255,255,255
3,20,56,40,2010,255,255,255
3,20,57,40,2011,255,255,255
3,20,58,40,2012,255,255,255
3,20,59,40,2013,255,255,255
3,20,60,40,2014,255,255,255
3,20,61,40,2015,255,255,255
3,20,62,40,2016,255,255,255
3,20,63,40,2017,255,255,255
3,20,64,40,2018,255,255,255
3,20,65,40,2019,252,252,252
3,20,66,40,2020,249,249,249
3,20,67,40,2021,255,255,255
3,20,68,40,2022,250,250,250
3,21,0,41,1954,255,255,255
3,21,1,41,1955,255,255,255
3,21,2,41,1956,255,255,255
3,21,3,41,1957,255,255,255
3,21,4,41,1958,255,255,255
3,21,5,41,1959,255,255,255
3,21,6,41,1960,255,255,255
3,21,7,41,1961,255,255,255
3,21,8,41,1962,255,255,255
3,21,9,41,1963,255,255,255
3,21,10,41,1964,255,255,255
3,21,11,41,1965,255,255,255
3,21,12,41,1966,255,255,255
3,21,13,41,1967,255,255,255
3,21,14,41,1968,255,255,255
3,21,15,41,1969,255,255,255
3,21,16,41,1970,255,255,255
3,21,17,41,1971,255,255,255
3,21,18,41,1972,255,255,255
3,21,19,41,1973,255,255,255
3,21,20,41,1974,255,255,255
3,21,21,41,1975,255,255,255
3,21,22,41,1976,255,255,255
3,21,23,41,1977,255,255,255
3,21,24,41,1978,255,255,255
3,21,25,41,1979,255,255,255
3,21,26,41,1980,255,255,255
3,21,27,41,1981,254,254,254
3,21,28,41,1982,246,246,246
3,21,29,41,1983,253,253,253
3,21,30,41,1984,246,246,246
3,21,31,41,1985,230,230,230
3,21,32,41,1986,215,215,215
3,21,33,41,1987,250,250,250
3,21,34,41,1988,234,234,234
3,21,35,41,1989,222,222,222
3,21,36,41,1990,254,254,254
3,21,37,41,1991,255,255,255
3,21,38,41,1992,255,255,255
3,21,39,41,1993,255,255,255
3,21,40,41,1994,255,255,255
3,21,41,41,1995,255,255,255
3,21,42,41,1996,255,255,255
3,21,43,41,1997,255,255,255
3,21,44,41,1998,255,255,255
3,21,45,41,1999,255,255,255
3,21,46,41,2000,255,255,255
3,21,47,41,2001,255,255,255
3,21,48,41,2002,255,255,255
3,21,49,41,2003,255,255,255
3,21,50,41,2004,255,255,255
3,21,51,41,2005,255,255,255
3,21,52,41,2006,255,255,255
3,21,53,41,2007,255,255,255
3,21,54,41,2008,255,255,255
3,21,55,41,2009,255,255,255
3,21,56,41,2010,255,255,255
3,21,57,41,2011,255,255,255
3,21,58,41,2012,255,255,255
3,21,59,41,2013,255,255,255
3,21,60,41,2014,255,255,255
3,21,61,41,2015,255,255,255
3,21,62,41,2016,255,255,255
3,21,63,41,2017,255,255,255
3,21,64,41,2018,255,255,255
3,21,65,41,2019,255,255,255
3,21,66,41,2020,254,254,254
3,21,67,41,2021,255,255,255
3,21,68,41,2022,254,254,254
3,22,0,42,1954,255,255,255
3,22,1,42,1955,255,255,255
3,22,2,42,1956,255,255,255
3,22,3,42,1957,255,255,255
3,22,4,42,1958,255,255,255
3,22,5,42,1959,255,255,255
3,22,6,42,1960,255,255,255
3,22,7,42,1961,255,255,255
3,22,8,42,1962,255,255,255
3,22,9,42,1963,255,255,255
3,22,10,42,1964,255,255,255
3,22,11,42,1965,255,255,255
3,22,12,42,1966,255,255,255
3,22,13,42,1967,255,255,255
3,22,14,42,1968,255,255,255
3,22,15,42,1969,255,255,255
3,22,16,42,1970,255,255,255
3,22,17,42,1971,255,255,255
3,22,18,42,1972,255,255,255
3,22,19,42,1973,255,255,255
3,22,20,42,1974,255,255,255
3,22,21,42,1975,255,255,255
3,22,22,42,1976,255,255,255
3,22,23,42,1977,255,255,255
3,22,24,42,1978,255,255,255
3,22,25,42,1979,255,255,255
3,22,26,42,1980,255,255,255
3,22,27,42,1981,255,255,255
3,22,28,42,1982,253,253,253
3,22,29,42,1983,248,248,248
3,22,30,42,1984,254,254,254
3,22,31,42,1985,247,247,247
3,22,32,42,1986,236,236,236
3,22,33,42,1987,247,247,247
3,22,34,42,1988,251,251,251
3,22,35,42,1989,244,244,244
3,22,36,42,1990,255,255,255
3,22,37,42,1991,255,255,255
3,22,38,42,1992,255,255,255
3,22,39,42,1993,255,255,255
3,22,40,42,1994,255,255,255
3,22,41,42,1995,255,255,255
3,22,42,42,1996,255,255,255
3,22,43,42,1997,255,255,255
3,22,44,42,1998,255,255,255
3,22,45,42,1999,255,255,255
3,22,46,42,2000,255,255,255
3,22,47,42,2001,255,255,255
3,22,48,42,2002,255,255,255
3,22,49,42,2003,255,255,255
3,22,50,42,2004,255,255,255
3,22,51,42,2005,255,255,255
3,22,52,42,2006,255,255,255
3,22,53,42,2007,255,255,255
3,22,54,42,2008,255,255,255
3,22,55,42,2009,255,255,255
3,22,56,42,2010,255,255,255
3,22,57,42,2011,255,255,255
3,22,58,42,2012,255,255,255
3,22,59,42,2013,255,255,255
3,22,60,42,2014,255,255,255
3,22,61,42,2015,255,255,255
3,22,62,42,2016,255,255,255
3,22,63,42,2017,255,255,255
3,22,64,42,2018,255,255,255
3,22,65,42,2019,255,255,255
3,22,66,42,2020,255,255,255
3,22,67,42,2021,255,255,255
3,22,68,42,2022,254,254,254
3,23,0,43,1954,248,248,248
3,23,1,43,1955,255,255,255
3,23,2,43,1956,255,255,255
3,23,3,43,1957,255,255,255
3,23,4,43,1958,255,255,255
3,23,5,43,1959,255,255,255
3,23,6,43,1960,255,255,255
3,23,7,43,1961,255,255,255
3,23,8,43,1962,255,255,255
3,23,9,43,1963,255,255,255
3,23,10,43,1964,255,255,255
3,23,11,43,1965,255,255,255
3,23,12,43,1966,255,255,255
3,23,13,43,1967,255,255,255
3,23,14,43,1968,255,255,255
3,23,15,43,1969,255,255,255
3,23,16,43,1970,255,255,255
3,23,17,43,1971,255,255,255
3,23,18,43,1972,255,255,255
3,23,19,43,1973,255,255,255
3,23,20,43,1974,255,255,255
3,23,21,43,1975,255,255,255
3,23,22,43,1976,255,255,255
3,23,23,43,1977,255,255,255
3,23,24,43,1978,255,255,255
3,23,25,43,1979,255,255,255
3,23,26,43,1980,255,255,255
3,23,27,43,1981,255,255,255
3,23,28,43,1982,255,255,255
3,23,29,43,1983,254,254,254
3,23,30,43,1984,249,249,249
3,23,31,43,1985,253,253,253
3,23,32,43,1986,248,248,248
3,23,33,43,1987,252,252,252
3,23,34,43,1988,246,246,246
3,23,35,43,1989,254,254,254
3,23,36,43,1990,255,255,255
3,23,37,43,1991,255,255,255
3,23,38,43,1992,255,255,255
3,23,39,43,1993,255,255,255
3,23,40,43,1994,255,255,255
3,23,41,43,1995,255,255,255
3,23,42,43,1996,255,255,255
3,23,43,43,1997,255,255,255
3,23,44,43,1998,255,255,255
3,23,45,43,1999,255,255,255
3,23,46,43,2000,255,255,255
3,23,47,43,2001,255,255,255
3,23,48,43,2002,255,255,255
3,23,49,43,2003,255,255,255
3,23,50,43,2004,255,255,255
3,23,51,43,2005,255,255,255
3,23,52,43,2006,255,255,255
3,23,53,43,2007,255,255,255
3,23,54,43,2008,255,255,255
3,23,55,43,2009,255,255,255
3,23,56,43,2010,255,255,255
3,23,57,43,2011,255,255,255
3,23,58,43,2012,255,255,255
3,23,59,43,2013,255,255,255
3,23,60,43,2014,255,255,255
3,23,61,43,2015,255,255,255
3,23,62,43,2016,255,255,255
3,23,63,43,2017,255,255,255
3,23,64,43,2018,255,255,255
3,23,65,43,2019,255,255,255
3,23,66,43,2020,255,255,255
3,23,67,43,2021,255,255,255
3,23,68,43,2022,253,253,253
3,24,0,44,1954,243,243,243
3,24,1,44,1955,255,255,255
3,24,2,44,1956,255,255,255
3,24,3,44,1957,255,255,255
3,24,4,44,1958,255,255,255
3,24,5,44,1959,255,255,255
3,24,6,44,1960,255,255,255
3,24,7,44,1961,255,255,255
3,24,8,44,1962,255,255,255
3,24,9,44,1963,255,255,255
3,24,10,44,1964,255,255,255
3,24,11,44,1965,255,255,255
3,24,12,44,1966,255,255,255
3,24,13,44,1967,255,255,255
3,24,14,44,1968,255,255,255
3,24,15,44,1969,255,255,255
3,24,16,44,1970,255,255,255
3,24,17,44,1971,255,255,255
3,24,18,44,1972,255,255,255
3,24,19,44,1973,255,255,255
3,24,20,44,1974,255,255,255
3,24,21,44,1975,255,255,255
3,24,22,44,1976,255,255,255
3,24,23,44,1977,255,255,255
3,24,24,44,1978,255,255,255
3,24,25,44,1979,255,255,255
3,24,26,44,1980,255,255,255
3,24,27,44,1981,255,255,255
3,24,28,44,1982,255,255,255
3,24,29,44,1983,255,255,255
3,24,30,44,1984,254,254,254
3,24,31,44,1985,248,248,248
3,24,32,44,1986,252,252,252
3,24,33,44,1987,254,254,254
3,24,34,44,1988,254,254,254
3,24,35,44,1989,252,252,252
3,24,36,44,1990,255,255,255
3,24,37,44,1991,255,255,255
3,24,38,44,1992,255,255,255
3,24,39,44,1993,255,255,255
3,24,40,44,1994,255,255,255
3,24,41,44,1995,255,255,255
3,24,42,44,1996,255,255,255
3,24,43,44,1997,255,255,255
3,24,44,44,1998,255,255,255
3,24,45,44,1999,255,255,255
3,24,46,44,2000,255,255,255
3,24,47,44,2001,255,255,255
3,24,48,44,2002,255,255,255
3,24,49,44,2003,255,255,255
3,24,50,44,2004,255,255,255
3,24,51,44,2005,255,255,255
3,24,52,44,2006,255,255,255
3,24,53,44,2007,255,255,255
3,24,54,44,2008,255,255,255
3,24,55,44,2009,255,255,255
3,24,56,44,2010,255,255,255
3,24,57,44,2011,255,255,255
3,24,58,44,2012,255,255,255
3,24,59,44,2013,255,255,255
3,24,60,44,2014,255,255,255
3,24,61,44,2015,255,255,255
3,24,62,44,2016,255,255,255
3,24,63,44,2017,255,255,255
3,24,64,44,2018,255,255,255
3,24,65,44,2019,255,255,255
3,24,66,44,2020,255,255,255
3,24,67,44,2021,255,255,255
3,24,68,44,2022,254,254,254
3,25,0,45,1954,149,149,149
3,25,1,45,1955,255,255,255
3,25,2,45,1956,255,255,255
3,25,3,45,1957,255,255,255
3,25,4,45,1958,255,255,255
3,25,5,45,1959,255,255,255
3,25,6,45,1960,255,255,255
3,25,7,45,1961,255,255,255
3,25,8,45,1962,255,255,255
3,25,9,45,1963,255,255,255
3,25,10,45,1964,255,255,255
3,25,11,45,1965,255,255,255
3,25,12,45,1966,255,255,255
3,25,13,45,1967,255,255,255
3,25,14,45,1968,255,255,255
3,25,15,45,1969,255,255,255
3,25,16,45,1970,255,255,255
3,25,17,45,1971,255,255,255
3,25,18,45,1972,255,255,255
3,25,19,45,1973,255,255,255
3,25,20,45,1974,255,255,255
3,25,21,45,1975,255,255,255
3,25,22,45,1976,255,255,255
3,25,23,45,1977,255,255,255
3,25,24,45,1978,255,255,255
3,25,25,45,1979,255,255,255
3,25,26,45,1980,255,255,255
3,25,27,45,1981,255,255,255
3,25,28,45,1982,255,255,255
3,25,29,45,1983,255,255,255
3,25,30,45,1984,255,255,255
3,25,31,45,1985,254,254,254
3,25,32,45,1986,255,255,255
3,25,33,45,1987,255,255,255
3,25,34,45,1988,255,255,255
3,25,35,45,1989,255,255,255
3,25,36,45,1990,255,255,255
3,25,37,45,1991,255,255,255
3,25,38,45,1992,255,255,255
3,25,39,45,1993,255,255,255
3,25,40,45,1994,255,255,255
3,25,41,45,1995,255,255,255
3,25,42,45,1996,255,255,255
3,25,43,45,1997,255,255,255
3,25,44,45,1998,255,255,255
3,25,45,45,1999,255,255,255
3,25,46,45,2000,255,255,255
3,25,47,45,2001,255,255,255
3,25,48,45,2002,255,255,255
3,25,49,45,2003,255,255,255
3,25,50,45,2004,255,255,255
3,25,51,45,2005,255,255,255
3,25,52,45,2006,255,255,255
3,25,53,45,2007,255,255,255
3,25,54,45,2008,255,255,255
3,25,55,45,2009,255,255,255
3,25,56,45,2010,255,255,255
3,25,57,45,2011,255,255,255
3,25,58,45,2012,255,255,255
3,25,59,45,2013,255,255,255
3,25,60,45,2014,255,255,255
3,25,61,45,2015,255,255,255
3,25,62,45,2016,255,255,255
3,25,63,45,2017,255,255,255
3,25,64,45,2018,255,255,255
3,25,65,45,2019,255,255,255
3,25,66,45,2020,255,255,255
3,25,67,45,2021,255,255,255
3,25,68,45,2022,254,254,254
3,26,0,46,1954,125,125,125
3,26,1,46,1955,195,195,195
3,26,2,46,1956,251,251,251
3,26,3,46,1957,255,255,255
3,26,4,46,1958,255,255,255
3,26,5,46,1959,255,255,255
3,26,6,46,1960,255,255,255
3,26,7,46,1961,255,255,255
3,26,8,46,1962,255,255,255
3,26,9,46,1963,255,255,255
3,26,10,46,1964,255,255,255
3,26,11,46,1965,255,255,255
3,26,12,46,1966,255,255,255
3,26,13,46,1967,255,255,255
3,26,14,46,1968,255,255,255
3,26,15,46,1969,255,255,255
3,26,16,46,1970,255,255,255
3,26,17,46,1971,255,255,255
3,26,18,46,1972,255,255,255
3,26,19,46,1973,255,255,255
3,26,20,46,1974,255,255,255
3,26,21,46,1975,255,255,255
3,26,22,46,1976,255,255,255
3,26,23,46,1977,255,255,255
3,26,24,46,1978,255,255,255
3,26,25,46,1979,255,255,255
3,26,26,46,1980,255,255,255
3,26,27,46,1981,255,255,255
3,26,28,46,1982,255,255,255
3,26,29,46,1983,255,255,255
3,26,30,46,1984,255,255,255
3,26,31,46,1985,255,255,255
3,26,32,46,1986,255,255,255
3,26,33,46,1987,255,255,255
3,26,34,46,1988,255,255,255
3,26,35,46,1989,255,255,255
3,26,36,46,1990,255,255,255
3,26,37,46,1991,255,255,255
3,26,38,46,1992,255,255,255
3,26,39,46,1993,255,255,255
3,26,40,46,1994,255,255,255
3,26,41,46,1995,255,255,255
3,26,42,46,1996,255,255,255
3,26,43,46,1997,255,255,255
3,26,44,46,1998,255,255,255
3,26,45,46,1999,255,255,255
3,26,46,46,2000,255,255,255
3,26,47,46,2001,255,255,255
3,26,48,46,2002,255,255,255
3,26,49,46,2003,255,255,255
3,26,50,46,2004,255,255,255
3,26,51,46,2005,255,255,255
3,26,52,46,2006,255,255,255
3,26,53,46,2007,255,255,255
3,26,54,46,2008,255,255,255
3,26,55,46,2009,255,255,255
3,26,56,46,2010,255,255,255
3,26,57,46,2011,255,255,255
3,26,58,46,2012,255,255,255
3,26,59,46,2013,255,255,255
3,26,60,46,2014,255,255,255
3,26,61,46,2015,255,255,255
3,26,62,46,2016,255,255,255
3,26,63,46,2017,255,255,255
3,26,64,46,2018,255,255,255
3,26,65,46,2019,255,255,255
3,26,66,46,2020,255,255,255
3,26,67,46,2021,255,255,255
3,26,68,46,2022,253,253,253
3,27,0,47,1954,206,206,206
3,27,1,47,1955,173,173,173
3,27,2,47,1956,248,248,248
3,27,3,47,1957,254,254,254
3,27,4,47,1958,255,255,255
3,27,5,47,1959,255,255,255
3,27,6,47,1960,255,255,255
3,27,7,47,1961,255,255,255
3,27,8,47,1962,255,255,255
3,27,9,47,1963,255,255,255
3,27,10,47,1964,255,255,255
3,27,11,47,1965,255,255,255
3,27,12,47,1966,255,255,255
3,27,13,47,1967,255,255,255
3,27,14,47,1968,255,255,255
3,27,15,47,1969,255,255,255
3,27,16,47,1970,255,255,255
3,27,17,47,1971,255,255,255
3,27,18,47,1972,255,255,255
3,27,19,47,1973,255,255,255
3,27,20,47,1974,255,255,255
3,27,21,47,1975,255,255,255
3,27,22,47,1976,255,255,255
3,27,23,47,1977,255,255,255
3,27,24,47,1978,255,255,255
3,27,25,47,1979,255,255,255
3,27,26,47,1980,255,255,255
3,27,27,47,1981,255,255,255
3,27,28,47,1982,255,255,255
3,27,29,47,1983,255,255,255
3,27,30,47,1984,255,255,255
3,27,31,47,1985,255,255,255
3,27,32,47,1986,255,255,255
3,27,33,47,1987,255,255,255
3,27,34,47,1988,255,255,255
3,27,35,47,1989,255,255,255
3,27,36,47,1990,255,255,255
3,27,37,47,1991,255,255,255
3,27,38,47,1992,255,255,255
3,27,39,47,1993,255,255,255
3,27,40,47,1994,255,255,255
3,27,41,47,1995,255,255,255
3,27,42,47,1996,255,255,255
3,27,43,47,1997,255,255,255
3,27,44,47,1998,255,255,255
3,27,45,47,1999,255,255,255
3,27,46,47,2000,255,255,255
3,27,47,47,2001,255,255,255
3,27,48,47,2002,255,255,255
3,27,49,47,2003,255,255,255
3,27,50,47,2004,255,255,255
3,27,51,47,2005,255,255,255
3,27,52,47,2006,255,255,255
3,27,53,47,2007,255,255,255
3,27,54,47,2008,255,255,255
3,27,55,47,2009,255,255,255
3,27,56,47,2010,255,255,255
3,27,57,47,2011,255,255,255
3,27,58,47,2012,255,255,255
3,27,59,47,2013,255,255,255
3,27,60,47,2014,255,255,255
3,27,61,47,2015,255,255,255
3,27,62,47,2016,255,255,255
3,27,63,47,2017,255,255,255
3,27,64,47,2018,255,255,255
3,27,65,47,2019,255,255,255
3,27,66,47,2020,255,255,255
3,27,67,47,2021,255,255,255
3,27,68,47,2022,253,253,253
3,28,0,48,1954,245,245,245
3,28,1,48,1955,247,247,247
3,28,2,48,1956,237,237,237
3,28,3,48,1957,251,251,251
3,28,4,48,1958,255,255,255
3,28,5,48,1959,255,255,255
3,28,6,48,1960,255,255,255
3,28,7,48,1961,255,255,255
3,28,8,48,1962,255,255,255
3,28,9,48,1963,255,255,255
3,28,10,48,1964,255,255,255
3,28,11,48,1965,255,255,255
3,28,12,48,1966,255,255,255
3,28,13,48,1967,255,255,255
3,28,14,48,1968,255,255,255
3,28,15,48,1969,255,255,255
3,28,16,48,1970,255,255,255
3,28,17,48,1971,255,255,255
3,28,18,48,1972,255,255,255
3,28,19,48,1973,255,255,255
3,28,20,48,1974,255,255,255
3,28,21,48,1975,255,255,255
3,28,22,48,1976,255,255,255
3,28,23,48,1977,255,255,255
3,28,24,48,1978,255,255,255
3,28,25,48,1979,255,255,255
3,28,26,48,1980,255,255,255
3,28,27,48,1981,255,255,255
3,28,28,48,1982,255,255,255
3,28,29,48,1983,255,255,255
3,28,30,48,1984,255,255,255
3,28,31,48,1985,255,255,255
3,28,32,48,1986,255,255,255
3,28,33,48,1987,255,255,255
3,28,34,48,1988,255,255,255
3,28,35,48,1989,255,255,255
3,28,36,48,1990,255,255,255
3,28,37,48,1991,255,255,255
3,28,38,48,1992,255,255,255
3,28,39,48,1993,255,255,255
3,28,40,48,1994,255,255,255
3,28,41,48,1995,255,255,255
3,28,42,48,1996,255,255,255
3,28,43,48,1997,255,255,255
3,28,44,48,1998,255,255,255
3,28,45,48,1999,255,255,255
3,28,46,48,2000,255,255,255
3,28,47,48,2001,255,255,255
3,28,48,48,2002,255,255,255
3,28,49,48,2003,255,255,255
3,28,50,48,2004,255,255,255
3,28,51,48,2005,255,255,255
3,28,52,48,2006,255,255,255
3,28,53,48,2007,255,255,255
3,28,54,48,2008,255,255,255
3,28,55,48,2009,255,255,255
3,28,56,48,2010,255,255,255
3,28,57,48,2011,255,255,255
3,28,58,48,2012,255,255,255
3,28,59,48,2013,255,255,255
3,28,60,48,2014,255,255,255
3,28,61,48,2015,255,255,255
3,28,62,48,2016,255,255,255
3,28,63,48,2017,255,255,255
3,28,64,48,2018,255,255,255
3,28,65,48,2019,255,255,255
3,28,66,48,2020,255,255,255
3,28,67,48,2021,255,255,255
3,28,68,48,2022,253,253,253
3,29,0,49,1954,255,255,255
3,29,1,49,1955,254,254,254
3,29,2,49,1956,254,254,254
3,29,3,49,1957,237,237,237
3,29,4,49,1958,254,254,254
3,29,5,49,1959,255,255,255
3,29,6,49,1960,255,255,255
3,29,7,49,1961,255,255,255
3,29,8,49,1962,255,255,255
3,29,9,49,1963,255,255,255
3,29,10,49,1964,255,255,255
3,29,11,49,1965,255,255,255
3,29,12,49,1966,255,255,255
3,29,13,49,1967,255,255,255
3,29,14,49,1968,255,255,255
3,29,15,49,1969,255,255,255
3,29,16,49,1970,255,255,255
3,29,17,49,1971,255,255,255
3,29,18,49,1972,255,255,255
3,29,19,49,1973,255,255,255
3,29,20,49,1974,255,255,255
3,29,21,49,1975,255,255,255
3,29,22,49,1976,255,255,255
3,29,23,49,1977,255,255,255
3,29,24,49,1978,255,255,255
3,29,25,49,1979,255,255,255
3,29,26,49,1980,255,255,255
3,29,27,49,1981,255,255,255
3,29,28,49,1982,255,255,255
3,29,29,49,1983,255,255,255
3,29,30,49,1984,255,255,255
3,29,31,49,1985,255,255,255
3,29,32,49,1986,255,255,255
3,29,33,49,1987,255,255,255
3,29,34,49,1988,255,255,255
3,29,35,49,1989,255,255,255
3,29,36,49,1990,255,255,255
3,29,37,49,1991,255,255,255
3,29,38,49,1992,255,255,255
3,29,39,49,1993,255,255,255
3,29,40,49,1994,255,255,255
3,29,41,49,1995,255,255,255
3,29,42,49,1996,255,255,255
3,29,43,49,1997,255,255,255
3,29,44,49,1998,255,255,255
3,29,45,49,1999,255,255,255
3,29,46,49,2000,255,255,255
3,29,47,49,2001,255,255,255
3,29,48,49,2002,255,255,255
3,29,49,49,2003,255,255,255
3,29,50,49,2004,255,255,255
3,29,51,49,2005,255,255,255
3,29,52,49,2006,255,255,255
3,29,53,49,2007,255,255,255
3,29,54,49,2008,255,255,255
3,29,55,49,2009,255,255,255
3,29,56,49,2010,255,255,255
3,29,57,49,2011,255,255,255
3,29,58,49,2012,255,255,255
3,29,59,49,2013,255,255,255
3,29,60,49,2014,255,255,255
3,29,61,49,2015,255,255,255
3,29,62,49,2016,255,255,255
3,29,63,49,2017,255,255,255
3,29,64,49,2018,255,255,255
3,29,65,49,2019,255,255,255
3,29,66,49,2020,255,255,255
3,29,67,49,2021,255,255,255
3,29,68,49,2022,254,254,254
3,30,0,50,1954,255,255,255
3,30,1,50,1955,255,255,255
3,30,2,50,1956,255,255,255
3,30,3,50,1957,253,253,253
3,30,4,50,1958,239,239,239
3,30,5,50,1959,255,255,255
3,30,6,50,1960,255,255,255
3,30,7,50,1961,255,255,255
3,30,8,50,1962,255,255,255
3,30,9,50,1963,255,255,255
3,30,10,50,1964,255,255,255
3,30,11,50,1965,255,255,255
3,30,12,50,1966,255,255,255
3,30,13,50,1967,255,255,255
3,30,14,50,1968,255,255,255
3,30,15,50,1969,255,255,255
3,30,16,50,1970,255,255,255
3,30,17,50,1971,255,255,255
3,30,18,50,1972,255,255,255
3,30,19,50,1973,255,255,255
3,30,20,50,1974,255,255,255
3,30,21,50,1975,255,255,255
3,30,22,50,1976,255,255,255
3,30,23,50,1977,255,255,255
3,30,24,50,1978,255,255,255
3,30,25,50,1979,255,255,255
3,30,26,50,1980,255,255,255
3,30,27,50,1981,255,255,255
3,30,28,50,1982,255,255,255
3,30,29,50,1983,255,255,255
3,30,30,50,1984,255,255,255
3,30,31,50,1985,255,255,255
3,30,32,50,1986,255,255,255
3,30,33,50,1987,255,255,255
3,30,34,50,1988,255,255,255
3,30,35,50,1989,255,255,255
3,30,36,50,1990,255,255,255
3,30,37,50,1991,255,255,255
3,30,38,50,1992,255,255,255
3,30,39,50,1993,255,255,255
3,30,40,50,1994,255,255,255
3,30,41,50,1995,255,255,255
3,30,42,50,1996,255,255,255
3,30,43,50,1997,255,255,255
3,30,44,50,1998,255,255,255
3,30,45,50,1999,255,255,255
3,30,46,50,2000,255,255,255
3,30,47,50,2001,255,255,255
3,30,48,50,2002,255,255,255
3,30,49,50,2003,255,255,255
3,30,50,50,2004,255,255,255
3,30,51,50,2005,255,255,255
3,30,52,50,2006,255,255,255
3,30,53,50,2007,255,255,255
3,30,54,50,2008,255,255,255
3,30,55,50,2009,255,255,255
3,30,56,50,2010,255,255,255
3,30,57,50,2011,255,255,255
3,30,58,50,2012,255,255,255
3,30,59,50,2013,255,255,255
3,30,60,50,2014,255,255,255
3,30,61,50,2015,255,255,255
3,30,62,50,2016,255,255,255
3,30,63,50,2017,255,255,255
3,30,64,50,2018,255,255,255
3,30,65,50,2019,255,255,255
3,30,66,50,2020,255,255,255
3,30,67,50,2021,255,255,255
3,30,68,50,2022,251,251,251
3,31,0,51,1954,255,255,255
3,31,1,51,1955,255,255,255
3,31,2,51,1956,255,255,255
3,31,3,51,1957,255,255,255
3,31,4,51,1958,254,254,254
3,31,5,51,1959,255,255,255
3,31,6,51,1960,255,255,255
3,31,7,51,1961,255,255,255
3,31,8,51,1962,255,255,255
3,31,9,51,1963,255,255,255
3,31,10,51,1964,255,255,255
3,31,11,51,1965,255,255,255
3,31,12,51,1966,255,255,255
3,31,13,51,1967,255,255,255
3,31,14,51,1968,255,255,255
3,31,15,51,1969,255,255,255
3,31,16,51,1970,255,255,255
3,31,17,51,1971,255,255,255
3,31,18,51,1972,255,255,255
3,31,19,51,1973,255,255,255
3,31,20,51,1974,255,255,255
3,31,21,51,1975,255,255,255
3,31,22,51,1976,255,255,255
3,31,23,51,1977,255,255,255
3,31,24,51,1978,255,255,255
3,31,25,51,1979,255,255,255
3,31,26,51,1980,255,255,255
3,31,27,51,1981,255,255,255
3,31,28,51,1982,255,255,255
3,31,29,51,1983,255,255,255
3,31,30,51,1984,255,255,255
3,31,31,51,1985,255,255,255
3,31,32,51,1986,255,255,255
3,31,33,51,1987,255,255,255
3,31,34,51,1988,255,255,255
3,31,35,51,1989,255,255,255
3,31,36,51,1990,255,255,255
3,31,37,51,1991,255,255,255
3,31,38,51,1992,255,255,255
3,31,39,51,1993,255,255,255
3,31,40,51,1994,255,255,255
3,31,41,51,1995,255,255,255
3,31,42,51,1996,255,255,255
3,31,43,51,1997,255,255,255
3,31,44,51,1998,255,255,255
3,31,45,51,1999,255,255,255
3,31,46,51,2000,255,255,255
3,31,47,51,2001,255,255,255
3,31,48,51,2002,255,255,255
3,31,49,51,2003,255,255,255
3,31,50,51,2004,255,255,255
3,31,51,51,2005,255,255,255
3,31,52,51,2006,255,255,255
3,31,53,51,2007,255,255,255
3,31,54,51,2008,255,255,255
3,31,55,51,2009,255,255,255
3,31,56,51,2010,255,255,255
3,31,57,51,2011,255,255,255
3,31,58,51,2012,255,255,255
3,31,59,51,2013,255,255,255
3,31,60,51,2014,255,255,255
3,31,61,51,2015,255,255,255
3,31,62,51,2016,255,255,255
3,31,63,51,2017,255,255,255
3,31,64,51,2018,255,255,255
3,31,65,51,2019,255,255,255
3,31,66,51,2020,255,255,255
3,31,67,51,2021,255,255,255
3,31,68,51,2022,253,253,253
3,32,0,52,1954,255,255,255
3,32,1,52,1955,255,255,255
3,32,2,52,1956,255,255,255
3,32,3,52,1957,255,255,255
3,32,4,52,1958,255,255,255
3,32,5,52,1959,255,255,255
3,32,6,52,1960,255,255,255
3,32,7,52,1961,255,255,255
3,32,8,52,1962,255,255,255
3,32,9,52,1963,255,255,255
3,32,10,52,1964,255,255,255
3,32,11,52,1965,255,255,255
3,32,12,52,1966,255,255,255
3,32,13,52,1967,255,255,255
3,32,14,52,1968,255,255,255
3,32,15,52,1969,255,255,255
3,32,16,52,1970,255,255,255
3,32,17,52,1971,255,255,255
3,32,18,52,1972,255,255,255
3,32,19,52,1973,255,255,255
3,32,20,52,1974,255,255,255
3,32,21,52,1975,255,255,255
3,32,22,52,1976,255,255,255
3,32,23,52,1977,255,255,255
3,32,24,52,1978,255,255,255
3,32,25,52,1979,255,255,255
3,32,26,52,1980,255,255,255
3,32,27,52,1981,255,255,255
3,32,28,52,1982,255,255,255
3,32,29,52,1983,255,255,255
3,32,30,52,1984,255,255,255
3,32,31,52,1985,255,255,255
3,32,32,52,1986,255,255,255
3,32,33,52,1987,255,255,255
3,32,34,52,1988,255,255,255
3,32,35,52,1989,255,255,255
3,32,36,52,1990,255,255,255
3,32,37,52,1991,255,255,255
3,32,38,52,1992,255,255,255
3,32,39,52,1993,255,255,255
3,32,40,52,1994,255,255,255
3,32,41,52,1995,255,255,255
3,32,42,52,1996,255,255,255
3,32,43,52,1997,255,255,255
3,32,44,52,1998,255,255,255
3,32,45,52,1999,255,255,255
3,32,46,52,2000,255,255,255
3,32,47,52,2001,255,255,255
3,32,48,52,2002,255,255,255
3,32,49,52,2003,255,255,255
3,32,50,52,2004,255,255,255
3,32,51,52,2005,255,255,255
3,32,52,52,2006,255,255,255
3,32,53,52,2007,255,255,255
3,32,54,52,2008,255,255,255
3,32,55,52,2009,255,255,255
3,32,56,52,2010,255,255,255
3,32,57,52,2011,255,255,255
3,32,58,52,2012,255,255,255
3,32,59,52,2013,255,255,255
3,32,60,52,2014,255,255,255
3,32,61,52,2015,255,255,255
3,32,62,52,2016,255,255,255
3,32,63,52,2017,255,255,255
3,32,64,52,2018,255,255,255
3,32,65,52,2019,255,255,255
3,32,66,52,2020,255,255,255
3,32,67,52,2021,255,255,255
3,32,68,52,2022,253,253,253
3,33,0,53,1954,255,255,255
3,33,1,53,1955,255,255,255
3,33,2,53,1956,255,255,255
3,33,3,53,1957,255,255,255
3,33,4,53,1958,255,255,255
3,33,5,53,1959,255,255,255
3,33,6,53,1960,255,255,255
3,33,7,53,1961,255,255,255
3,33,8,53,1962,255,255,255
3,33,9,53,1963,255,255,255
3,33,10,53,1964,255,255,255
3,33,11,53,1965,255,255,255
3,33,12,53,1966,255,255,255
3,33,13,53,1967,255,255,255
3,33,14,53,1968,255,255,255
3,33,15,53,1969,255,255,255
3,33,16,53,1970,255,255,255
3,33,17,53,1971,255,255,255
3,33,18,53,1972,255,255,255
3,33,19,53,1973,255,255,255
3,33,20,53,1974,255,255,255
3,33,21,53,1975,255,255,255
3,33,22,53,1976,255,255,255
3,33,23,53,1977,255,255,255
3,33,24,53,1978,255,255,255
3,33,25,53,1979,255,255,255
3,33,26,53,1980,255,255,255
3,33,27,53,1981,255,255,255
3,33,28,53,1982,255,255,255
3,33,29,53,1983,255,255,255
3,33,30,53,1984,255,255,255
3,33,31,53,1985,255,255,255
3,33,32,53,1986,255,255,255
3,33,33,53,1987,255,255,255
3,33,34,53,1988,255,255,255
3,33,35,53,1989,255,255,255
3,33,36,53,1990,255,255,255
3,33,37,53,1991,255,255,255
3,33,38,53,1992,255,255,255
3,33,39,53,1993,255,255,255
3,33,40,53,1994,255,255,255
3,33,41,53,1995,255,255,255
3,33,42,53,1996,255,255,255
3,33,43,53,1997,255,255,255
3,33,44,53,1998,255,255,255
3,33,45,53,1999,255,255,255
3,33,46,53,2000,255,255,255
3,33,47,53,2001,255,255,255
3,33,48,53,2002,255,255,255
3,33,49,53,2003,255,255,255
3,33,50,53,2004,255,255,255
3,33,51,53,2005,255,255,255
3,33,52,53,2006,255,255,255
3,33,53,53,2007,255,255,255
3,33,54,53,2008,255,255,255
3,33,55,53,2009,255,255,255
3,33,56,53,2010,255,255,255
3,33,57,53,2011,255,255,255
3,33,58,53,2012,255,255,255
3,33,59,53,2013,255,255,255
3,33,60,53,2014,255,255,255
3,33,61,53,2015,255,255,255
3,33,62,53,2016,255,255,255
3,33,63,53,2017,255,255,255
3,33,64,53,2018,255,255,255
3,33,65,53,2019,255,255,255
3,33,66,53,2020,255,255,255
3,33,67,53,2021,255,255,255
3,33,68,53,2022,254,254,254
3,34,0,54,1954,255,255,255
3,34,1,54,1955,255,255,255
3,34,2,54,1956,255,255,255
3,34,3,54,1957,255,255,255
3,34,4,54,1958,255,255,255
3,34,5,54,1959,255,255,255
3,34,6,54,1960,255,255,255
3,34,7,54,1961,255,255,255
3,34,8,54,1962,255,255,255
3,34,9,54,1963,255,255,255
3,34,10,54,1964,255,255,255
3,34,11,54,1965,255,255,255
3,34,12,54,1966,255,255,255
3,34,13,54,1967,255,255,255
3,34,14,54,1968,255,255,255
3,34,15,54,1969,255,255,255
3,34,16,54,1970,255,255,255
3,34,17,54,1971,255,255,255
3,34,18,54,1972,255,255,255
3,34,19,54,1973,255,255,255
3,34,20,54,1974,255,255,255
3,34,21,54,1975,255,255,255
3,34,22,54,1976,255,255,255
3,34,23,54,1977,255,255,255
3,34,24,54,1978,255,255,255
3,34,25,54,1979,255,255,255
3,34,26,54,1980,255,255,255
3,34,27,54,1981,255,255,255
3,34,28,54,1982,255,255,255
3,34,29,54,1983,255,255,255
3,34,30,54,1984,255,255,255
3,34,31,54,1985,255,255,255
3,34,32,54,1986,255,255,255
3,34,33,54,1987,255,255,255
3,34,34,54,1988,255,255,255
3,34,35,54,1989,255,255,255
3,34,36,54,1990,255,255,255
3,34,37,54,1991,255,255,255
3,34,38,54,1992,255,255,255
3,34,39,54,1993,255,255,255
3,34,40,54,1994,255,255,255
3,34,41,54,1995,255,255,255
3,34,42,54,1996,255,255,255
3,34,43,54,1997,255,255,255
3,34,44,54,1998,255,255,255
3,34,45,54,1999,255,255,255
3,34,46,54,2000,255,255,255
3,34,47,54,2001,255,255,255
3,34,48,54,2002,255,255,255
3,34,49,54,2003,255,255,255
3,34,50,54,2004,255,255,255
3,34,51,54,2005,255,255,255
3,34,52,54,2006,255,255,255
3,34,53,54,2007,255,255,255
3,34,54,54,2008,255,255,255
3,34,55,54,2009,255,255,255
3,34,56,54,2010,255,255,255
3,34,57,54,2011,255,255,255
3,34,58,54,2012,255,255,255
3,34,59,54,2013,255,255,255
3,34,60,54,2014,255,255,255
3,34,61,54,2015,255,255,255
3,34,62,54,2016,255,255,255
3,34,63,54,2017,255,255,255
3,34,64,54,2018,255,255,255
3,34,65,54,2019,255,255,255
3,34,66,54,2020,255,255,255
3,34,67,54,2021,255,255,255
3,34,68,54,2022,254,254,254
3,35,0,55,1954,255,255,255
3,35,1,55,1955,255,255,255
3,35,2,55,1956,255,255,255
3,35,3,55,1957,255,255,255
3,35,4,55,1958,255,255,255
3,35,5,55,1959,255,255,255
3,35,6,55,1960,255,255,255
3,35,7,55,1961,255,255,255
3,35,8,55,1962,255,255,255
3,35,9,55,1963,255,255,255
3,35,10,55,1964,255,255,255
3,35,11,55,1965,255,255,255
3,35,12,55,1966,255,255,255
3,35,13,55,1967,255,255,255
3,35,14,55,1968,255,255,255
3,35,15,55,1969,255,255,255
3,35,16,55,1970,255,255,255
3,35,17,55,1971,255,255,255
3,35,18,55,1972,255,255,255
3,35,19,55,1973,255,255,255
3,35,20,55,1974,255,255,255
3,35,21,55,1975,255,255,255
3,35,22,55,1976,255,255,255
3,35,23,55,1977,255,255,255
3,35,24,55,1978,255,255,255
3,35,25,55,1979,255,255,255
3,35,26,55,1980,255,255,255
3,35,27,55,1981,255,255,255
3,35,28,55,1982,255,255,255
3,35,29,55,1983,255,255,255
3,35,30,55,1984,255,255,255
3,35,31,55,1985,255,255,255
3,35,32,55,1986,255,255,255
3,35,33,55,1987,255,255,255
3,35,34,55,1988,255,255,255
3,35,35,55,1989,255,255,255
3,35,36,55,1990,255,255,255
3,35,37,55,1991,255,255,255
3,35,38,55,1992,255,255,255
3,35,39,55,1993,255,255,255
3,35,40,55,1994,255,255,255
3,35,41,55,1995,255,255,255
3,35,42,55,1996,255,255,255
3,35,43,55,1997,255,255,255
3,35,44,55,1998,255,255,255
3,35,45,55,1999,255,255,255
3,35,46,55,2000,255,255,255
3,35,47,55,2001,255,255,255
3,35,48,55,2002,255,255,255
3,35,49,55,2003,255,255,255
3,35,50,55,2004,255,255,255
3,35,51,55,2005,255,255,255
3,35,52,55,2006,255,255,255
3,35,53,55,2007,255,255,255
3,35,54,55,2008,255,255,255
3,35,55,55,2009,255,255,255
3,35,56,55,2010,255,255,255
3,35,57,55,2011,255,255,255
3,35,58,55,2012,255,255,255
3,35,59,55,2013,255,255,255
3,35,60,55,2014,255,255,255
3,35,61,55,2015,255,255,255
3,35,62,55,2016,255,255,255
3,35,63,55,2017,255,255,255
3,35,64,55,2018,255,255,255
3,35,65,55,2019,255,255,255
3,35,66,55,2020,255,255,255
3,35,67,55,2021,255,255,255
3,35,68,55,2022,253,253,253
3,36,0,56,1954,255,255,255
3,36,1,56,1955,255,255,255
3,36,2,56,1956,255,255,255
3,36,3,56,1957,255,255,255
3,36,4,56,1958,255,255,255
3,36,5,56,1959,255,255,255
3,36,6,56,1960,255,255,255
3,36,7,56,1961,255,255,255
3,36,8,56,1962,255,255,255
3,36,9,56,1963,255,255,255
3,36,10,56,1964,255,255,255
3,36,11,56,1965,255,255,255
3,36,12,56,1966,255,255,255
3,36,13,56,1967,255,255,255
3,36,14,56,1968,255,255,255
3,36,15,56,1969,255,255,255
3,36,16,56,1970,255,255,255
3,36,17,56,1971,255,255,255
3,36,18,56,1972,255,255,255
3,36,19,56,1973,255,255,255
3,36,20,56,1974,255,255,255
3,36,21,56,1975,255,255,255
3,36,22,56,1976,255,255,255
3,36,23,56,1977,255,255,255
3,36,24,56,1978,255,255,255
3,36,25,56,1979,255,255,255
3,36,26,56,1980,255,255,255
3,36,27,56,1981,255,255,255
3,36,28,56,1982,255,255,255
3,36,29,56,1983,255,255,255
3,36,30,56,1984,255,255,255
3,36,31,56,1985,255,255,255
3,36,32,56,1986,255,255,255
3,36,33,56,1987,255,255,255
3,36,34,56,1988,255,255,255
3,36,35,56,1989,255,255,255
3,36,36,56,1990,255,255,255
3,36,37,56,1991,255,255,255
3,36,38,56,1992,255,255,255
3,36,39,56,1993,255,255,255
3,36,40,56,1994,255,255,255
3,36,41,56,1995,255,255,255
3,36,42,56,1996,255,255,255
3,36,43,56,1997,255,255,255
3,36,44,56,1998,255,255,255
3,36,45,56,1999,255,255,255
3,36,46,56,2000,255,255,255
3,36,47,56,2001,255,255,255
3,36,48,56,2002,255,255,255
3,36,49,56,2003,255,255,255
3,36,50,56,2004,255,255,255
3,36,51,56,2005,255,255,255
3,36,52,56,2006,255,255,255
3,36,53,56,2007,255,255,255
3,36,54,56,2008,255,255,255
3,36,55,56,2009,255,255,255
3,36,56,56,2010,255,255,255
3,36,57,56,2011,255,255,255
3,36,58,56,2012,255,255,255
3,36,59,56,2013,255,255,255
3,36,60,56,2014,255,255,255
3,36,61,56,2015,255,255,255
3,36,62,56,2016,255,255,255
3,36,63,56,2017,255,255,255
3,36,64,56,2018,255,255,255
3,36,65,56,2019,255,255,255
3,36,66,56,2020,255,255,255
3,36,67,56,2021,255,255,255
3,36,68,56,2022,253,253,253
3,37,0,57,1954,255,255,255
3,37,1,57,1955,255,255,255
3,37,2,57,1956,255,255,255
3,37,3,57,1957,255,255,255
3,37,4,57,1958,255,255,255
3,37,5,57,1959,255,255,255
3,37,6,57,1960,255,255,255
3,37,7,57,1961,255,255,255
3,37,8,57,1962,255,255,255
3,37,9,57,1963,255,255,255
3,37,10,57,1964,255,255,255
3,37,11,57,1965,255,255,255
3,37,12,57,1966,255,255,255
3,37,13,57,1967,255,255,255
3,37,14,57,1968,255,255,255
3,37,15,57,1969,255,255,255
3,37,16,57,1970,255,255,255
3,37,17,57,1971,255,255,255
3,37,18,57,1972,255,255,255
3,37,19,57,1973,255,255,255
3,37,20,57,1974,255,255,255
3,37,21,57,1975,255,255,255
3,37,22,57,1976,255,255,255
3,37,23,57,1977,255,255,255
3,37,24,57,1978,255,255,255
3,37,25,57,1979,255,255,255
3,37,26,57,1980,255,255,255
3,37,27,57,1981,255,255,255
3,37,28,57,1982,255,255,255
3,37,29,57,1983,255,255,255
3,37,30,57,1984,255,255,255
3,37,31,57,1985,255,255,255
3,37,32,57,1986,255,255,255
3,37,33,57,1987,255,255,255
3,37,34,57,1988,255,255,255
3,37,35,57,1989,255,255,255
3,37,36,57,1990,255,255,255
3,37,37,57,1991,255,255,255
3,37,38,57,1992,255,255,255
3,37,39,57,1993,255,255,255
3,37,40,57,1994,255,255,255
3,37,41,57,1995,255,255,255
3,37,42,57,1996,255,255,255
3,37,43,57,1997,255,255,255
3,37,44,57,1998,255,255,255
3,37,45,57,1999,255,255,255
3,37,46,57,2000,255,255,255
3,37,47,57,2001,255,255,255
3,37,48,57,2002,255,255,255
3,37,49,57,2003,255,255,255
3,37,50,57,2004,255,255,255
3,37,51,57,2005,255,255,255
3,37,52,57,2006,255,255,255
3,37,53,57,2007,255,255,255
3,37,54,57,2008,255,255,255
3,37,55,57,2009,255,255,255
3,37,56,57,2010,255,255,255
3,37,57,57,2011,255,255,255
3,37,58,57,2012,255,255,255
3,37,59,57,2013,255,255,255
3,37,60,57,2014,255,255,255
3,37,61,57,2015,255,255,255
3,37,62,57,2016,255,255,255
3,37,63,57,2017,255,255,255
3,37,64,57,2018,255,255,255
3,37,65,57,2019,255,255,255
3,37,66,57,2020,255,255,255
3,37,67,57,2021,255,255,255
3,37,68,57,2022,254,254,254
3,38,0,58,1954,255,255,255
3,38,1,58,1955,255,255,255
3,38,2,58,1956,255,255,255
3,38,3,58,1957,255,255,255
3,38,4,58,1958,255,255,255
3,38,5,58,1959,255,255,255
3,38,6,58,1960,255,255,255
3,38,7,58,1961,255,255,255
3,38,8,58,1962,255,255,255
3,38,9,58,1963,255,255,255
3,38,10,58,1964,255,255,255
3,38,11,58,1965,255,255,255
3,38,12,58,1966,255,255,255
3,38,13,58,1967,255,255,255
3,38,14,58,1968,255,255,255
3,38,15,58,1969,255,255,255
3,38,16,58,1970,255,255,255
3,38,17,58,1971,255,255,255
3,38,18,58,1972,255,255,255
3,38,19,58,1973,255,255,255
3,38,20,58,1974,255,255,255
3,38,21,58,1975,255,255,255
3,38,22,58,1976,255,255,255
3,38,23,58,1977,255,255,255
3,38,24,58,1978,255,255,255
3,38,25,58,1979,255,255,255
3,38,26,58,1980,255,255,255
3,38,27,58,1981,255,255,255
3,38,28,58,1982,255,255,255
3,38,29,58,1983,255,255,255
3,38,30,58,1984,255,255,255
3,38,31,58,1985,255,255,255
3,38,32,58,1986,255,255,255
3,38,33,58,1987,255,255,255
3,38,34,58,1988,255,255,255
3,38,35,58,1989,255,255,255
3,38,36,58,1990,255,255,255
3,38,37,58,1991,255,255,255
3,38,38,58,1992,255,255,255
3,38,39,58,1993,255,255,255
3,38,40,58,1994,255,255,255
3,38,41,58,1995,255,255,255
3,38,42,58,1996,255,255,255
3,38,43,58,1997,255,255,255
3,38,44,58,1998,255,255,255
3,38,45,58,1999,255,255,255
3,38,46,58,2000,255,255,255
3,38,47,58,2001,255,255,255
3,38,48,58,2002,255,255,255
3,38,49,58,2003,255,255,255
3,38,50,58,2004,255,255,255
3,38,51,58,2005,255,255,255
3,38,52,58,2006,255,255,255
3,38,53,58,2007,255,255,255
3,38,54,58,2008,255,255,255
3,38,55,58,2009,255,255,255
3,38,56,58,2010,255,255,255
3,38,57,58,2011,255,255,255
3,38,58,58,2012,255,255,255
3,38,59,58,2013,255,255,255
3,38,60,58,2014,255,255,255
3,38,61,58,2015,255,255,255
3,38,62,58,2016,255,255,255
3,38,63,58,2017,255,255,255
3,38,64,58,2018,255,255,255
3,38,65,58,2019,255,255,255
3,38,66,58,2020,255,255,255
3,38,67,58,2021,255,255,255
3,38,68,58,2022,254,254,254
3,39,0,59,1954,255,255,255
3,39,1,59,1955,255,255,255
3,39,2,59,1956,255,255,255
3,39,3,59,1957,255,255,255
3,39,4,59,1958,255,255,255
3,39,5,59,1959,255,255,255
3,39,6,59,1960,255,255,255
3,39,7,59,1961,255,255,255
3,39,8,59,1962,255,255,255
3,39,9,59,1963,255,255,255
3,39,10,59,1964,255,255,255
3,39,11,59,1965,255,255,255
3,39,12,59,1966,255,255,255
3,39,13,59,1967,255,255,255
3,39,14,59,1968,255,255,255
3,39,15,59,1969,255,255,255
3,39,16,59,1970,255,255,255
3,39,17,59,1971,255,255,255
3,39,18,59,1972,255,255,255
3,39,19,59,1973,255,255,255
3,39,20,59,1974,255,255,255
3,39,21,59,1975,255,255,255
3,39,22,59,1976,255,255,255
3,39,23,59,1977,255,255,255
3,39,24,59,1978,255,255,255
3,39,25,59,1979,255,255,255
3,39,26,59,1980,255,255,255
3,39,27,59,1981,255,255,255
3,39,28,59,1982,255,255,255
3,39,29,59,1983,255,255,255
3,39,30,59,1984,255,255,255
3,39,31,59,1985,255,255,255
3,39,32,59,1986,255,255,255
3,39,33,59,1987,255,255,255
3,39,34,59,1988,255,255,255
3,39,35,59,1989,255,255,255
3,39,36,59,1990,255,255,255
3,39,37,59,1991,255,255,255
3,39,38,59,1992,255,255,255
3,39,39,59,1993,255,255,255
3,39,40,59,1994,255,255,255
3,39,41,59,1995,255,255,255
3,39,42,59,1996,255,255,255
3,39,43,59,1997,255,255,255
3,39,44,59,1998,255,255,255
3,39,45,59,1999,255,255,255
3,39,46,59,2000,255,255,255
3,39,47,59,2001,255,255,255
3,39,48,59,2002,255,255,255
3,39,49,59,2003,255,255,255
3,39,50,59,2004,255,255,255
3,39,51,59,2005,255,255,255
3,39,52,59,2006,255,255,255
3,39,53,59,2007,255,255,255
3,39,54,59,2008,255,255,255
3,39,55,59,2009,255,255,255
3,39,56,59,2010,255,255,255
3,39,57,59,2011,255,255,255
3,39,58,59,2012,255,255,255
3,39,59,59,2013,255,255,255
3,39,60,59,2014,255,255,255
3,39,61,59,2015,255,255,255
3,39,62,59,2016,255,255,255
3,39,63,59,2017,255,255,255
3,39,64,59,2018,255,255,255
3,39,65,59,2019,255,255,255
3,39,66,59,2020,255,255,255
3,39,67,59,2021,255,255,255
3,39,68,59,2022,251,251,251
3,40,0,60,1954,255,255,255
3,40,1,60,1955,255,255,255
3,40,2,60,1956,255,255,255
3,40,3,60,1957,255,255,255
3,40,4,60,1958,255,255,255
3,40,5,60,1959,255,255,255
3,40,6,60,1960,255,255,255
3,40,7,60,1961,255,255,255
3,40,8,60,1962,255,255,255
3,40,9,60,1963,255,255,255
3,40,10,60,1964,255,255,255
3,40,11,60,1965,255,255,255
3,40,12,60,1966,255,255,255
3,40,13,60,1967,255,255,255
3,40,14,60,1968,255,255,255
3,40,15,60,1969,255,255,255
3,40,16,60,1970,255,255,255
3,40,17,60,1971,255,255,255
3,40,18,60,1972,255,255,255
3,40,19,60,1973,255,255,255
3,40,20,60,1974,255,255,255
3,40,21,60,1975,255,255,255
3,40,22,60,1976,255,255,255
3,40,23,60,1977,255,255,255
3,40,24,60,1978,255,255,255
3,40,25,60,1979,255,255,255
3,40,26,60,1980,255,255,255
3,40,27,60,1981,255,255,255
3,40,28,60,1982,255,255,255
3,40,29,60,1983,255,255,255
3,40,30,60,1984,255,255,255
3,40,31,60,1985,255,255,255
3,40,32,60,1986,255,255,255
3,40,33,60,1987,255,255,255
3,40,34,60,1988,255,255,255
3,40,35,60,1989,255,255,255
3,40,36,60,1990,255,255,255
3,40,37,60,1991,255,255,255
3,40,38,60,1992,255,255,255
3,40,39,60,1993,255,255,255
3,40,40,60,1994,255,255,255
3,40,41,60,1995,255,255,255
3,40,42,60,1996,255,255,255
3,40,43,60,1997,255,255,255
3,40,44,60,1998,255,255,255
3,40,45,60,1999,255,255,255
3,40,46,60,2000,255,255,255
3,40,47,60,2001,255,255,255
3,40,48,60,2002,255,255,255
3,40,49,60,2003,255,255,255
3,40,50,60,2004,255,255,255
3,40,51,60,2005,255,255,255
3,40,52,60,2006,255,255,255
3,40,53,60,2007,255,255,255
3,40,54,60,2008,255,255,255
3,40,55,60,2009,255,255,255
3,40,56,60,2010,255,255,255
3,40,57,60,2011,255,255,255
3,40,58,60,2012,255,255,255
3,40,59,60,2013,255,255,255
3,40,60,60,2014,255,255,255
3,40,61,60,2015,255,255,255
3,40,62,60,2016,255,255,255
3,40,63,60,2017,255,255,255
3,40,64,60,2018,255,255,255
3,40,65,60,2019,255,255,255
3,40,66,60,2020,255,255,255
3,40,67,60,2021,255,255,255
3,40,68,60,2022,247,247,247
3,41,0,61,1954,255,255,255
3,41,1,61,1955,255,255,255
3,41,2,61,1956,255,255,255
3,41,3,61,1957,255,255,255
3,41,4,61,1958,255,255,255
3,41,5,61,1959,255,255,255
3,41,6,61,1960,255,255,255
3,41,7,61,1961,255,255,255
3,41,8,61,1962,255,255,255
3,41,9,61,1963,255,255,255
3,41,10,61,1964,255,255,255
3,41,11,61,1965,255,255,255
3,41,12,61,1966,255,255,255
3,41,13,61,1967,255,255,255
3,41,14,61,1968,255,255,255
3,41,15,61,1969,255,255,255
3,41,16,61,1970,255,255,255
3,41,17,61,1971,255,255,255
3,41,18,61,1972,255,255,255
3,41,19,61,1973,255,255,255
3,41,20,61,1974,255,255,255
3,41,21,61,1975,255,255,255
3,41,22,61,1976,255,255,255
3,41,23,61,1977,255,255,255
3,41,24,61,1978,255,255,255
3,41,25,61,1979,255,255,255
3,41,26,61,1980,255,255,255
3,41,27,61,1981,255,255,255
3,41,28,61,1982,255,255,255
3,41,29,61,1983,255,255,255
3,41,30,61,1984,255,255,255
3,41,31,61,1985,255,255,255
3,41,32,61,1986,255,255,255
3,41,33,61,1987,255,255,255
3,41,34,61,1988,255,255,255
3,41,35,61,1989,255,255,255
3,41,36,61,1990,255,255,255
3,41,37,61,1991,255,255,255
3,41,38,61,1992,255,255,255
3,41,39,61,1993,255,255,255
3,41,40,61,1994,255,255,255
3,41,41,61,1995,255,255,255
3,41,42,61,1996,255,255,255
3,41,43,61,1997,255,255,255
3,41,44,61,1998,255,255,255
3,41,45,61,1999,255,255,255
3,41,46,61,2000,255,255,255
3,41,47,61,2001,255,255,255
3,41,48,61,2002,255,255,255
3,41,49,61,2003,255,255,255
3,41,50,61,2004,255,255,255
3,41,51,61,2005,255,255,255
3,41,52,61,2006,255,255,255
3,41,53,61,2007,255,255,255
3,41,54,61,2008,255,255,255
3,41,55,61,2009,255,255,255
3,41,56,61,2010,255,255,255
3,41,57,61,2011,255,255,255
3,41,58,61,2012,255,255,255
3,41,59,61,2013,255,255,255
3,41,60,61,2014,255,255,255
3,41,61,61,2015,255,255,255
3,41,62,61,2016,255,255,255
3,41,63,61,2017,255,255,255
3,41,64,61,2018,255,255,255
3,41,65,61,2019,255,255,255
3,41,66,61,2020,255,255,255
3,41,67,61,2021,255,255,255
3,41,68,61,2022,253,253,253
3,42,0,62,1954,255,255,255
3,42,1,62,1955,255,255,255
3,42,2,62,1956,255,255,255
3,42,3,62,1957,255,255,255
3,42,4,62,1958,255,255,255
3,42,5,62,1959,255,255,255
3,42,6,62,1960,255,255,255
3,42,7,62,1961,255,255,255
3,42,8,62,1962,255,255,255
3,42,9,62,1963,255,255,255
3,42,10,62,1964,255,255,255
3,42,11,62,1965,255,255,255
3,42,12,62,1966,255,255,255
3,42,13,62,1967,255,255,255
3,42,14,62,1968,255,255,255
3,42,15,62,1969,255,255,255
3,42,16,62,1970,255,255,255
3,42,17,62,1971,255,255,255
3,42,18,62,1972,255,255,255
3,42,19,62,1973,255,255,255
3,42,20,62,1974,255,255,255
3,42,21,62,1975,255,255,255
3,42,22,62,1976,255,255,255
3,42,23,62,1977,255,255,255
3,42,24,62,1978,255,255,255
3,42,25,62,1979,255,255,255
3,42,26,62,1980,255,255,255
3,42,27,62,1981,255,255,255
3,42,28,62,1982,255,255,255
3,42,29,62,1983,255,255,255
3,42,30,62,1984,255,255,255
3,42,31,62,1985,255,255,255
3,42,32,62,1986,255,255,255
3,42,33,62,1987,255,255,255
3,42,34,62,1988,255,255,255
3,42,35,62,1989,255,255,255
3,42,36,62,1990,255,255,255
3,42,37,62,1991,255,255,255
3,42,38,62,1992,255,255,255
3,42,39,62,1993,255,255,255
3,42,40,62,1994,255,255,255
3,42,41,62,1995,255,255,255
3,42,42,62,1996,255,255,255
3,42,43,62,1997,255,255,255
3,42,44,62,1998,255,255,255
3,42,45,62,1999,255,255,255
3,42,46,62,2000,255,255,255
3,42,47,62,2001,255,255,255
3,42,48,62,2002,255,255,255
3,42,49,62,2003,255,255,255
3,42,50,62,2004,255,255,255
3,42,51,62,2005,255,255,255
3,42,52,62,2006,255,255,255
3,42,53,62,2007,255,255,255
3,42,54,62,2008,255,255,255
3,42,55,62,2009,255,255,255
3,42,56,62,2010,255,255,255
3,42,57,62,2011,255,255,255
3,42,58,62,2012,255,255,255
3,42,59,62,2013,255,255,255
3,42,60,62,2014,255,255,255
3,42,61,62,2015,255,255,255
3,42,62,62,2016,255,255,255
3,42,63,62,2017,255,255,255
3,42,64,62,2018,255,255,255
3,42,65,62,2019,255,255,255
3,42,66,62,2020,255,255,255
3,42,67,62,2021,255,255,255
3,42,68,62,2022,254,254,254
3,43,0,63,1954,255,255,255
3,43,1,63,1955,255,255,255
3,43,2,63,1956,255,255,255
3,43,3,63,1957,255,255,255
3,43,4,63,1958,255,255,255
3,43,5,63,1959,255,255,255
3,43,6,63,1960,255,255,255
3,43,7,63,1961,255,255,255
3,43,8,63,1962,255,255,255
3,43,9,63,1963,255,255,255
3,43,10,63,1964,255,255,255
3,43,11,63,1965,255,255,255
3,43,12,63,1966,255,255,255
3,43,13,63,1967,255,255,255
3,43,14,63,1968,255,255,255
3,43,15,63,1969,255,255,255
3,43,16,63,1970,255,255,255
3,43,17,63,1971,255,255,255
3,43,18,63,1972,255,255,255
3,43,19,63,1973,255,255,255
3,43,20,63,1974,255,255,255
3,43,21,63,1975,255,255,255
3,43,22,63,1976,255,255,255
3,43,23,63,1977,255,255,255
3,43,24,63,1978,255,255,255
3,43,25,63,1979,255,255,255
3,43,26,63,1980,255,255,255
3,43,27,63,1981,255,255,255
3,43,28,63,1982,255,255,255
3,43,29,63,1983,255,255,255
3,43,30,63,1984,255,255,255
3,43,31,63,1985,255,255,255
3,43,32,63,1986,255,255,255
3,43,33,63,1987,255,255,255
3,43,34,63,1988,255,255,255
3,43,35,63,1989,255,255,255
3,43,36,63,1990,255,255,255
3,43,37,63,1991,255,255,255
3,43,38,63,1992,255,255,255
3,43,39,63,1993,255,255,255
3,43,40,63,1994,255,255,255
3,43,41,63,1995,255,255,255
3,43,42,63,1996,255,255,255
3,43,43,63,1997,255,255,255
3,43,44,63,1998,255,255,255
3,43,45,63,1999,255,255,255
3,43,46,63,2000,255,255,255
3,43,47,63,2001,255,255,255
3,43,48,63,2002,255,255,255
3,43,49,63,2003,255,255,255
3,43,50,63,2004,255,255,255
3,43,51,63,2005,255,255,255
3,43,52,63,2006,255,255,255
3,43,53,63,2007,255,255,255
3,43,54,63,2008,255,255,255
3,43,55,63,2009,255,255,255
3,43,56,63,2010,255,255,255
3,43,57,63,2011,255,255,255
3,43,58,63,2012,255,255,255
3,43,59,63,2013,255,255,255
3,43,60,63,2014,255,255,255
3,43,61,63,2015,255,255,255
3,43,62,63,2016,255,255,255
3,43,63,63,2017,255,255,255
3,43,64,63,2018,255,255,255
3,43,65,63,2019,255,255,255
3,43,66,63,2020,255,255,255
3,43,67,63,2021,255,255,255
3,43,68,63,2022,253,253,253
3,44,0,64,1954,255,255,255
3,44,1,64,1955,255,255,255
3,44,2,64,1956,255,255,255
3,44,3,64,1957,255,255,255
3,44,4,64,1958,255,255,255
3,44,5,64,1959,255,255,255
3,44,6,64,1960,255,255,255
3,44,7,64,1961,255,255,255
3,44,8,64,1962,255,255,255
3,44,9,64,1963,255,255,255
3,44,10,64,1964,255,255,255
3,44,11,64,1965,255,255,255
3,44,12,64,1966,255,255,255
3,44,13,64,1967,255,255,255
3,44,14,64,1968,255,255,255
3,44,15,64,1969,255,255,255
3,44,16,64,1970,255,255,255
3,44,17,64,1971,255,255,255
3,44,18,64,1972,255,255,255
3,44,19,64,1973,255,255,255
3,44,20,64,1974,255,255,255
3,44,21,64,1975,255,255,255
3,44,22,64,1976,255,255,255
3,44,23,64,1977,255,255,255
3,44,24,64,1978,255,255,255
3,44,25,64,1979,255,255,255
3,44,26,64,1980,255,255,255
3,44,27,64,1981,255,255,255
3,44,28,64,1982,255,255,255
3,44,29,64,1983,255,255,255
3,44,30,64,1984,255,255,255
3,44,31,64,1985,255,255,255
3,44,32,64,1986,255,255,255
3,44,33,64,1987,255,255,255
3,44,34,64,1988,255,255,255
3,44,35,64,1989,255,255,255
3,44,36,64,1990,255,255,255
3,44,37,64,1991,255,255,255
3,44,38,64,1992,255,255,255
3,44,39,64,1993,255,255,255
3,44,40,64,1994,255,255,255
3,44,41,64,1995,255,255,255
3,44,42,64,1996,255,255,255
3,44,43,64,1997,255,255,255
3,44,44,64,1998,255,255,255
3,44,45,64,1999,255,255,255
3,44,46,64,2000,255,255,255
3,44,47,64,2001,255,255,255
3,44,48,64,2002,255,255,255
3,44,49,64,2003,255,255,255
3,44,50,64,2004,255,255,255
3,44,51,64,2005,255,255,255
3,44,52,64,2006,255,255,255
3,44,53,64,2007,255,255,255
3,44,54,64,2008,255,255,255
3,44,55,64,2009,255,255,255
3,44,56,64,2010,255,255,255
3,44,57,64,2011,255,255,255
3,44,58,64,2012,255,255,255
3,44,59,64,2013,255,255,255
3,44,60,64,2014,255,255,255
3,44,61,64,2015,255,255,255
3,44,62,64,2016,255,255,255
3,44,63,64,2017,255,255,255
3,44,64,64,2018,255,255,255
3,44,65,64,2019,255,255,255
3,44,66,64,2020,255,255,255
3,44,67,64,2021,255,255,255
3,44,68,64,2022,253,253,253
3,45,0,65,1954,255,255,255
3,45,1,65,1955,255,255,255
3,45,2,65,1956,255,255,255
3,45,3,65,1957,255,255,255
3,45,4,65,1958,255,255,255
3,45,5,65,1959,255,255,255
3,45,6,65,1960,255,255,255
3,45,7,65,1961,255,255,255
3,45,8,65,1962,255,255,255
3,45,9,65,1963,255,255,255
3,45,10,65,1964,255,255,255
3,45,11,65,1965,255,255,255
3,45,12,65,1966,255,255,255
3,45,13,65,1967,255,255,255
3,45,14,65,1968,255,255,255
3,45,15,65,1969,255,255,255
3,45,16,65,1970,255,255,255
3,45,17,65,1971,255,255,255
3,45,18,65,1972,255,255,255
3,45,19,65,1973,255,255,255
3,45,20,65,1974,255,255,255
3,45,21,65,1975,255,255,255
3,45,22,65,1976,255,255,255
3,45,23,65,1977,255,255,255
3,45,24,65,1978,255,255,255
3,45,25,65,1979,255,255,255
3,45,26,65,1980,255,255,255
3,45,27,65,1981,255,255,255
3,45,28,65,1982,255,255,255
3,45,29,65,1983,255,255,255
3,45,30,65,1984,255,255,255
3,45,31,65,1985,255,255,255
3,45,32,65,1986,255,255,255
3,45,33,65,1987,255,255,255
3,45,34,65,1988,255,255,255
3,45,35,65,1989,255,255,255
3,45,36,65,1990,255,255,255
3,45,37,65,1991,255,255,255
3,45,38,65,1992,255,255,255
3,45,39,65,1993,255,255,255
3,45,40,65,1994,255,255,255
3,45,41,65,1995,255,255,255
3,45,42,65,1996,255,255,255
3,45,43,65,1997,255,255,255
3,45,44,65,1998,255,255,255
3,45,45,65,1999,255,255,255
3,45,46,65,2000,255,255,255
3,45,47,65,2001,255,255,255
3,45,48,65,2002,255,255,255
3,45,49,65,2003,255,255,255
3,45,50,65,2004,255,255,255
3,45,51,65,2005,255,255,255
3,45,52,65,2006,255,255,255
3,45,53,65,2007,255,255,255
3,45,54,65,2008,255,255,255
3,45,55,65,2009,255,255,255
3,45,56,65,2010,255,255,255
3,45,57,65,2011,255,255,255
3,45,58,65,2012,255,255,255
3,45,59,65,2013,255,255,255
3,45,60,65,2014,255,255,255
3,45,61,65,2015,255,255,255
3,45,62,65,2016,255,255,255
3,45,63,65,2017,255,255,255
3,45,64,65,2018,255,255,255
3,45,65,65,2019,255,255,255
3,45,66,65,2020,255,255,255
3,45,67,65,2021,255,255,255
3,45,68,65,2022,254,254,254
3,46,0,66,1954,255,255,255
3,46,1,66,1955,255,255,255
3,46,2,66,1956,255,255,255
3,46,3,66,1957,255,255,255
3,46,4,66,1958,255,255,255
3,46,5,66,1959,255,255,255
3,46,6,66,1960,255,255,255
3,46,7,66,1961,255,255,255
3,46,8,66,1962,255,255,255
3,46,9,66,1963,255,255,255
3,46,10,66,1964,255,255,255
3,46,11,66,1965,255,255,255
3,46,12,66,1966,255,255,255
3,46,13,66,1967,255,255,255
3,46,14,66,1968,255,255,255
3,46,15,66,1969,255,255,255
3,46,16,66,1970,255,255,255
3,46,17,66,1971,255,255,255
3,46,18,66,1972,255,255,255
3,46,19,66,1973,255,255,255
3,46,20,66,1974,255,255,255
3,46,21,66,1975,255,255,255
3,46,22,66,1976,255,255,255
3,46,23,66,1977,255,255,255
3,46,24,66,1978,255,255,255
3,46,25,66,1979,255,255,255
3,46,26,66,1980,255,255,255
3,46,27,66,1981,255,255,255
3,46,28,66,1982,255,255,255
3,46,29,66,1983,255,255,255
3,46,30,66,1984,255,255,255
3,46,31,66,1985,255,255,255
3,46,32,66,1986,255,255,255
3,46,33,66,1987,255,255,255
3,46,34,66,1988,255,255,255
3,46,35,66,1989,255,255,255
3,46,36,66,1990,255,255,255
3,46,37,66,1991,255,255,255
3,46,38,66,1992,255,255,255
3,46,39,66,1993,255,255,255
3,46,40,66,1994,255,255,255
3,46,41,66,1995,255,255,255
3,46,42,66,1996,255,255,255
3,46,43,66,1997,255,255,255
3,46,44,66,1998,255,255,255
3,46,45,66,1999,255,255,255
3,46,46,66,2000,255,255,255
3,46,47,66,2001,255,255,255
3,46,48,66,2002,255,255,255
3,46,49,66,2003,255,255,255
3,46,50,66,2004,255,255,255
3,46,51,66,2005,255,255,255
3,46,52,66,2006,255,255,255
3,46,53,66,2007,255,255,255
3,46,54,66,2008,255,255,255
3,46,55,66,2009,255,255,255
3,46,56,66,2010,255,255,255
3,46,57,66,2011,255,255,255
3,46,58,66,2012,255,255,255
3,46,59,66,2013,255,255,255
3,46,60,66,2014,255,255,255
3,46,61,66,2015,255,255,255
3,46,62,66,2016,255,255,255
3,46,63,66,2017,255,255,255
3,46,64,66,2018,255,255,255
3,46,65,66,2019,255,255,255
3,46,66,66,2020,255,255,255
3,46,67,66,2021,255,255,255
3,46,68,66,2022,254,254,254
3,47,0,67,1954,255,255,255
3,47,1,67,1955,255,255,255
3,47,2,67,1956,255,255,255
3,47,3,67,1957,255,255,255
3,47,4,67,1958,255,255,255
3,47,5,67,1959,255,255,255
3,47,6,67,1960,255,255,255
3,47,7,67,1961,255,255,255
3,47,8,67,1962,255,255,255
3,47,9,67,1963,255,255,255
3,47,10,67,1964,255,255,255
3,47,11,67,1965,255,255,255
3,47,12,67,1966,255,255,255
3,47,13,67,1967,255,255,255
3,47,14,67,1968,255,255,255
3,47,15,67,1969,255,255,255
3,47,16,67,1970,255,255,255
3,47,17,67,1971,255,255,255
3,47,18,67,1972,255,255,255
3,47,19,67,1973,255,255,255
3,47,20,67,1974,255,255,255
3,47,21,67,1975,255,255,255
3,47,22,67,1976,255,255,255
3,47,23,67,1977,255,255,255
3,47,24,67,1978,255,255,255
3,47,25,67,1979,255,255,255
3,47,26,67,1980,255,255,255
3,47,27,67,1981,255,255,255
3,47,28,67,1982,255,255,255
3,47,29,67,1983,255,255,255
3,47,30,67,1984,255,255,255
3,47,31,67,1985,255,255,255
3,47,32,67,1986,255,255,255
3,47,33,67,1987,255,255,255
3,47,34,67,1988,255,255,255
3,47,35,67,1989,255,255,255
3,47,36,67,1990,255,255,255
3,47,37,67,1991,255,255,255
3,47,38,67,1992,255,255,255
3,47,39,67,1993,255,255,255
3,47,40,67,1994,255,255,255
3,47,41,67,1995,255,255,255
3,47,42,67,1996,255,255,255
3,47,43,67,1997,255,255,255
3,47,44,67,1998,255,255,255
3,47,45,67,1999,255,255,255
3,47,46,67,2000,255,255,255
3,47,47,67,2001,255,255,255
3,47,48,67,2002,255,255,255
3,47,49,67,2003,255,255,255
3,47,50,67,2004,255,255,255
3,47,51,67,2005,255,255,255
3,47,52,67,2006,255,255,255
3,47,53,67,2007,255,255,255
3,47,54,67,2008,255,255,255
3,47,55,67,2009,255,255,255
3,47,56,67,2010,255,255,255
3,47,57,67,2011,255,255,255
3,47,58,67,2012,255,255,255
3,47,59,67,2013,255,255,255
3,47,60,67,2014,255,255,255
3,47,61,67,2015,255,255,255
3,47,62,67,2016,255,255,255
3,47,63,67,2017,255,255,255
3,47,64,67,2018,255,255,255
3,47,65,67,2019,255,255,255
3,47,66,67,2020,255,255,255
3,47,67,67,2021,255,255,255
3,47,68,67,2022,253,253,253
3,48,0,68,1954,255,255,255
3,48,1,68,1955,255,255,255
3,48,2,68,1956,255,255,255
3,48,3,68,1957,255,255,255
3,48,4,68,1958,255,255,255
3,48,5,68,1959,255,255,255
3,48,6,68,1960,255,255,255
3,48,7,68,1961,255,255,255
3,48,8,68,1962,255,255,255
3,48,9,68,1963,255,255,255
3,48,10,68,1964,255,255,255
3,48,11,68,1965,255,255,255
3,48,12,68,1966,255,255,255
3,48,13,68,1967,255,255,255
3,48,14,68,1968,255,255,255
3,48,15,68,1969,255,255,255
3,48,16,68,1970,255,255,255
3,48,17,68,1971,255,255,255
3,48,18,68,1972,255,255,255
3,48,19,68,1973,255,255,255
3,48,20,68,1974,255,255,255
3,48,21,68,1975,255,255,255
3,48,22,68,1976,255,255,255
3,48,23,68,1977,255,255,255
3,48,24,68,1978,255,255,255
3,48,25,68,1979,255,255,255
3,48,26,68,1980,255,255,255
3,48,27,68,1981,255,255,255
3,48,28,68,1982,255,255,255
3,48,29,68,1983,255,255,255
3,48,30,68,1984,255,255,255
3,48,31,68,1985,255,255,255
3,48,32,68,1986,255,255,255
3,48,33,68,1987,255,255,255
3,48,34,68,1988,255,255,255
3,48,35,68,1989,255,255,255
3,48,36,68,1990,255,255,255
3,48,37,68,1991,255,255,255
3,48,38,68,1992,255,255,255
3,48,39,68,1993,255,255,255
3,48,40,68,1994,255,255,255
3,48,41,68,1995,255,255,255
3,48,42,68,1996,255,255,255
3,48,43,68,1997,255,255,255
3,48,44,68,1998,255,255,255
3,48,45,68,1999,255,255,255
3,48,46,68,2000,255,255,255
3,48,47,68,2001,255,255,255
3,48,48,68,2002,255,255,255
3,48,49,68,2003,255,255,255
3,48,50,68,2004,255,255,255
3,48,51,68,2005,255,255,255
3,48,52,68,2006,255,255,255
3,48,53,68,2007,255,255,255
3,48,54,68,2008,255,255,255
3,48,55,68,2009,255,255,255
3,48,56,68,2010,255,255,255
3,48,57,68,2011,255,255,255
3,48,58,68,2012,255,255,255
3,48,59,68,2013,255,255,255
3,48,60,68,2014,255,255,255
3,48,61,68,2015,255,255,255
3,48,62,68,2016,255,255,255
3,48,63,68,2017,255,255,255
3,48,64,68,2018,255,255,255
3,48,65,68,2019,255,255,255
3,48,66,68,2020,255,255,255
3,48,67,68,2021,255,255,255
3,48,68,68,2022,254,254,254
3,49,0,69,1954,255,255,255
3,49,1,69,1955,255,255,255
3,49,2,69,1956,255,255,255
3,49,3,69,1957,255,255,255
3,49,4,69,1958,255,255,255
3,49,5,69,1959,255,255,255
3,49,6,69,1960,255,255,255
3,49,7,69,1961,255,255,255
3,49,8,69,1962,255,255,255
3,49,9,69,1963,255,255,255
3,49,10,69,1964,255,255,255
3,49,11,69,1965,255,255,255
3,49,12,69,1966,255,255,255
3,49,13,69,1967,255,255,255
3,49,14,69,1968,255,255,255
3,49,15,69,1969,255,255,255
3,49,16,69,1970,255,255,255
3,49,17,69,1971,255,255,255
3,49,18,69,1972,255,255,255
3,49,19,69,1973,255,255,255
3,49,20,69,1974,255,255,255
3,49,21,69,1975,255,255,255
3,49,22,69,1976,255,255,255
3,49,23,69,1977,255,255,255
3,49,24,69,1978,255,255,255
3,49,25,69,1979,255,255,255
3,49,26,69,1980,255,255,255
3,49,27,69,1981,255,255,255
3,49,28,69,1982,255,255,255
3,49,29,69,1983,255,255,255
3,49,30,69,1984,255,255,255
3,49,31,69,1985,255,255,255
3,49,32,69,1986,255,255,255
3,49,33,69,1987,255,255,255
3,49,34,69,1988,255,255,255
3,49,35,69,1989,255,255,255
3,49,36,69,1990,255,255,255
3,49,37,69,1991,255,255,255
3,49,38,69,1992,255,255,255
3,49,39,69,1993,255,255,255
3,49,40,69,1994,255,255,255
3,49,41,69,1995,255,255,255
3,49,42,69,1996,255,255,255
3,49,43,69,1997,255,255,255
3,49,44,69,1998,255,255,255
3,49,45,69,1999,255,255,255
3,49,46,69,2000,255,255,255
3,49,47,69,2001,255,255,255
3,49,48,69,2002,255,255,255
3,49,49,69,2003,255,255,255
3,49,50,69,2004,255,255,255
3,49,51,69,2005,255,255,255
3,49,52,69,2006,255,255,255
3,49,53,69,2007,255,255,255
3,49,54,69,2008,255,255,255
3,49,55,69,2009,255,255,255
3,49,56,69,2010,255,255,255
3,49,57,69,2011,255,255,255
3,49,58,69,2012,255,255,255
3,49,59,69,2013,255,255,255
3,49,60,69,2014,255,255,255
3,49,61,69,2015,255,255,255
3,49,62,69,2016,255,255,255
3,49,63,69,2017,255,255,255
3,49,64,69,2018,255,255,255
3,49,65,69,2019,255,255,255
3,49,66,69,2020,255,255,255
3,49,67,69,2021,255,255,255
3,49,68,69,2022,248,248,248
3,50,0,70,1954,255,255,255
3,50,1,70,1955,255,255,255
3,50,2,70,1956,255,255,255
3,50,3,70,1957,255,255,255
3,50,4,70,1958,255,255,255
3,50,5,70,1959,255,255,255
3,50,6,70,1960,255,255,255
3,50,7,70,1961,255,255,255
3,50,8,70,1962,255,255,255
3,50,9,70,1963,255,255,255
3,50,10,70,1964,255,255,255
3,50,11,70,1965,255,255,255
3,50,12,70,1966,255,255,255
3,50,13,70,1967,255,255,255
3,50,14,70,1968,255,255,255
3,50,15,70,1969,255,255,255
3,50,16,70,1970,255,255,255
3,50,17,70,1971,255,255,255
3,50,18,70,1972,255,255,255
3,50,19,70,1973,255,255,255
3,50,20,70,1974,255,255,255
3,50,21,70,1975,255,255,255
3,50,22,70,1976,255,255,255
3,50,23,70,1977,255,255,255
3,50,24,70,1978,255,255,255
3,50,25,70,1979,255,255,255
3,50,26,70,1980,255,255,255
3,50,27,70,1981,255,255,255
3,50,28,70,1982,255,255,255
3,50,29,70,1983,255,255,255
3,50,30,70,1984,255,255,255
3,50,31,70,1985,255,255,255
3,50,32,70,1986,255,255,255
3,50,33,70,1987,255,255,255
3,50,34,70,1988,255,255,255
3,50,35,70,1989,255,255,255
3,50,36,70,1990,255,255,255
3,50,37,70,1991,255,255,255
3,50,38,70,1992,255,255,255
3,50,39,70,1993,255,255,255
3,50,40,70,1994,255,255,255
3,50,41,70,1995,255,255,255
3,50,42,70,1996,255,255,255
3,50,43,70,1997,255,255,255
3,50,44,70,1998,255,255,255
3,50,45,70,1999,255,255,255
3,50,46,70,2000,255,255,255
3,50,47,70,2001,255,255,255
3,50,48,70,2002,255,255,255
3,50,49,70,2003,255,255,255
3,50,50,70,2004,255,255,255
3,50,51,70,2005,255,255,255
3,50,52,70,2006,255,255,255
3,50,53,70,2007,255,255,255
3,50,54,70,2008,255,255,255
3,50,55,70,2009,255,255,255
3,50,56,70,2010,255,255,255
3,50,57,70,2011,255,255,255
3,50,58,70,2012,255,255,255
3,50,59,70,2013,255,255,255
3,50,60,70,2014,255,255,255
3,50,61,70,2015,255,255,255
3,50,62,70,2016,255,255,255
3,50,63,70,2017,255,255,255
3,50,64,70,2018,255,255,255
3,50,65,70,2019,255,255,255
3,50,66,70,2020,255,255,255
3,50,67,70,2021,255,255,255
3,50,68,70,2022,252,252,252
3,51,0,71,1954,255,255,255
3,51,1,71,1955,255,255,255
3,51,2,71,1956,255,255,255
3,51,3,71,1957,255,255,255
3,51,4,71,1958,255,255,255
3,51,5,71,1959,255,255,255
3,51,6,71,1960,255,255,255
3,51,7,71,1961,255,255,255
3,51,8,71,1962,255,255,255
3,51,9,71,1963,255,255,255
3,51,10,71,1964,255,255,255
3,51,11,71,1965,255,255,255
3,51,12,71,1966,255,255,255
3,51,13,71,1967,255,255,255
3,51,14,71,1968,255,255,255
3,51,15,71,1969,255,255,255
3,51,16,71,1970,255,255,255
3,51,17,71,1971,255,255,255
3,51,18,71,1972,255,255,255
3,51,19,71,1973,255,255,255
3,51,20,71,1974,255,255,255
3,51,21,71,1975,255,255,255
3,51,22,71,1976,255,255,255
3,51,23,71,1977,255,255,255
3,51,24,71,1978,255,255,255
3,51,25,71,1979,255,255,255
3,51,26,71,1980,255,255,255
3,51,27,71,1981,255,255,255
3,51,28,71,1982,255,255,255
3,51,29,71,1983,255,255,255
3,51,30,71,1984,255,255,255
3,51,31,71,1985,255,255,255
3,51,32,71,1986,255,255,255
3,51,33,71,1987,255,255,255
3,51,34,71,1988,255,255,255
3,51,35,71,1989,255,255,255
3,51,36,71,1990,255,255,255
3,51,37,71,1991,255,255,255
3,51,38,71,1992,255,255,255
3,51,39,71,1993,255,255,255
3,51,40,71,1994,255,255,255
3,51,41,71,1995,255,255,255
3,51,42,71,1996,255,255,255
3,51,43,71,1997,255,255,255
3,51,44,71,1998,255,255,255
3,51,45,71,1999,255,255,255
3,51,46,71,2000,255,255,255
3,51,47,71,2001,255,255,255
3,51,48,71,2002,255,255,255
3,51,49,71,2003,255,255,255
3,51,50,71,2004,255,255,255
3,51,51,71,2005,255,255,255
3,51,52,71,2006,255,255,255
3,51,53,71,2007,255,255,255
3,51,54,71,2008,255,255,255
3,51,55,71,2009,255,255,255
3,51,56,71,2010,255,255,255
3,51,57,71,2011,255,255,255
3,51,58,71,2012,255,255,255
3,51,59,71,2013,255,255,255
3,51,60,71,2014,255,255,255
3,51,61,71,2015,255,255,255
3,51,62,71,2016,255,255,255
3,51,63,71,2017,255,255,255
3,51,64,71,2018,255,255,255
3,51,65,71,2019,255,255,255
3,51,66,71,2020,255,255,255
3,51,67,71,2021,255,255,255
3,51,68,71,2022,254,254,254
3,52,0,72,1954,255,255,255
3,52,1,72,1955,255,255,255
3,52,2,72,1956,255,255,255
3,52,3,72,1957,255,255,255
3,52,4,72,1958,255,255,255
3,52,5,72,1959,255,255,255
3,52,6,72,1960,255,255,255
3,52,7,72,1961,255,255,255
3,52,8,72,1962,255,255,255
3,52,9,72,1963,255,255,255
3,52,10,72,1964,255,255,255
3,52,11,72,1965,255,255,255
3,52,12,72,1966,255,255,255
3,52,13,72,1967,255,255,255
3,52,14,72,1968,255,255,255
3,52,15,72,1969,255,255,255
3,52,16,72,1970,255,255,255
3,52,17,72,1971,255,255,255
3,52,18,72,1972,255,255,255
3,52,19,72,1973,255,255,255
3,52,20,72,1974,255,255,255
3,52,21,72,1975,255,255,255
3,52,22,72,1976,255,255,255
3,52,23,72,1977,255,255,255
3,52,24,72,1978,255,255,255
3,52,25,72,1979,255,255,255
3,52,26,72,1980,255,255,255
3,52,27,72,1981,255,255,255
3,52,28,72,1982,255,255,255
3,52,29,72,1983,255,255,255
3,52,30,72,1984,255,255,255
3,52,31,72,1985,255,255,255
3,52,32,72,1986,255,255,255
3,52,33,72,1987,255,255,255
3,52,34,72,1988,255,255,255
3,52,35,72,1989,255,255,255
3,52,36,72,1990,255,255,255
3,52,37,72,1991,255,255,255
3,52,38,72,1992,255,255,255
3,52,39,72,1993,255,255,255
3,52,40,72,1994,255,255,255
3,52,41,72,1995,255,255,255
3,52,42,72,1996,255,255,255
3,52,43,72,1997,255,255,255
3,52,44,72,1998,255,255,255
3,52,45,72,1999,255,255,255
3,52,46,72,2000,255,255,255
3,52,47,72,2001,255,255,255
3,52,48,72,2002,255,255,255
3,52,49,72,2003,255,255,255
3,52,50,72,2004,255,255,255
3,52,51,72,2005,255,255,255
3,52,52,72,2006,255,255,255
3,52,53,72,2007,255,255,255
3,52,54,72,2008,255,255,255
3,52,55,72,2009,255,255,255
3,52,56,72,2010,255,255,255
3,52,57,72,2011,255,255,255
3,52,58,72,2012,255,255,255
3,52,59,72,2013,255,255,255
3,52,60,72,2014,255,255,255
3,52,61,72,2015,255,255,255
3,52,62,72,2016,255,255,255
3,52,63,72,2017,255,255,255
3,52,64,72,2018,255,255,255
3,52,65,72,2019,255,255,255
3,52,66,72,2020,255,255,255
3,52,67,72,2021,255,255,255
3,52,68,72,2022,254,254,254
3,53,0,73,1954,255,255,255
3,53,1,73,1955,255,255,255
3,53,2,73,1956,255,255,255
3,53,3,73,1957,255,255,255
3,53,4,73,1958,255,255,255
3,53,5,73,1959,255,255,255
3,53,6,73,1960,255,255,255
3,53,7,73,1961,255,255,255
3,53,8,73,1962,255,255,255
3,53,9,73,1963,255,255,255
3,53,10,73,1964,255,255,255
3,53,11,73,1965,255,255,255
3,53,12,73,1966,255,255,255
3,53,13,73,1967,255,255,255
3,53,14,73,1968,255,255,255
3,53,15,73,1969,255,255,255
3,53,16,73,1970,255,255,255
3,53,17,73,1971,255,255,255
3,53,18,73,1972,255,255,255
3,53,19,73,1973,255,255,255
3,53,20,73,1974,255,255,255
3,53,21,73,1975,255,255,255
3,53,22,73,1976,255,255,255
3,53,23,73,1977,255,255,255
3,53,24,73,1978,255,255,255
3,53,25,73,1979,255,255,255
3,53,26,73,1980,255,255,255
3,53,27,73,1981,255,255,255
3,53,28,73,1982,255,255,255
3,53,29,73,1983,255,255,255
3,53,30,73,1984,255,255,255
3,53,31,73,1985,255,255,255
3,53,32,73,1986,255,255,255
3,53,33,73,1987,255,255,255
3,53,34,73,1988,255,255,255
3,53,35,73,1989,255,255,255
3,53,36,73,1990,255,255,255
3,53,37,73,1991,255,255,255
3,53,38,73,1992,255,255,255
3,53,39,73,1993,255,255,255
3,53,40,73,1994,255,255,255
3,53,41,73,1995,255,255,255
3,53,42,73,1996,255,255,255
3,53,43,73,1997,255,255,255
3,53,44,73,1998,255,255,255
3,53,45,73,1999,255,255,255
3,53,46,73,2000,255,255,255
3,53,47,73,2001,255,255,255
3,53,48,73,2002,255,255,255
3,53,49,73,2003,255,255,255
3,53,50,73,2004,255,255,255
3,53,51,73,2005,255,255,255
3,53,52,73,2006,255,255,255
3,53,53,73,2007,255,255,255
3,53,54,73,2008,255,255,255
3,53,55,73,2009,255,255,255
3,53,56,73,2010,255,255,255
3,53,57,73,2011,255,255,255
3,53,58,73,2012,255,255,255
3,53,59,73,2013,255,255,255
3,53,60,73,2014,255,255,255
3,53,61,73,2015,255,255,255
3,53,62,73,2016,255,255,255
3,53,63,73,2017,255,255,255
3,53,64,73,2018,255,255,255
3,53,65,73,2019,255,255,255
3,53,66,73,2020,255,255,255
3,53,67,73,2021,255,255,255
3,53,68,73,2022,254,254,254
3,54,0,74,1954,255,255,255
3,54,1,74,1955,255,255,255
3,54,2,74,1956,255,255,255
3,54,3,74,1957,255,255,255
3,54,4,74,1958,255,255,255
3,54,5,74,1959,255,255,255
3,54,6,74,1960,255,255,255
3,54,7,74,1961,255,255,255
3,54,8,74,1962,255,255,255
3,54,9,74,1963,255,255,255
3,54,10,74,1964,255,255,255
3,54,11,74,1965,255,255,255
3,54,12,74,1966,255,255,255
3,54,13,74,1967,255,255,255
3,54,14,74,1968,255,255,255
3,54,15,74,1969,255,255,255
3,54,16,74,1970,255,255,255
3,54,17,74,1971,255,255,255
3,54,18,74,1972,255,255,255
3,54,19,74,1973,255,255,255
3,54,20,74,1974,255,255,255
3,54,21,74,1975,255,255,255
3,54,22,74,1976,255,255,255
3,54,23,74,1977,255,255,255
3,54,24,74,1978,255,255,255
3,54,25,74,1979,255,255,255
3,54,26,74,1980,255,255,255
3,54,27,74,1981,255,255,255
3,54,28,74,1982,255,255,255
3,54,29,74,1983,255,255,255
3,54,30,74,1984,255,255,255
3,54,31,74,1985,255,255,255
3,54,32,74,1986,255,255,255
3,54,33,74,1987,255,255,255
3,54,34,74,1988,255,255,255
3,54,35,74,1989,255,255,255
3,54,36,74,1990,255,255,255
3,54,37,74,1991,255,255,255
3,54,38,74,1992,255,255,255
3,54,39,74,1993,255,255,255
3,54,40,74,1994,255,255,255
3,54,41,74,1995,255,255,255
3,54,42,74,1996,255,255,255
3,54,43,74,1997,255,255,255
3,54,44,74,1998,255,255,255
3,54,45,74,1999,255,255,255
3,54,46,74,2000,255,255,255
3,54,47,74,2001,255,255,255
3,54,48,74,2002,255,255,255
3,54,49,74,2003,255,255,255
3,54,50,74,2004,255,255,255
3,54,51,74,2005,255,255,255
3,54,52,74,2006,255,255,255
3,54,53,74,2007,255,255,255
3,54,54,74,2008,255,255,255
3,54,55,74,2009,255,255,255
3,54,56,74,2010,255,255,255
3,54,57,74,2011,255,255,255
3,54,58,74,2012,255,255,255
3,54,59,74,2013,255,255,255
3,54,60,74,2014,255,255,255
3,54,61,74,2015,255,255,255
3,54,62,74,2016,255,255,255
3,54,63,74,2017,255,255,255
3,54,64,74,2018,255,255,255
3,54,65,74,2019,255,255,255
3,54,66,74,2020,255,255,255
3,54,67,74,2021,255,255,255
3,54,68,74,2022,252,252,252
3,55,0,75,1954,255,255,255
3,55,1,75,1955,255,255,255
3,55,2,75,1956,255,255,255
3,55,3,75,1957,255,255,255
3,55,4,75,1958,255,255,255
3,55,5,75,1959,255,255,255
3,55,6,75,1960,255,255,255
3,55,7,75,1961,255,255,255
3,55,8,75,1962,255,255,255
3,55,9,75,1963,255,255,255
3,55,10,75,1964,255,255,255
3,55,11,75,1965,255,255,255
3,55,12,75,1966,255,255,255
3,55,13,75,1967,255,255,255
3,55,14,75,1968,255,255,255
3,55,15,75,1969,255,255,255
3,55,16,75,1970,255,255,255
3,55,17,75,1971,255,255,255
3,55,18,75,1972,255,255,255
3,55,19,75,1973,255,255,255
3,55,20,75,1974,255,255,255
3,55,21,75,1975,255,255,255
3,55,22,75,1976,255,255,255
3,55,23,75,1977,255,255,255
3,55,24,75,1978,255,255,255
3,55,25,75,1979,255,255,255
3,55,26,75,1980,255,255,255
3,55,27,75,1981,255,255,255
3,55,28,75,1982,255,255,255
3,55,29,75,1983,255,255,255
3,55,30,75,1984,255,255,255
3,55,31,75,1985,255,255,255
3,55,32,75,1986,255,255,255
3,55,33,75,1987,255,255,255
3,55,34,75,1988,255,255,255
3,55,35,75,1989,255,255,255
3,55,36,75,1990,255,255,255
3,55,37,75,1991,255,255,255
3,55,38,75,1992,255,255,255
3,55,39,75,1993,255,255,255
3,55,40,75,1994,255,255,255
3,55,41,75,1995,255,255,255
3,55,42,75,1996,255,255,255
3,55,43,75,1997,255,255,255
3,55,44,75,1998,255,255,255
3,55,45,75,1999,255,255,255
3,55,46,75,2000,255,255,255
3,55,47,75,2001,255,255,255
3,55,48,75,2002,255,255,255
3,55,49,75,2003,255,255,255
3,55,50,75,2004,255,255,255
3,55,51,75,2005,255,255,255
3,55,52,75,2006,255,255,255
3,55,53,75,2007,255,255,255
3,55,54,75,2008,255,255,255
3,55,55,75,2009,255,255,255
3,55,56,75,2010,255,255,255
3,55,57,75,2011,255,255,255
3,55,58,75,2012,255,255,255
3,55,59,75,2013,255,255,255
3,55,60,75,2014,255,255,255
3,55,61,75,2015,255,255,255
3,55,62,75,2016,255,255,255
3,55,63,75,2017,255,255,255
3,55,64,75,2018,255,255,255
3,55,65,75,2019,255,255,255
3,55,66,75,2020,255,255,255
3,55,67,75,2021,255,255,255
3,55,68,75,2022,254,254,254
3,56,0,76,1954,255,255,255
3,56,1,76,1955,255,255,255
3,56,2,76,1956,255,255,255
3,56,3,76,1957,255,255,255
3,56,4,76,1958,255,255,255
3,56,5,76,1959,255,255,255
3,56,6,76,1960,255,255,255
3,56,7,76,1961,255,255,255
3,56,8,76,1962,255,255,255
3,56,9,76,1963,255,255,255
3,56,10,76,1964,255,255,255
3,56,11,76,1965,255,255,255
3,56,12,76,1966,255,255,255
3,56,13,76,1967,255,255,255
3,56,14,76,1968,255,255,255
3,56,15,76,1969,255,255,255
3,56,16,76,1970,255,255,255
3,56,17,76,1971,255,255,255
3,56,18,76,1972,255,255,255
3,56,19,76,1973,255,255,255
3,56,20,76,1974,255,255,255
3,56,21,76,1975,255,255,255
3,56,22,76,1976,255,255,255
3,56,23,76,1977,255,255,255
3,56,24,76,1978,255,255,255
3,56,25,76,1979,255,255,255
3,56,26,76,1980,255,255,255
3,56,27,76,1981,255,255,255
3,56,28,76,1982,255,255,255
3,56,29,76,1983,255,255,255
3,56,30,76,1984,255,255,255
3,56,31,76,1985,255,255,255
3,56,32,76,1986,255,255,255
3,56,33,76,1987,255,255,255
3,56,34,76,1988,255,255,255
3,56,35,76,1989,255,255,255
3,56,36,76,1990,255,255,255
3,56,37,76,1991,255,255,255
3,56,38,76,1992,255,255,255
3,56,39,76,1993,255,255,255
3,56,40,76,1994,255,255,255
3,56,41,76,1995,255,255,255
3,56,42,76,1996,255,255,255
3,56,43,76,1997,255,255,255
3,56,44,76,1998,255,255,255
3,56,45,76,1999,255,255,255
3,56,46,76,2000,255,255,255
3,56,47,76,2001,255,255,255
3,56,48,76,2002,255,255,255
3,56,49,76,2003,255,255,255
3,56,50,76,2004,255,255,255
3,56,51,76,2005,255,255,255
3,56,52,76,2006,255,255,255
3,56,53,76,2007,255,255,255
3,56,54,76,2008,255,255,255
3,56,55,76,2009,255,255,255
3,56,56,76,2010,255,255,255
3,56,57,76,2011,255,255,255
3,56,58,76,2012,255,255,255
3,56,59,76,2013,255,255,255
3,56,60,76,2014,255,255,255
3,56,61,76,2015,255,255,255
3,56,62,76,2016,255,255,255
3,56,63,76,2017,255,255,255
3,56,64,76,2018,255,255,255
3,56,65,76,2019,255,255,255
3,56,66,76,2020,255,255,255
3,56,67,76,2021,255,255,255
3,56,68,76,2022,254,254,254
3,57,0,77,1954,255,255,255
3,57,1,77,1955,255,255,255
3,57,2,77,1956,255,255,255
3,57,3,77,1957,255,255,255
3,57,4,77,1958,255,255,255
3,57,5,77,1959,255,255,255
3,57,6,77,1960,255,255,255
3,57,7,77,1961,255,255,255
3,57,8,77,1962,255,255,255
3,57,9,77,1963,255,255,255
3,57,10,77,1964,255,255,255
3,57,11,77,1965,255,255,255
3,57,12,77,1966,255,255,255
3,57,13,77,1967,255,255,255
3,57,14,77,1968,255,255,255
3,57,15,77,1969,255,255,255
3,57,16,77,1970,255,255,255
3,57,17,77,1971,255,255,255
3,57,18,77,1972,255,255,255
3,57,19,77,1973,255,255,255
3,57,20,77,1974,255,255,255
3,57,21,77,1975,255,255,255
3,57,22,77,1976,255,255,255
3,57,23,77,1977,255,255,255
3,57,24,77,1978,255,255,255
3,57,25,77,1979,255,255,255
3,57,26,77,1980,255,255,255
3,57,27,77,1981,255,255,255
3,57,28,77,1982,255,255,255
3,57,29,77,1983,255,255,255
3,57,30,77,1984,255,255,255
3,57,31,77,1985,255,255,255
3,57,32,77,1986,255,255,255
3,57,33,77,1987,255,255,255
3,57,34,77,1988,255,255,255
3,57,35,77,1989,255,255,255
3,57,36,77,1990,255,255,255
3,57,37,77,1991,255,255,255
3,57,38,77,1992,255,255,255
3,57,39,77,1993,255,255,255
3,57,40,77,1994,255,255,255
3,57,41,77,1995,255,255,255
3,57,42,77,1996,255,255,255
3,57,43,77,1997,255,255,255
3,57,44,77,1998,255,255,255
3,57,45,77,1999,255,255,255
3,57,46,77,2000,255,255,255
3,57,47,77,2001,255,255,255
3,57,48,77,2002,255,255,255
3,57,49,77,2003,255,255,255
3,57,50,77,2004,255,255,255
3,57,51,77,2005,255,255,255
3,57,52,77,2006,255,255,255
3,57,53,77,2007,255,255,255
3,57,54,77,2008,255,255,255
3,57,55,77,2009,255,255,255
3,57,56,77,2010,255,255,255
3,57,57,77,2011,255,255,255
3,57,58,77,2012,255,255,255
3,57,59,77,2013,255,255,255
3,57,60,77,2014,255,255,255
3,57,61,77,2015,255,255,255
3,57,62,77,2016,255,255,255
3,57,63,77,2017,255,255,255
3,57,64,77,2018,255,255,255
3,57,65,77,2019,255,255,255
3,57,66,77,2020,255,255,255
3,57,67,77,2021,255,255,255
3,57,68,77,2022,254,254,254
3,58,0,78,1954,255,255,255
3,58,1,78,1955,255,255,255
3,58,2,78,1956,255,255,255
3,58,3,78,1957,255,255,255
3,58,4,78,1958,255,255,255
3,58,5,78,1959,255,255,255
3,58,6,78,1960,255,255,255
3,58,7,78,1961,255,255,255
3,58,8,78,1962,255,255,255
3,58,9,78,1963,255,255,255
3,58,10,78,1964,255,255,255
3,58,11,78,1965,255,255,255
3,58,12,78,1966,255,255,255
3,58,13,78,1967,255,255,255
3,58,14,78,1968,255,255,255
3,58,15,78,1969,255,255,255
3,58,16,78,1970,255,255,255
3,58,17,78,1971,255,255,255
3,58,18,78,1972,255,255,255
3,58,19,78,1973,255,255,255
3,58,20,78,1974,255,255,255
3,58,21,78,1975,255,255,255
3,58,22,78,1976,255,255,255
3,58,23,78,1977,255,255,255
3,58,24,78,1978,255,255,255
3,58,25,78,1979,255,255,255
3,58,26,78,1980,255,255,255
3,58,27,78,1981,255,255,255
3,58,28,78,1982,255,255,255
3,58,29,78,1983,255,255,255
3,58,30,78,1984,255,255,255
3,58,31,78,1985,255,255,255
3,58,32,78,1986,255,255,255
3,58,33,78,1987,255,255,255
3,58,34,78,1988,255,255,255
3,58,35,78,1989,255,255,255
3,58,36,78,1990,255,255,255
3,58,37,78,1991,255,255,255
3,58,38,78,1992,255,255,255
3,58,39,78,1993,255,255,255
3,58,40,78,1994,255,255,255
3,58,41,78,1995,255,255,255
3,58,42,78,1996,255,255,255
3,58,43,78,1997,255,255,255
3,58,44,78,1998,255,255,255
3,58,45,78,1999,255,255,255
3,58,46,78,2000,255,255,255
3,58,47,78,2001,255,255,255
3,58,48,78,2002,255,255,255
3,58,49,78,2003,255,255,255
3,58,50,78,2004,255,255,255
3,58,51,78,2005,255,255,255
3,58,52,78,2006,255,255,255
3,58,53,78,2007,255,255,255
3,58,54,78,2008,255,255,255
3,58,55,78,2009,255,255,255
3,58,56,78,2010,255,255,255
3,58,57,78,2011,255,255,255
3,58,58,78,2012,255,255,255
3,58,59,78,2013,255,255,255
3,58,60,78,2014,255,255,255
3,58,61,78,2015,255,255,255
3,58,62,78,2016,255,255,255
3,58,63,78,2017,255,255,255
3,58,64,78,2018,255,255,255
3,58,65,78,2019,255,255,255
3,58,66,78,2020,255,255,255
3,58,67,78,2021,255,255,255
3,58,68,78,2022,254,254,254
3,59,0,79,1954,255,255,255
3,59,1,79,1955,255,255,255
3,59,2,79,1956,255,255,255
3,59,3,79,1957,255,255,255
3,59,4,79,1958,255,255,255
3,59,5,79,1959,255,255,255
3,59,6,79,1960,255,255,255
3,59,7,79,1961,255,255,255
3,59,8,79,1962,255,255,255
3,59,9,79,1963,255,255,255
3,59,10,79,1964,255,255,255
3,59,11,79,1965,255,255,255
3,59,12,79,1966,255,255,255
3,59,13,79,1967,255,255,255
3,59,14,79,1968,255,255,255
3,59,15,79,1969,255,255,255
3,59,16,79,1970,255,255,255
3,59,17,79,1971,255,255,255
3,59,18,79,1972,255,255,255
3,59,19,79,1973,255,255,255
3,59,20,79,1974,255,255,255
3,59,21,79,1975,255,255,255
3,59,22,79,1976,255,255,255
3,59,23,79,1977,255,255,255
3,59,24,79,1978,255,255,255
3,59,25,79,1979,255,255,255
3,59,26,79,1980,255,255,255
3,59,27,79,1981,255,255,255
3,59,28,79,1982,255,255,255
3,59,29,79,1983,255,255,255
3,59,30,79,1984,255,255,255
3,59,31,79,1985,255,255,255
3,59,32,79,1986,255,255,255
3,59,33,79,1987,255,255,255
3,59,34,79,1988,255,255,255
3,59,35,79,1989,255,255,255
3,59,36,79,1990,255,255,255
3,59,37,79,1991,255,255,255
3,59,38,79,1992,255,255,255
3,59,39,79,1993,255,255,255
3,59,40,79,1994,255,255,255
3,59,41,79,1995,255,255,255
3,59,42,79,1996,255,255,255
3,59,43,79,1997,255,255,255
3,59,44,79,1998,255,255,255
3,59,45,79,1999,255,255,255
3,59,46,79,2000,255,255,255
3,59,47,79,2001,255,255,255
3,59,48,79,2002,255,255,255
3,59,49,79,2003,255,255,255
3,59,50,79,2004,255,255,255
3,59,51,79,2005,255,255,255
3,59,52,79,2006,255,255,255
3,59,53,79,2007,255,255,255
3,59,54,79,2008,255,255,255
3,59,55,79,2009,255,255,255
3,59,56,79,2010,255,255,255
3,59,57,79,2011,255,255,255
3,59,58,79,2012,255,255,255
3,59,59,79,2013,255,255,255
3,59,60,79,2014,255,255,255
3,59,61,79,2015,255,255,255
3,59,62,79,2016,255,255,255
3,59,63,79,2017,255,255,255
3,59,64,79,2018,255,255,255
3,59,65,79,2019,255,255,255
3,59,66,79,2020,255,255,255
3,59,67,79,2021,255,255,255
3,59,68,79,2022,253,253,253
3,60,0,80,1954,255,255,255
3,60,1,80,1955,255,255,255
3,60,2,80,1956,255,255,255
3,60,3,80,1957,255,255,255
3,60,4,80,1958,255,255,255
3,60,5,80,1959,255,255,255
3,60,6,80,1960,255,255,255
3,60,7,80,1961,255,255,255
3,60,8,80,1962,255,255,255
3,60,9,80,1963,255,255,255
3,60,10,80,1964,255,255,255
3,60,11,80,1965,255,255,255
3,60,12,80,1966,255,255,255
3,60,13,80,1967,255,255,255
3,60,14,80,1968,255,255,255
3,60,15,80,1969,255,255,255
3,60,16,80,1970,255,255,255
3,60,17,80,1971,255,255,255
3,60,18,80,1972,255,255,255
3,60,19,80,1973,255,255,255
3,60,20,80,1974,255,255,255
3,60,21,80,1975,255,255,255
3,60,22,80,1976,255,255,255
3,60,23,80,1977,255,255,255
3,60,24,80,1978,255,255,255
3,60,25,80,1979,255,255,255
3,60,26,80,1980,255,255,255
3,60,27,80,1981,255,255,255
3,60,28,80,1982,255,255,255
3,60,29,80,1983,255,255,255
3,60,30,80,1984,255,255,255
3,60,31,80,1985,255,255,255
3,60,32,80,1986,255,255,255
3,60,33,80,1987,255,255,255
3,60,34,80,1988,255,255,255
3,60,35,80,1989,255,255,255
3,60,36,80,1990,255,255,255
3,60,37,80,1991,255,255,255
3,60,38,80,1992,255,255,255
3,60,39,80,1993,255,255,255
3,60,40,80,1994,255,255,255
3,60,41,80,1995,255,255,255
3,60,42,80,1996,255,255,255
3,60,43,80,1997,255,255,255
3,60,44,80,1998,255,255,255
3,60,45,80,1999,255,255,255
3,60,46,80,2000,255,255,255
3,60,47,80,2001,255,255,255
3,60,48,80,2002,255,255,255
3,60,49,80,2003,255,255,255
3,60,50,80,2004,255,255,255
3,60,51,80,2005,255,255,255
3,60,52,80,2006,255,255,255
3,60,53,80,2007,255,255,255
3,60,54,80,2008,255,255,255
3,60,55,80,2009,255,255,255
3,60,56,80,2010,255,255,255
3,60,57,80,2011,255,255,255
3,60,58,80,2012,255,255,255
3,60,59,80,2013,255,255,255
3,60,60,80,2014,255,255,255
3,60,61,80,2015,255,255,255
3,60,62,80,2016,255,255,255
3,60,63,80,2017,255,255,255
3,60,64,80,2018,255,255,255
3,60,65,80,2019,255,255,255
3,60,66,80,2020,255,255,255
3,60,67,80,2021,255,255,255
3,60,68,80,2022,248,248,248
3,61,0,81,1954,255,255,255
3,61,1,81,1955,255,255,255
3,61,2,81,1956,255,255,255
3,61,3,81,1957,255,255,255
3,61,4,81,1958,255,255,255
3,61,5,81,1959,255,255,255
3,61,6,81,1960,255,255,255
3,61,7,81,1961,255,255,255
3,61,8,81,1962,255,255,255
3,61,9,81,1963,255,255,255
3,61,10,81,1964,255,255,255
3,61,11,81,1965,255,255,255
3,61,12,81,1966,255,255,255
3,61,13,81,1967,255,255,255
3,61,14,81,1968,255,255,255
3,61,15,81,1969,255,255,255
3,61,16,81,1970,255,255,255
3,61,17,81,1971,255,255,255
3,61,18,81,1972,255,255,255
3,61,19,81,1973,255,255,255
3,61,20,81,1974,255,255,255
3,61,21,81,1975,255,255,255
3,61,22,81,1976,255,255,255
3,61,23,81,1977,255,255,255
3,61,24,81,1978,255,255,255
3,61,25,81,1979,255,255,255
3,61,26,81,1980,255,255,255
3,61,27,81,1981,255,255,255
3,61,28,81,1982,255,255,255
3,61,29,81,1983,255,255,255
3,61,30,81,1984,255,255,255
3,61,31,81,1985,255,255,255
3,61,32,81,1986,255,255,255
3,61,33,81,1987,255,255,255
3,61,34,81,1988,255,255,255
3,61,35,81,1989,255,255,255
3,61,36,81,1990,255,255,255
3,61,37,81,1991,255,255,255
3,61,38,81,1992,255,255,255
3,61,39,81,1993,255,255,255
3,61,40,81,1994,255,255,255
3,61,41,81,1995,255,255,255
3,61,42,81,1996,255,255,255
3,61,43,81,1997,255,255,255
3,61,44,81,1998,255,255,255
3,61,45,81,1999,255,255,255
3,61,46,81,2000,255,255,255
3,61,47,81,2001,255,255,255
3,61,48,81,2002,255,255,255
3,61,49,81,2003,255,255,255
3,61,50,81,2004,255,255,255
3,61,51,81,2005,255,255,255
3,61,52,81,2006,255,255,255
3,61,53,81,2007,255,255,255
3,61,54,81,2008,255,255,255
3,61,55,81,2009,255,255,255
3,61,56,81,2010,255,255,255
3,61,57,81,2011,255,255,255
3,61,58,81,2012,255,255,255
3,61,59,81,2013,255,255,255
3,61,60,81,2014,255,255,255
3,61,61,81,2015,255,255,255
3,61,62,81,2016,255,255,255
3,61,63,81,2017,255,255,255
3,61,64,81,2018,255,255,255
3,61,65,81,2019,255,255,255
3,61,66,81,2020,255,255,255
3,61,67,81,2021,255,255,255
3,61,68,81,2022,254,254,254
3,62,0,82,1954,255,255,255
3,62,1,82,1955,255,255,255
3,62,2,82,1956,255,255,255
3,62,3,82,1957,255,255,255
3,62,4,82,1958,255,255,255
3,62,5,82,1959,255,255,255
3,62,6,82,1960,255,255,255
3,62,7,82,1961,255,255,255
3,62,8,82,1962,255,255,255
3,62,9,82,1963,255,255,255
3,62,10,82,1964,255,255,255
3,62,11,82,1965,255,255,255
3,62,12,82,1966,255,255,255
3,62,13,82,1967,255,255,255
3,62,14,82,1968,255,255,255
3,62,15,82,1969,255,255,255
3,62,16,82,1970,255,255,255
3,62,17,82,1971,255,255,255
3,62,18,82,1972,255,255,255
3,62,19,82,1973,255,255,255
3,62,20,82,1974,255,255,255
3,62,21,82,1975,255,255,255
3,62,22,82,1976,255,255,255
3,62,23,82,1977,255,255,255
3,62,24,82,1978,255,255,255
3,62,25,82,1979,255,255,255
3,62,26,82,1980,255,255,255
3,62,27,82,1981,255,255,255
3,62,28,82,1982,255,255,255
3,62,29,82,1983,255,255,255
3,62,30,82,1984,255,255,255
3,62,31,82,1985,255,255,255
3,62,32,82,1986,255,255,255
3,62,33,82,1987,255,255,255
3,62,34,82,1988,255,255,255
3,62,35,82,1989,255,255,255
3,62,36,82,1990,255,255,255
3,62,37,82,1991,255,255,255
3,62,38,82,1992,255,255,255
3,62,39,82,1993,255,255,255
3,62,40,82,1994,255,255,255
3,62,41,82,1995,255,255,255
3,62,42,82,1996,255,255,255
3,62,43,82,1997,255,255,255
3,62,44,82,1998,255,255,255
3,62,45,82,1999,255,255,255
3,62,46,82,2000,255,255,255
3,62,47,82,2001,255,255,255
3,62,48,82,2002,255,255,255
3,62,49,82,2003,255,255,255
3,62,50,82,2004,255,255,255
3,62,51,82,2005,255,255,255
3,62,52,82,2006,255,255,255
3,62,53,82,2007,255,255,255
3,62,54,82,2008,255,255,255
3,62,55,82,2009,255,255,255
3,62,56,82,2010,255,255,255
3,62,57,82,2011,255,255,255
3,62,58,82,2012,255,255,255
3,62,59,82,2013,255,255,255
3,62,60,82,2014,255,255,255
3,62,61,82,2015,255,255,255
3,62,62,82,2016,255,255,255
3,62,63,82,2017,255,255,255
3,62,64,82,2018,255,255,255
3,62,65,82,2019,255,255,255
3,62,66,82,2020,255,255,255
3,62,67,82,2021,255,255,255
3,62,68,82,2022,254,254,254
3,63,0,83,1954,255,255,255
3,63,1,83,1955,255,255,255
3,63,2,83,1956,255,255,255
3,63,3,83,1957,255,255,255
3,63,4,83,1958,255,255,255
3,63,5,83,1959,255,255,255
3,63,6,83,1960,255,255,255
3,63,7,83,1961,255,255,255
3,63,8,83,1962,255,255,255
3,63,9,83,1963,255,255,255
3,63,10,83,1964,255,255,255
3,63,11,83,1965,255,255,255
3,63,12,83,1966,255,255,255
3,63,13,83,1967,255,255,255
3,63,14,83,1968,255,255,255
3,63,15,83,1969,255,255,255
3,63,16,83,1970,255,255,255
3,63,17,83,1971,255,255,255
3,63,18,83,1972,255,255,255
3,63,19,83,1973,255,255,255
3,63,20,83,1974,255,255,255
3,63,21,83,1975,255,255,255
3,63,22,83,1976,255,255,255
3,63,23,83,1977,255,255,255
3,63,24,83,1978,255,255,255
3,63,25,83,1979,255,255,255
3,63,26,83,1980,255,255,255
3,63,27,83,1981,255,255,255
3,63,28,83,1982,255,255,255
3,63,29,83,1983,255,255,255
3,63,30,83,1984,255,255,255
3,63,31,83,1985,255,255,255
3,63,32,83,1986,255,255,255
3,63,33,83,1987,255,255,255
3,63,34,83,1988,255,255,255
3,63,35,83,1989,255,255,255
3,63,36,83,1990,255,255,255
3,63,37,83,1991,255,255,255
3,63,38,83,1992,255,255,255
3,63,39,83,1993,255,255,255
3,63,40,83,1994,255,255,255
3,63,41,83,1995,255,255,255
3,63,42,83,1996,255,255,255
3,63,43,83,1997,255,255,255
3,63,44,83,1998,255,255,255
3,63,45,83,1999,255,255,255
3,63,46,83,2000,255,255,255
3,63,47,83,2001,255,255,255
3,63,48,83,2002,255,255,255
3,63,49,83,2003,255,255,255
3,63,50,83,2004,255,255,255
3,63,51,83,2005,255,255,255
3,63,52,83,2006,255,255,255
3,63,53,83,2007,255,255,255
3,63,54,83,2008,255,255,255
3,63,55,83,2009,255,255,255
3,63,56,83,2010,255,255,255
3,63,57,83,2011,255,255,255
3,63,58,83,2012,255,255,255
3,63,59,83,2013,255,255,255
3,63,60,83,2014,255,255,255
3,63,61,83,2015,255,255,255
3,63,62,83,2016,255,255,255
3,63,63,83,2017,255,255,255
3,63,64,83,2018,255,255,255
3,63,65,83,2019,255,255,255
3,63,66,83,2020,255,255,255
3,63,67,83,2021,255,255,255
3,63,68,83,2022,254,254,254
3,64,0,84,1954,255,255,255
3,64,1,84,1955,255,255,255
3,64,2,84,1956,255,255,255
3,64,3,84,1957,255,255,255
3,64,4,84,1958,255,255,255
3,64,5,84,1959,255,255,255
3,64,6,84,1960,255,255,255
3,64,7,84,1961,255,255,255
3,64,8,84,1962,255,255,255
3,64,9,84,1963,255,255,255
3,64,10,84,1964,255,255,255
3,64,11,84,1965,255,255,255
3,64,12,84,1966,255,255,255
3,64,13,84,1967,255,255,255
3,64,14,84,1968,255,255,255
3,64,15,84,1969,255,255,255
3,64,16,84,1970,255,255,255
3,64,17,84,1971,255,255,255
3,64,18,84,1972,255,255,255
3,64,19,84,1973,255,255,255
3,64,20,84,1974,255,255,255
3,64,21,84,1975,255,255,255
3,64,22,84,1976,255,255,255
3,64,23,84,1977,255,255,255
3,64,24,84,1978,255,255,255
3,64,25,84,1979,255,255,255
3,64,26,84,1980,255,255,255
3,64,27,84,1981,255,255,255
3,64,28,84,1982,255,255,255
3,64,29,84,1983,255,255,255
3,64,30,84,1984,255,255,255
3,64,31,84,1985,255,255,255
3,64,32,84,1986,255,255,255
3,64,33,84,1987,255,255,255
3,64,34,84,1988,255,255,255
3,64,35,84,1989,255,255,255
3,64,36,84,1990,255,255,255
3,64,37,84,1991,255,255,255
3,64,38,84,1992,255,255,255
3,64,39,84,1993,255,255,255
3,64,40,84,1994,255,255,255
3,64,41,84,1995,255,255,255
3,64,42,84,1996,255,255,255
3,64,43,84,1997,255,255,255
3,64,44,84,1998,255,255,255
3,64,45,84,1999,255,255,255
3,64,46,84,2000,255,255,255
3,64,47,84,2001,255,255,255
3,64,48,84,2002,255,255,255
3,64,49,84,2003,255,255,255
3,64,50,84,2004,255,255,255
3,64,51,84,2005,255,255,255
3,64,52,84,2006,255,255,255
3,64,53,84,2007,255,255,255
3,64,54,84,2008,255,255,255
3,64,55,84,2009,255,255,255
3,64,56,84,2010,255,255,255
3,64,57,84,2011,255,255,255
3,64,58,84,2012,255,255,255
3,64,59,84,2013,255,255,255
3,64,60,84,2014,255,255,255
3,64,61,84,2015,255,255,255
3,64,62,84,2016,255,255,255
3,64,63,84,2017,255,255,255
3,64,64,84,2018,255,255,255
3,64,65,84,2019,255,255,255
3,64,66,84,2020,255,255,255
3,64,67,84,2021,255,255,255
3,64,68,84,2022,253,253,253
3,65,0,85,1954,255,255,255
3,65,1,85,1955,255,255,255
3,65,2,85,1956,255,255,255
3,65,3,85,1957,255,255,255
3,65,4,85,1958,255,255,255
3,65,5,85,1959,255,255,255
3,65,6,85,1960,255,255,255
3,65,7,85,1961,255,255,255
3,65,8,85,1962,255,255,255
3,65,9,85,1963,255,255,255
3,65,10,85,1964,255,255,255
3,65,11,85,1965,255,255,255
3,65,12,85,1966,255,255,255
3,65,13,85,1967,255,255,255
3,65,14,85,1968,255,255,255
3,65,15,85,1969,255,255,255
3,65,16,85,1970,255,255,255
3,65,17,85,1971,255,255,255
3,65,18,85,1972,255,255,255
3,65,19,85,1973,255,255,255
3,65,20,85,1974,255,255,255
3,65,21,85,1975,255,255,255
3,65,22,85,1976,255,255,255
3,65,23,85,1977,255,255,255
3,65,24,85,1978,255,255,255
3,65,25,85,1979,255,255,255
3,65,26,85,1980,255,255,255
3,65,27,85,1981,255,255,255
3,65,28,85,1982,255,255,255
3,65,29,85,1983,255,255,255
3,65,30,85,1984,255,255,255
3,65,31,85,1985,255,255,255
3,65,32,85,1986,255,255,255
3,65,33,85,1987,255,255,255
3,65,34,85,1988,255,255,255
3,65,35,85,1989,255,255,255
3,65,36,85,1990,255,255,255
3,65,37,85,1991,255,255,255
3,65,38,85,1992,255,255,255
3,65,39,85,1993,255,255,255
3,65,40,85,1994,255,255,255
3,65,41,85,1995,255,255,255
3,65,42,85,1996,255,255,255
3,65,43,85,1997,255,255,255
3,65,44,85,1998,255,255,255
3,65,45,85,1999,255,255,255
3,65,46,85,2000,255,255,255
3,65,47,85,2001,255,255,255
3,65,48,85,2002,255,255,255
3,65,49,85,2003,255,255,255
3,65,50,85,2004,255,255,255
3,65,51,85,2005,255,255,255
3,65,52,85,2006,255,255,255
3,65,53,85,2007,255,255,255
3,65,54,85,2008,255,255,255
3,65,55,85,2009,255,255,255
3,65,56,85,2010,255,255,255
3,65,57,85,2011,255,255,255
3,65,58,85,2012,255,255,255
3,65,59,85,2013,255,255,255
3,65,60,85,2014,255,255,255
3,65,61,85,2015,255,255,255
3,65,62,85,2016,255,255,255
3,65,63,85,2017,255,255,255
3,65,64,85,2018,255,255,255
3,65,65,85,2019,255,255,255
3,65,66,85,2020,255,255,255
3,65,67,85,2021,255,255,255
3,65,68,85,2022,254,254,254
3,66,0,86,1954,255,255,255
3,66,1,86,1955,255,255,255
3,66,2,86,1956,255,255,255
3,66,3,86,1957,255,255,255
3,66,4,86,1958,255,255,255
3,66,5,86,1959,255,255,255
3,66,6,86,1960,255,255,255
3,66,7,86,1961,255,255,255
3,66,8,86,1962,255,255,255
3,66,9,86,1963,255,255,255
3,66,10,86,1964,255,255,255
3,66,11,86,1965,255,255,255
3,66,12,86,1966,255,255,255
3,66,13,86,1967,255,255,255
3,66,14,86,1968,255,255,255
3,66,15,86,1969,255,255,255
3,66,16,86,1970,255,255,255
3,66,17,86,1971,255,255,255
3,66,18,86,1972,255,255,255
3,66,19,86,1973,255,255,255
3,66,20,86,1974,255,255,255
3,66,21,86,1975,255,255,255
3,66,22,86,1976,255,255,255
3,66,23,86,1977,255,255,255
3,66,24,86,1978,255,255,255
3,66,25,86,1979,255,255,255
3,66,26,86,1980,255,255,255
3,66,27,86,1981,255,255,255
3,66,28,86,1982,255,255,255
3,66,29,86,1983,255,255,255
3,66,30,86,1984,255,255,255
3,66,31,86,1985,255,255,255
3,66,32,86,1986,255,255,255
3,66,33,86,1987,255,255,255
3,66,34,86,1988,255,255,255
3,66,35,86,1989,255,255,255
3,66,36,86,1990,255,255,255
3,66,37,86,1991,255,255,255
3,66,38,86,1992,255,255,255
3,66,39,86,1993,255,255,255
3,66,40,86,1994,255,255,255
3,66,41,86,1995,255,255,255
3,66,42,86,1996,255,255,255
3,66,43,86,1997,255,255,255
3,66,44,86,1998,255,255,255
3,66,45,86,1999,255,255,255
3,66,46,86,2000,255,255,255
3,66,47,86,2001,255,255,255
3,66,48,86,2002,255,255,255
3,66,49,86,2003,255,255,255
3,66,50,86,2004,255,255,255
3,66,51,86,2005,255,255,255
3,66,52,86,2006,255,255,255
3,66,53,86,2007,255,255,255
3,66,54,86,2008,255,255,255
3,66,55,86,2009,255,255,255
3,66,56,86,2010,255,255,255
3,66,57,86,2011,255,255,255
3,66,58,86,2012,255,255,255
3,66,59,86,2013,255,255,255
3,66,60,86,2014,255,255,255
3,66,61,86,2015,255,255,255
3,66,62,86,2016,255,255,255
3,66,63,86,2017,255,255,255
3,66,64,86,2018,255,255,255
3,66,65,86,2019,255,255,255
3,66,66,86,2020,255,255,255
3,66,67,86,2021,255,255,255
3,66,68,86,2022,253,253,253
3,67,0,87,1954,255,255,255
3,67,1,87,1955,255,255,255
3,67,2,87,1956,255,255,255
3,67,3,87,1957,255,255,255
3,67,4,87,1958,255,255,255
3,67,5,87,1959,255,255,255
3,67,6,87,1960,255,255,255
3,67,7,87,1961,255,255,255
3,67,8,87,1962,255,255,255
3,67,9,87,1963,255,255,255
3,67,10,87,1964,255,255,255
3,67,11,87,1965,255,255,255
3,67,12,87,1966,255,255,255
3,67,13,87,1967,255,255,255
3,67,14,87,1968,255,255,255
3,67,15,87,1969,255,255,255
3,67,16,87,1970,255,255,255
3,67,17,87,1971,255,255,255
3,67,18,87,1972,255,255,255
3,67,19,87,1973,255,255,255
3,67,20,87,1974,255,255,255
3,67,21,87,1975,255,255,255
3,67,22,87,1976,255,255,255
3,67,23,87,1977,255,255,255
3,67,24,87,1978,255,255,255
3,67,25,87,1979,255,255,255
3,67,26,87,1980,255,255,255
3,67,27,87,1981,255,255,255
3,67,28,87,1982,255,255,255
3,67,29,87,1983,255,255,255
3,67,30,87,1984,255,255,255
3,67,31,87,1985,255,255,255
3,67,32,87,1986,255,255,255
3,67,33,87,1987,255,255,255
3,67,34,87,1988,255,255,255
3,67,35,87,1989,255,255,255
3,67,36,87,1990,255,255,255
3,67,37,87,1991,255,255,255
3,67,38,87,1992,255,255,255
3,67,39,87,1993,255,255,255
3,67,40,87,1994,255,255,255
3,67,41,87,1995,255,255,255
3,67,42,87,1996,255,255,255
3,67,43,87,1997,255,255,255
3,67,44,87,1998,255,255,255
3,67,45,87,1999,255,255,255
3,67,46,87,2000,255,255,255
3,67,47,87,2001,255,255,255
3,67,48,87,2002,255,255,255
3,67,49,87,2003,255,255,255
3,67,50,87,2004,255,255,255
3,67,51,87,2005,255,255,255
3,67,52,87,2006,255,255,255
3,67,53,87,2007,255,255,255
3,67,54,87,2008,255,255,255
3,67,55,87,2009,255,255,255
3,67,56,87,2010,255,255,255
3,67,57,87,2011,255,255,255
3,67,58,87,2012,255,255,255
3,67,59,87,2013,255,255,255
3,67,60,87,2014,255,255,255
3,67,61,87,2015,255,255,255
3,67,62,87,2016,255,255,255
3,67,63,87,2017,255,255,255
3,67,64,87,2018,255,255,255
3,67,65,87,2019,255,255,255
3,67,66,87,2020,255,255,255
3,67,67,87,2021,255,255,255
3,67,68,87,2022,254,254,254
3,68,0,88,1954,255,255,255
3,68,1,88,1955,255,255,255
3,68,2,88,1956,255,255,255
3,68,3,88,1957,255,255,255
3,68,4,88,1958,255,255,255
3,68,5,88,1959,255,255,255
3,68,6,88,1960,255,255,255
3,68,7,88,1961,255,255,255
3,68,8,88,1962,255,255,255
3,68,9,88,1963,255,255,255
3,68,10,88,1964,255,255,255
3,68,11,88,1965,255,255,255
3,68,12,88,1966,255,255,255
3,68,13,88,1967,255,255,255
3,68,14,88,1968,255,255,255
3,68,15,88,1969,255,255,255
3,68,16,88,1970,255,255,255
3,68,17,88,1971,255,255,255
3,68,18,88,1972,255,255,255
3,68,19,88,1973,255,255,255
3,68,20,88,1974,255,255,255
3,68,21,88,1975,255,255,255
3,68,22,88,1976,255,255,255
3,68,23,88,1977,255,255,255
3,68,24,88,1978,255,255,255
3,68,25,88,1979,255,255,255
3,68,26,88,1980,255,255,255
3,68,27,88,1981,255,255,255
3,68,28,88,1982,255,255,255
3,68,29,88,1983,255,255,255
3,68,30,88,1984,255,255,255
3,68,31,88,1985,255,255,255
3,68,32,88,1986,255,255,255
3,68,33,88,1987,255,255,255
3,68,34,88,1988,255,255,255
3,68,35,88,1989,255,255,255
3,68,36,88,1990,255,255,255
3,68,37,88,1991,255,255,255
3,68,38,88,1992,255,255,255
3,68,39,88,1993,255,255,255
3,68,40,88,1994,255,255,255
3,68,41,88,1995,255,255,255
3,68,42,88,1996,255,255,255
3,68,43,88,1997,255,255,255
3,68,44,88,1998,255,255,255
3,68,45,88,1999,255,255,255
3,68,46,88,2000,255,255,255
3,68,47,88,2001,255,255,255
3,68,48,88,2002,255,255,255
3,68,49,88,2003,255,255,255
3,68,50,88,2004,255,255,255
3,68,51,88,2005,255,255,255
3,68,52,88,2006,255,255,255
3,68,53,88,2007,255,255,255
3,68,54,88,2008,255,255,255
3,68,55,88,2009,255,255,255
3,68,56,88,2010,255,255,255
3,68,57,88,2011,255,255,255
3,68,58,88,2012,255,255,255
3,68,59,88,2013,255,255,255
3,68,60,88,2014,255,255,255
3,68,61,88,2015,255,255,255
3,68,62,88,2016,255,255,255
3,68,63,88,2017,255,255,255
3,68,64,88,2018,255,255,255
3,68,65,88,2019,255,255,255
3,68,66,88,2020,255,255,255
3,68,67,88,2021,255,255,255
3,68,68,88,2022,253,253,253
3,69,0,89,1954,255,255,255
3,69,1,89,1955,255,255,255
3,69,2,89,1956,255,255,255
3,69,3,89,1957,255,255,255
3,69,4,89,1958,255,255,255
3,69,5,89,1959,255,255,255
3,69,6,89,1960,255,255,255
3,69,7,89,1961,255,255,255
3,69,8,89,1962,255,255,255
3,69,9,89,1963,255,255,255
3,69,10,89,1964,255,255,255
3,69,11,89,1965,255,255,255
3,69,12,89,1966,255,255,255
3,69,13,89,1967,255,255,255
3,69,14,89,1968,255,255,255
3,69,15,89,1969,255,255,255
3,69,16,89,1970,255,255,255
3,69,17,89,1971,255,255,255
3,69,18,89,1972,255,255,255
3,69,19,89,1973,255,255,255
3,69,20,89,1974,255,255,255
3,69,21,89,1975,255,255,255
3,69,22,89,1976,255,255,255
3,69,23,89,1977,255,255,255
3,69,24,89,1978,255,255,255
3,69,25,89,1979,255,255,255
3,69,26,89,1980,255,255,255
3,69,27,89,1981,255,255,255
3,69,28,89,1982,255,255,255
3,69,29,89,1983,255,255,255
3,69,30,89,1984,255,255,255
3,69,31,89,1985,255,255,255
3,69,32,89,1986,255,255,255
3,69,33,89,1987,255,255,255
3,69,34,89,1988,255,255,255
3,69,35,89,1989,255,255,255
3,69,36,89,1990,255,255,255
3,69,37,89,1991,255,255,255
3,69,38,89,1992,255,255,255
3,69,39,89,1993,255,255,255
3,69,40,89,1994,255,255,255
3,69,41,89,1995,255,255,255
3,69,42,89,1996,255,255,255
3,69,43,89,1997,255,255,255
3,69,44,89,1998,255,255,255
3,69,45,89,1999,255,255,255
3,69,46,89,2000,255,255,255
3,69,47,89,2001,255,255,255
3,69,48,89,2002,255,255,255
3,69,49,89,2003,255,255,255
3,69,50,89,2004,255,255,255
3,69,51,89,2005,255,255,255
3,69,52,89,2006,255,255,255
3,69,53,89,2007,255,255,255
3,69,54,89,2008,255,255,255
3,69,55,89,2009,255,255,255
3,69,56,89,2010,255,255,255
3,69,57,89,2011,255,255,255
3,69,58,89,2012,255,255,255
3,69,59,89,2013,255,255,255
3,69,60,89,2014,255,255,255
3,69,61,89,2015,255,255,255
3,69,62,89,2016,255,255,255
3,69,63,89,2017,255,255,255
3,69,64,89,2018,255,255,255
3,69,65,89,2019,255,255,255
3,69,66,89,2020,255,255,255
3,69,67,89,2021,255,255,255
3,69,68,89,2022,252,252,252
3,70,0,90,1954,255,255,255
3,70,1,90,1955,255,255,255
3,70,2,90,1956,255,255,255
3,70,3,90,1957,255,255,255
3,70,4,90,1958,255,255,255
3,70,5,90,1959,255,255,255
3,70,6,90,1960,255,255,255
3,70,7,90,1961,255,255,255
3,70,8,90,1962,255,255,255
3,70,9,90,1963,255,255,255
3,70,10,90,1964,255,255,255
3,70,11,90,1965,255,255,255
3,70,12,90,1966,255,255,255
3,70,13,90,1967,255,255,255
3,70,14,90,1968,255,255,255
3,70,15,90,1969,255,255,255
3,70,16,90,1970,255,255,255
3,70,17,90,1971,255,255,255
3,70,18,90,1972,255,255,255
3,70,19,90,1973,255,255,255
3,70,20,90,1974,255,255,255
3,70,21,90,1975,255,255,255
3,70,22,90,1976,255,255,255
3,70,23,90,1977,255,255,255
3,70,24,90,1978,255,255,255
3,70,25,90,1979,255,255,255
3,70,26,90,1980,255,255,255
3,70,27,90,1981,255,255,255
3,70,28,90,1982,255,255,255
3,70,29,90,1983,255,255,255
3,70,30,90,1984,255,255,255
3,70,31,90,1985,255,255,255
3,70,32,90,1986,255,255,255
3,70,33,90,1987,255,255,255
3,70,34,90,1988,255,255,255
3,70,35,90,1989,255,255,255
3,70,36,90,1990,255,255,255
3,70,37,90,1991,255,255,255
3,70,38,90,1992,255,255,255
3,70,39,90,1993,255,255,255
3,70,40,90,1994,255,255,255
3,70,41,90,1995,255,255,255
3,70,42,90,1996,255,255,255
3,70,43,90,1997,255,255,255
3,70,44,90,1998,255,255,255
3,70,45,90,1999,255,255,255
3,70,46,90,2000,255,255,255
3,70,47,90,2001,255,255,255
3,70,48,90,2002,255,255,255
3,70,49,90,2003,255,255,255
3,70,50,90,2004,255,255,255
3,70,51,90,2005,255,255,255
3,70,52,90,2006,255,255,255
3,70,53,90,2007,255,255,255
3,70,54,90,2008,255,255,255
3,70,55,90,2009,255,255,255
3,70,56,90,2010,255,255,255
3,70,57,90,2011,255,255,255
3,70,58,90,2012,255,255,255
3,70,59,90,2013,255,255,255
3,70,60,90,2014,255,255,255
3,70,61,90,2015,255,255,255
3,70,62,90,2016,255,255,255
3,70,63,90,2017,255,255,255
3,70,64,90,2018,255,255,255
3,70,65,90,2019,255,255,255
3,70,66,90,2020,255,255,255
3,70,67,90,2021,255,255,255
3,70,68,90,2022,249,249,249
3,71,0,91,1954,255,255,255
3,71,1,91,1955,255,255,255
3,71,2,91,1956,255,255,255
3,71,3,91,1957,255,255,255
3,71,4,91,1958,255,255,255
3,71,5,91,1959,255,255,255
3,71,6,91,1960,255,255,255
3,71,7,91,1961,255,255,255
3,71,8,91,1962,255,255,255
3,71,9,91,1963,255,255,255
3,71,10,91,1964,255,255,255
3,71,11,91,1965,255,255,255
3,71,12,91,1966,255,255,255
3,71,13,91,1967,255,255,255
3,71,14,91,1968,255,255,255
3,71,15,91,1969,255,255,255
3,71,16,91,1970,255,255,255
3,71,17,91,1971,255,255,255
3,71,18,91,1972,255,255,255
3,71,19,91,1973,255,255,255
3,71,20,91,1974,255,255,255
3,71,21,91,1975,255,255,255
3,71,22,91,1976,255,255,255
3,71,23,91,1977,255,255,255
3,71,24,91,1978,255,255,255
3,71,25,91,1979,255,255,255
3,71,26,91,1980,255,255,255
3,71,27,91,1981,255,255,255
3,71,28,91,1982,255,255,255
3,71,29,91,1983,255,255,255
3,71,30,91,1984,255,255,255
3,71,31,91,1985,255,255,255
3,71,32,91,1986,255,255,255
3,71,33,91,1987,255,255,255
3,71,34,91,1988,255,255,255
3,71,35,91,1989,255,255,255
3,71,36,91,1990,255,255,255
3,71,37,91,1991,255,255,255
3,71,38,91,1992,255,255,255
3,71,39,91,1993,255,255,255
3,71,40,91,1994,255,255,255
3,71,41,91,1995,255,255,255
3,71,42,91,1996,255,255,255
3,71,43,91,1997,255,255,255
3,71,44,91,1998,255,255,255
3,71,45,91,1999,255,255,255
3,71,46,91,2000,255,255,255
3,71,47,91,2001,255,255,255
3,71,48,91,2002,255,255,255
3,71,49,91,2003,255,255,255
3,71,50,91,2004,255,255,255
3,71,51,91,2005,255,255,255
3,71,52,91,2006,255,255,255
3,71,53,91,2007,255,255,255
3,71,54,91,2008,255,255,255
3,71,55,91,2009,255,255,255
3,71,56,91,2010,255,255,255
3,71,57,91,2011,255,255,255
3,71,58,91,2012,255,255,255
3,71,59,91,2013,255,255,255
3,71,60,91,2014,255,255,255
3,71,61,91,2015,255,255,255
3,71,62,91,2016,255,255,255
3,71,63,91,2017,255,255,255
3,71,64,91,2018,255,255,255
3,71,65,91,2019,255,255,255
3,71,66,91,2020,255,255,255
3,71,67,91,2021,255,255,255
3,71,68,91,2022,248,248,248
3,72,0,92,1954,255,255,255
3,72,1,92,1955,255,255,255
3,72,2,92,1956,255,255,255
3,72,3,92,1957,255,255,255
3,72,4,92,1958,255,255,255
3,72,5,92,1959,255,255,255
3,72,6,92,1960,255,255,255
3,72,7,92,1961,255,255,255
3,72,8,92,1962,255,255,255
3,72,9,92,1963,255,255,255
3,72,10,92,1964,255,255,255
3,72,11,92,1965,255,255,255
3,72,12,92,1966,255,255,255
3,72,13,92,1967,255,255,255
3,72,14,92,1968,255,255,255
3,72,15,92,1969,255,255,255
3,72,16,92,1970,255,255,255
3,72,17,92,1971,255,255,255
3,72,18,92,1972,255,255,255
3,72,19,92,1973,255,255,255
3,72,20,92,1974,255,255,255
3,72,21,92,1975,255,255,255
3,72,22,92,1976,255,255,255
3,72,23,92,1977,255,255,255
3,72,24,92,1978,255,255,255
3,72,25,92,1979,255,255,255
3,72,26,92,1980,255,255,255
3,72,27,92,1981,255,255,255
3,72,28,92,1982,255,255,255
3,72,29,92,1983,255,255,255
3,72,30,92,1984,255,255,255
3,72,31,92,1985,255,255,255
3,72,32,92,1986,255,255,255
3,72,33,92,1987,255,255,255
3,72,34,92,1988,255,255,255
3,72,35,92,1989,255,255,255
3,72,36,92,1990,255,255,255
3,72,37,92,1991,255,255,255
3,72,38,92,1992,255,255,255
3,72,39,92,1993,255,255,255
3,72,40,92,1994,255,255,255
3,72,41,92,1995,255,255,255
3,72,42,92,1996,255,255,255
3,72,43,92,1997,255,255,255
3,72,44,92,1998,255,255,255
3,72,45,92,1999,255,255,255
3,72,46,92,2000,255,255,255
3,72,47,92,2001,255,255,255
3,72,48,92,2002,255,255,255
3,72,49,92,2003,255,255,255
3,72,50,92,2004,255,255,255
3,72,51,92,2005,255,255,255
3,72,52,92,2006,255,255,255
3,72,53,92,2007,255,255,255
3,72,54,92,2008,255,255,255
3,72,55,92,2009,255,255,255
3,72,56,92,2010,255,255,255
3,72,57,92,2011,255,255,255
3,72,58,92,2012,255,255,255
3,72,59,92,2013,255,255,255
3,72,60,92,2014,255,255,255
3,72,61,92,2015,255,255,255
3,72,62,92,2016,255,255,255
3,72,63,92,2017,255,255,255
3,72,64,92,2018,255,255,255
3,72,65,92,2019,255,255,255
3,72,66,92,2020,255,255,255
3,72,67,92,2021,255,255,255
3,72,68,92,2022,253,253,253
3,73,0,93,1954,255,255,255
3,73,1,93,1955,255,255,255
3,73,2,93,1956,255,255,255
3,73,3,93,1957,255,255,255
3,73,4,93,1958,255,255,255
3,73,5,93,1959,255,255,255
3,73,6,93,1960,255,255,255
3,73,7,93,1961,255,255,255
3,73,8,93,1962,255,255,255
3,73,9,93,1963,255,255,255
3,73,10,93,1964,255,255,255
3,73,11,93,1965,255,255,255
3,73,12,93,1966,255,255,255
3,73,13,93,1967,255,255,255
3,73,14,93,1968,255,255,255
3,73,15,93,1969,255,255,255
3,73,16,93,1970,255,255,255
3,73,17,93,1971,255,255,255
3,73,18,93,1972,255,255,255
3,73,19,93,1973,255,255,255
3,73,20,93,1974,255,255,255
3,73,21,93,1975,255,255,255
3,73,22,93,1976,255,255,255
3,73,23,93,1977,255,255,255
3,73,24,93,1978,255,255,255
3,73,25,93,1979,255,255,255
3,73,26,93,1980,255,255,255
3,73,27,93,1981,255,255,255
3,73,28,93,1982,255,255,255
3,73,29,93,1983,255,255,255
3,73,30,93,1984,255,255,255
3,73,31,93,1985,255,255,255
3,73,32,93,1986,255,255,255
3,73,33,93,1987,255,255,255
3,73,34,93,1988,255,255,255
3,73,35,93,1989,255,255,255
3,73,36,93,1990,255,255,255
3,73,37,93,1991,255,255,255
3,73,38,93,1992,255,255,255
3,73,39,93,1993,255,255,255
3,73,40,93,1994,255,255,255
3,73,41,93,1995,255,255,255
3,73,42,93,1996,255,255,255
3,73,43,93,1997,255,255,255
3,73,44,93,1998,255,255,255
3,73,45,93,1999,255,255,255
3,73,46,93,2000,255,255,255
3,73,47,93,2001,255,255,255
3,73,48,93,2002,255,255,255
3,73,49,93,2003,255,255,255
3,73,50,93,2004,255,255,255
3,73,51,93,2005,255,255,255
3,73,52,93,2006,255,255,255
3,73,53,93,2007,255,255,255
3,73,54,93,2008,255,255,255
3,73,55,93,2009,255,255,255
3,73,56,93,2010,255,255,255
3,73,57,93,2011,255,255,255
3,73,58,93,2012,255,255,255
3,73,59,93,2013,255,255,255
3,73,60,93,2014,255,255,255
3,73,61,93,2015,255,255,255
3,73,62,93,2016,255,255,255
3,73,63,93,2017,255,255,255
3,73,64,93,2018,255,255,255
3,73,65,93,2019,255,255,255
3,73,66,93,2020,255,255,255
3,73,67,93,2021,255,255,255
3,73,68,93,2022,254,254,254
3,74,0,94,1954,255,255,255
3,74,1,94,1955,255,255,255
3,74,2,94,1956,255,255,255
3,74,3,94,1957,255,255,255
3,74,4,94,1958,255,255,255
3,74,5,94,1959,255,255,255
3,74,6,94,1960,255,255,255
3,74,7,94,1961,255,255,255
3,74,8,94,1962,255,255,255
3,74,9,94,1963,255,255,255
3,74,10,94,1964,255,255,255
3,74,11,94,1965,255,255,255
3,74,12,94,1966,255,255,255
3,74,13,94,1967,255,255,255
3,74,14,94,1968,255,255,255
3,74,15,94,1969,255,255,255
3,74,16,94,1970,255,255,255
3,74,17,94,1971,255,255,255
3,74,18,94,1972,255,255,255
3,74,19,94,1973,255,255,255
3,74,20,94,1974,255,255,255
3,74,21,94,1975,255,255,255
3,74,22,94,1976,255,255,255
3,74,23,94,1977,255,255,255
3,74,24,94,1978,255,255,255
3,74,25,94,1979,255,255,255
3,74,26,94,1980,255,255,255
3,74,27,94,1981,255,255,255
3,74,28,94,1982,255,255,255
3,74,29,94,1983,255,255,255
3,74,30,94,1984,255,255,255
3,74,31,94,1985,255,255,255
3,74,32,94,1986,255,255,255
3,74,33,94,1987,255,255,255
3,74,34,94,1988,255,255,255
3,74,35,94,1989,255,255,255
3,74,36,94,1990,255,255,255
3,74,37,94,1991,255,255,255
3,74,38,94,1992,255,255,255
3,74,39,94,1993,255,255,255
3,74,40,94,1994,255,255,255
3,74,41,94,1995,255,255,255
3,74,42,94,1996,255,255,255
3,74,43,94,1997,255,255,255
3,74,44,94,1998,255,255,255
3,74,45,94,1999,255,255,255
3,74,46,94,2000,255,255,255
3,74,47,94,2001,255,255,255
3,74,48,94,2002,255,255,255
3,74,49,94,2003,255,255,255
3,74,50,94,2004,255,255,255
3,74,51,94,2005,255,255,255
3,74,52,94,2006,255,255,255
3,74,53,94,2007,255,255,255
3,74,54,94,2008,255,255,255
3,74,55,94,2009,255,255,255
3,74,56,94,2010,255,255,255
3,74,57,94,2011,255,255,255
3,74,58,94,2012,255,255,255
3,74,59,94,2013,255,255,255
3,74,60,94,2014,255,255,255
3,74,61,94,2015,255,255,255
3,74,62,94,2016,255,255,255
3,74,63,94,2017,255,255,255
3,74,64,94,2018,255,255,255
3,74,65,94,2019,255,255,255
3,74,66,94,2020,255,255,255
3,74,67,94,2021,255,255,255
3,74,68,94,2022,253,253,253
3,75,0,95,1954,255,255,255
3,75,1,95,1955,255,255,255
3,75,2,95,1956,255,255,255
3,75,3,95,1957,255,255,255
3,75,4,95,1958,255,255,255
3,75,5,95,1959,255,255,255
3,75,6,95,1960,255,255,255
3,75,7,95,1961,255,255,255
3,75,8,95,1962,255,255,255
3,75,9,95,1963,255,255,255
3,75,10,95,1964,255,255,255
3,75,11,95,1965,255,255,255
3,75,12,95,1966,255,255,255
3,75,13,95,1967,255,255,255
3,75,14,95,1968,255,255,255
3,75,15,95,1969,255,255,255
3,75,16,95,1970,255,255,255
3,75,17,95,1971,255,255,255
3,75,18,95,1972,255,255,255
3,75,19,95,1973,255,255,255
3,75,20,95,1974,255,255,255
3,75,21,95,1975,255,255,255
3,75,22,95,1976,255,255,255
3,75,23,95,1977,255,255,255
3,75,24,95,1978,255,255,255
3,75,25,95,1979,255,255,255
3,75,26,95,1980,255,255,255
3,75,27,95,1981,255,255,255
3,75,28,95,1982,255,255,255
3,75,29,95,1983,255,255,255
3,75,30,95,1984,255,255,255
3,75,31,95,1985,255,255,255
3,75,32,95,1986,255,255,255
3,75,33,95,1987,255,255,255
3,75,34,95,1988,255,255,255
3,75,35,95,1989,255,255,255
3,75,36,95,1990,255,255,255
3,75,37,95,1991,255,255,255
3,75,38,95,1992,255,255,255
3,75,39,95,1993,255,255,255
3,75,40,95,1994,255,255,255
3,75,41,95,1995,255,255,255
3,75,42,95,1996,255,255,255
3,75,43,95,1997,255,255,255
3,75,44,95,1998,255,255,255
3,75,45,95,1999,255,255,255
3,75,46,95,2000,255,255,255
3,75,47,95,2001,255,255,255
3,75,48,95,2002,255,255,255
3,75,49,95,2003,255,255,255
3,75,50,95,2004,255,255,255
3,75,51,95,2005,255,255,255
3,75,52,95,2006,255,255,255
3,75,53,95,2007,255,255,255
3,75,54,95,2008,255,255,255
3,75,55,95,2009,255,255,255
3,75,56,95,2010,255,255,255
3,75,57,95,2011,255,255,255
3,75,58,95,2012,255,255,255
3,75,59,95,2013,255,255,255
3,75,60,95,2014,255,255,255
3,75,61,95,2015,255,255,255
3,75,62,95,2016,255,255,255
3,75,63,95,2017,255,255,255
3,75,64,95,2018,255,255,255
3,75,65,95,2019,255,255,255
3,75,66,95,2020,255,255,255
3,75,67,95,2021,255,255,255
3,75,68,95,2022,253,253,253
3,76,0,96,1954,255,255,255
3,76,1,96,1955,255,255,255
3,76,2,96,1956,255,255,255
3,76,3,96,1957,255,255,255
3,76,4,96,1958,255,255,255
3,76,5,96,1959,255,255,255
3,76,6,96,1960,255,255,255
3,76,7,96,1961,255,255,255
3,76,8,96,1962,255,255,255
3,76,9,96,1963,255,255,255
3,76,10,96,1964,255,255,255
3,76,11,96,1965,255,255,255
3,76,12,96,1966,255,255,255
3,76,13,96,1967,255,255,255
3,76,14,96,1968,255,255,255
3,76,15,96,1969,255,255,255
3,76,16,96,1970,255,255,255
3,76,17,96,1971,255,255,255
3,76,18,96,1972,255,255,255
3,76,19,96,1973,255,255,255
3,76,20,96,1974,255,255,255
3,76,21,96,1975,255,255,255
3,76,22,96,1976,255,255,255
3,76,23,96,1977,255,255,255
3,76,24,96,1978,255,255,255
3,76,25,96,1979,255,255,255
3,76,26,96,1980,255,255,255
3,76,27,96,1981,255,255,255
3,76,28,96,1982,255,255,255
3,76,29,96,1983,255,255,255
3,76,30,96,1984,255,255,255
3,76,31,96,1985,255,255,255
3,76,32,96,1986,255,255,255
3,76,33,96,1987,255,255,255
3,76,34,96,1988,255,255,255
3,76,35,96,1989,255,255,255
3,76,36,96,1990,255,255,255
3,76,37,96,1991,255,255,255
3,76,38,96,1992,255,255,255
3,76,39,96,1993,255,255,255
3,76,40,96,1994,255,255,255
3,76,41,96,1995,255,255,255
3,76,42,96,1996,255,255,255
3,76,43,96,1997,255,255,255
3,76,44,96,1998,255,255,255
3,76,45,96,1999,255,255,255
3,76,46,96,2000,255,255,255
3,76,47,96,2001,255,255,255
3,76,48,96,2002,255,255,255
3,76,49,96,2003,255,255,255
3,76,50,96,2004,255,255,255
3,76,51,96,2005,255,255,255
3,76,52,96,2006,255,255,255
3,76,53,96,2007,255,255,255
3,76,54,96,2008,255,255,255
3,76,55,96,2009,255,255,255
3,76,56,96,2010,255,255,255
3,76,57,96,2011,255,255,255
3,76,58,96,2012,255,255,255
3,76,59,96,2013,255,255,255
3,76,60,96,2014,255,255,255
3,76,61,96,2015,255,255,255
3,76,62,96,2016,255,255,255
3,76,63,96,2017,255,255,255
3,76,64,96,2018,255,255,255
3,76,65,96,2019,255,255,255
3,76,66,96,2020,255,255,255
3,76,67,96,2021,255,255,255
3,76,68,96,2022,254,254,254
3,77,0,97,1954,255,255,255
3,77,1,97,1955,255,255,255
3,77,2,97,1956,255,255,255
3,77,3,97,1957,255,255,255
3,77,4,97,1958,255,255,255
3,77,5,97,1959,255,255,255
3,77,6,97,1960,255,255,255
3,77,7,97,1961,255,255,255
3,77,8,97,1962,255,255,255
3,77,9,97,1963,255,255,255
3,77,10,97,1964,255,255,255
3,77,11,97,1965,255,255,255
3,77,12,97,1966,255,255,255
3,77,13,97,1967,255,255,255
3,77,14,97,1968,255,255,255
3,77,15,97,1969,255,255,255
3,77,16,97,1970,255,255,255
3,77,17,97,1971,255,255,255
3,77,18,97,1972,255,255,255
3,77,19,97,1973,255,255,255
3,77,20,97,1974,255,255,255
3,77,21,97,1975,255,255,255
3,77,22,97,1976,255,255,255
3,77,23,97,1977,255,255,255
3,77,24,97,1978,255,255,255
3,77,25,97,1979,255,255,255
3,77,26,97,1980,255,255,255
3,77,27,97,1981,255,255,255
3,77,28,97,1982,255,255,255
3,77,29,97,1983,255,255,255
3,77,30,97,1984,255,255,255
3,77,31,97,1985,255,255,255
3,77,32,97,1986,255,255,255
3,77,33,97,1987,255,255,255
3,77,34,97,1988,255,255,255
3,77,35,97,1989,255,255,255
3,77,36,97,1990,255,255,255
3,77,37,97,1991,255,255,255
3,77,38,97,1992,255,255,255
3,77,39,97,1993,255,255,255
3,77,40,97,1994,255,255,255
3,77,41,97,1995,255,255,255
3,77,42,97,1996,255,255,255
3,77,43,97,1997,255,255,255
3,77,44,97,1998,255,255,255
3,77,45,97,1999,255,255,255
3,77,46,97,2000,255,255,255
3,77,47,97,2001,255,255,255
3,77,48,97,2002,255,255,255
3,77,49,97,2003,255,255,255
3,77,50,97,2004,255,255,255
3,77,51,97,2005,255,255,255
3,77,52,97,2006,255,255,255
3,77,53,97,2007,255,255,255
3,77,54,97,2008,255,255,255
3,77,55,97,2009,255,255,255
3,77,56,97,2010,255,255,255
3,77,57,97,2011,255,255,255
3,77,58,97,2012,255,255,255
3,77,59,97,2013,255,255,255
3,77,60,97,2014,255,255,255
3,77,61,97,2015,255,255,255
3,77,62,97,2016,255,255,255
3,77,63,97,2017,255,255,255
3,77,64,97,2018,255,255,255
3,77,65,97,2019,255,255,255
3,77,66,97,2020,255,255,255
3,77,67,97,2021,255,255,255
3,77,68,97,2022,254,254,254
3,78,0,98,1954,255,255,255
3,78,1,98,1955,255,255,255
3,78,2,98,1956,255,255,255
3,78,3,98,1957,255,255,255
3,78,4,98,1958,255,255,255
3,78,5,98,1959,255,255,255
3,78,6,98,1960,255,255,255
3,78,7,98,1961,255,255,255
3,78,8,98,1962,255,255,255
3,78,9,98,1963,255,255,255
3,78,10,98,1964,255,255,255
3,78,11,98,1965,255,255,255
3,78,12,98,1966,255,255,255
3,78,13,98,1967,255,255,255
3,78,14,98,1968,255,255,255
3,78,15,98,1969,255,255,255
3,78,16,98,1970,255,255,255
3,78,17,98,1971,255,255,255
3,78,18,98,1972,255,255,255
3,78,19,98,1973,255,255,255
3,78,20,98,1974,255,255,255
3,78,21,98,1975,255,255,255
3,78,22,98,1976,255,255,255
3,78,23,98,1977,255,255,255
3,78,24,98,1978,255,255,255
3,78,25,98,1979,255,255,255
3,78,26,98,1980,255,255,255
3,78,27,98,1981,255,255,255
3,78,28,98,1982,255,255,255
3,78,29,98,1983,255,255,255
3,78,30,98,1984,255,255,255
3,78,31,98,1985,255,255,255
3,78,32,98,1986,255,255,255
3,78,33,98,1987,255,255,255
3,78,34,98,1988,255,255,255
3,78,35,98,1989,255,255,255
3,78,36,98,1990,255,255,255
3,78,37,98,1991,255,255,255
3,78,38,98,1992,255,255,255
3,78,39,98,1993,255,255,255
3,78,40,98,1994,255,255,255
3,78,41,98,1995,255,255,255
3,78,42,98,1996,255,255,255
3,78,43,98,1997,255,255,255
3,78,44,98,1998,255,255,255
3,78,45,98,1999,255,255,255
3,78,46,98,2000,255,255,255
3,78,47,98,2001,255,255,255
3,78,48,98,2002,255,255,255
3,78,49,98,2003,255,255,255
3,78,50,98,2004,255,255,255
3,78,51,98,2005,255,255,255
3,78,52,98,2006,255,255,255
3,78,53,98,2007,255,255,255
3,78,54,98,2008,255,255,255
3,78,55,98,2009,255,255,255
3,78,56,98,2010,255,255,255
3,78,57,98,2011,255,255,255
3,78,58,98,2012,255,255,255
3,78,59,98,2013,255,255,255
3,78,60,98,2014,255,255,255
3,78,61,98,2015,255,255,255
3,78,62,98,2016,255,255,255
3,78,63,98,2017,255,255,255
3,78,64,98,2018,255,255,255
3,78,65,98,2019,255,255,255
3,78,66,98,2020,255,255,255
3,78,67,98,2021,255,255,255
3,78,68,98,2022,251,251,251
3,79,0,99,1954,29,29,29
3,79,1,99,1955,30,30,30
3,79,2,99,1956,30,30,30
3,79,3,99,1957,30,30,30
3,79,4,99,1958,29,29,29
3,79,5,99,1959,32,32,32
3,79,6,99,1960,26,26,26
3,79,7,99,1961,30,30,30
3,79,8,99,1962,30,30,30
3,79,9,99,1963,29,29,29
3,79,10,99,1964,30,30,30
3,79,11,99,1965,30,30,30
3,79,12,99,1966,30,30,30
3,79,13,99,1967,30,30,30
3,79,14,99,1968,30,30,30
3,79,15,99,1969,30,30,30
3,79,16,99,1970,29,29,29
3,79,17,99,1971,30,30,30
3,79,18,99,1972,29,29,29
3,79,19,99,1973,30,30,30
3,79,20,99,1974,30,30,30
3,79,21,99,1975,29,29,29
3,79,22,99,1976,30,30,30
3,79,23,99,1977,29,29,29
3,79,24,99,1978,30,30,30
3,79,25,99,1979,33,33,33
3,79,26,99,1980,31,31,31
3,79,27,99,1981,30,30,30
3,79,28,99,1982,30,30,30
3,79,29,99,1983,30,30,30
3,79,30,99,1984,30,30,30
3,79,31,99,1985,30,30,30
3,79,32,99,1986,30,30,30
3,79,33,99,1987,30,30,30
3,79,34,99,1988,30,30,30
3,79,35,99,1989,29,29,29
3,79,36,99,1990,29,29,29
3,79,37,99,1991,30,30,30
3,79,38,99,1992,30,30,30
3,79,39,99,1993,30,30,30
3,79,40,99,1994,30,30,30
3,79,41,99,1995,30,30,30
3,79,42,99,1996,30,30,30
3,79,43,99,1997,30,30,30
3,79,44,99,1998,30,30,30
3,79,45,99,1999,30,30,30
3,79,46,99,2000,28,28,28
3,79,47,99,2001,29,29,29
3,79,48,99,2002,30,30,30
3,79,49,99,2003,30,30,30
3,79,50,99,2004,29,29,29
3,79,51,99,2005,29,29,29
3,79,52,99,2006,30,30,30
3,79,53,99,2007,30,30,30
3,79,54,99,2008,29,29,29
3,79,55,99,2009,30,30,30
3,79,56,99,2010,30,30,30
3,79,57,99,2011,30,30,30
3,79,58,99,2012,29,29,29
3,79,59,99,2013,30,30,30
3,79,60,99,2014,30,30,30
3,79,61,99,2015,29,29,29
3,79,62,99,2016,29,29,29
3,79,63,99,2017,29,29,29
3,79,64,99,2018,29,29,29
3,79,65,99,2019,30,30,30
3,79,66,99,2020,23,23,23
3,79,67,99,2021,28,28,28
3,79,68,99,2022,27,27,27
4,0,0,20,1954,74,74,74
4,0,1,20,1955,76,76,76
4,0,2,20,1956,99,99,99
4,0,3,20,1957,95,95,95
4,0,4,20,1958,98,98,98
4,0,5,20,1959,97,97,97
4,0,6,20,1960,75,75,75
4,0,7,20,1961,99,99,99
4,0,8,20,1962,98,98,98
4,0,9,20,1963,95,95,95
4,0,10,20,1964,76,76,76
4,0,11,20,1965,99,99,99
4,0,12,20,1966,97,97,97
4,0,13,20,1967,76,76,76
4,0,14,20,1968,98,98,98
4,0,15,20,1969,98,98,98
4,0,16,20,1970,74,74,74
4,0,17,20,1971,75,75,75
4,0,18,20,1972,95,95,95
4,0,19,20,1973,96,96,96
4,0,20,20,1974,71,71,71
4,0,21,20,1975,71,71,71
4,0,22,20,1976,77,77,77
4,0,23,20,1977,73,73,73
4,0,24,20,1978,77,77,77
4,0,25,20,1979,68,68,68
4,0,26,20,1980,96,96,96
4,0,27,20,1981,98,98,98
4,0,28,20,1982,101,101,101
4,0,29,20,1983,95,95,95
4,0,30,20,1984,75,75,75
4,0,31,20,1985,93,93,93
4,0,32,20,1986,78,78,78
4,0,33,20,1987,100,100,100
4,0,34,20,1988,99,99,99
4,0,35,20,1989,97,97,97
4,0,36,20,1990,94,94,94
4,0,37,20,1991,104,104,104
4,0,38,20,1992,99,99,99
4,0,39,20,1993,100,100,100
4,0,40,20,1994,104,104,104
4,0,41,20,1995,78,78,78
4,0,42,20,1996,80,80,80
4,0,43,20,1997,79,79,79
4,0,44,20,1998,73,73,73
4,0,45,20,1999,93,93,93
4,0,46,20,2000,98,98,98
4,0,47,20,2001,134,134,134
4,0,48,20,2002,90,90,90
4,0,49,20,2003,112,112,112
4,0,50,20,2004,122,122,122
4,0,51,20,2005,87,87,87
4,0,52,20,2006,137,137,137
4,0,53,20,2007,74,74,74
4,0,54,20,2008,119,119,119
4,0,55,20,2009,69,69,69
4,0,56,20,2010,83,83,83
4,0,57,20,2011,100,100,100
4,0,58,20,2012,77,77,77
4,0,59,20,2013,118,118,118
4,0,60,20,2014,72,72,72
4,0,61,20,2015,75,75,75
4,0,62,20,2016,106,106,106
4,0,63,20,2017,76,76,76
4,0,64,20,2018,76,76,76
4,0,65,20,2019,74,74,74
4,0,66,20,2020,101,101,101
4,0,67,20,2021,80,80,80
4,0,68,20,2022,98,98,98
4,1,0,21,1954,143,143,143
4,1,1,21,1955,129,129,129
4,1,2,21,1956,82,82,82
4,1,3,21,1957,77,77,77
4,1,4,21,1958,115,115,115
4,1,5,21,1959,113,113,113
4,1,6,21,1960,71,71,71
4,1,7,21,1961,134,134,134
4,1,8,21,1962,57,57,57
4,1,9,21,1963,122,122,122
4,1,10,21,1964,114,114,114
4,1,11,21,1965,89,89,89
4,1,12,21,1966,53,53,53
4,1,13,21,1967,123,123,123
4,1,14,21,1968,89,89,89
4,1,15,21,1969,54,54,54
4,1,16,21,1970,70,70,70
4,1,17,21,1971,87,87,87
4,1,18,21,1972,117,117,117
4,1,19,21,1973,59,59,59
4,1,20,21,1974,20,20,20
4,1,21,21,1975,111,111,111
4,1,22,21,1976,98,98,98
4,1,23,21,1977,57,57,57
4,1,24,21,1978,100,100,100
4,1,25,21,1979,108,108,108
4,1,26,21,1980,127,127,127
4,1,27,21,1981,84,84,84
4,1,28,21,1982,117,117,117
4,1,29,21,1983,122,122,122
4,1,30,21,1984,72,72,72
4,1,31,21,1985,128,128,128
4,1,32,21,1986,96,96,96
4,1,33,21,1987,95,95,95
4,1,34,21,1988,95,95,95
4,1,35,21,1989,126,126,126
4,1,36,21,1990,90,90,90
4,1,37,21,1991,121,121,121
4,1,38,21,1992,113,113,113
4,1,39,21,1993,86,86,86
4,1,40,21,1994,100,100,100
4,1,41,21,1995,145,145,145
4,1,42,21,1996,127,127,127
4,1,43,21,1997,134,134,134
4,1,44,21,1998,125,125,125
4,1,45,21,1999,117,117,117
4,1,46,21,2000,68,68,68
4,1,47,21,2001,116,116,116
4,1,48,21,2002,55,55,55
4,1,49,21,2003,80,80,80
4,1,50,21,2004,132,132,132
4,1,51,21,2005,103,103,103
4,1,52,21,2006,144,144,144
4,1,53,21,2007,112,112,112
4,1,54,21,2008,123,123,123
4,1,55,21,2009,0,0,0
4,1,56,21,2010,134,134,134
4,1,57,21,2011,115,115,115
4,1,58,21,2012,98,98,98
4,1,59,21,2013,135,135,135
4,1,60,21,2014,129,129,129
4,1,61,21,2015,90,90,90
4,1,62,21,2016,77,77,77
4,1,63,21,2017,114,114,114
4,1,64,21,2018,106,106,106
4,1,65,21,2019,95,95,95
4,1,66,21,2020,129,129,129
4,1,67,21,2021,126,126,126
4,1,68,21,2022,130,130,130
4,2,0,22,1954,142,142,142
4,2,1,22,1955,164,164,164
4,2,2,22,1956,107,107,107
4,2,3,22,1957,54,54,54
4,2,4,22,1958,111,111,111
4,2,5,22,1959,121,121,121
4,2,6,22,1960,80,80,80
4,2,7,22,1961,123,123,123
4,2,8,22,1962,88,88,88
4,2,9,22,1963,117,117,117
4,2,10,22,1964,134,134,134
4,2,11,22,1965,99,99,99
4,2,12,22,1966,65,65,65
4,2,13,22,1967,115,115,115
4,2,14,22,1968,110,110,110
4,2,15,22,1969,85,85,85
4,2,16,22,1970,92,92,92
4,2,17,22,1971,82,82,82
4,2,18,22,1972,103,103,103
4,2,19,22,1973,65,65,65
4,2,20,22,1974,7,7,7
4,2,21,22,1975,105,105,105
4,2,22,22,1976,150,150,150
4,2,23,22,1977,100,100,100
4,2,24,22,1978,96,96,96
4,2,25,22,1979,84,84,84
4,2,26,22,1980,138,138,138
4,2,27,22,1981,114,114,114
4,2,28,22,1982,116,116,116
4,2,29,22,1983,131,131,131
4,2,30,22,1984,93,93,93
4,2,31,22,1985,126,126,126
4,2,32,22,1986,121,121,121
4,2,33,22,1987,117,117,117
4,2,34,22,1988,88,88,88
4,2,35,22,1989,148,148,148
4,2,36,22,1990,113,113,113
4,2,37,22,1991,120,120,120
4,2,38,22,1992,134,134,134
4,2,39,22,1993,99,99,99
4,2,40,22,1994,108,108,108
4,2,41,22,1995,135,135,135
4,2,42,22,1996,160,160,160
4,2,43,22,1997,157,157,157
4,2,44,22,1998,151,151,151
4,2,45,22,1999,164,164,164
4,2,46,22,2000,97,97,97
4,2,47,22,2001,135,135,135
4,2,48,22,2002,54,54,54
4,2,49,22,2003,76,76,76
4,2,50,22,2004,136,136,136
4,2,51,22,2005,145,145,145
4,2,52,22,2006,167,167,167
4,2,53,22,2007,124,124,124
4,2,54,22,2008,136,136,136
4,2,55,22,2009,4,4,4
4,2,56,22,2010,109,109,109
4,2,57,22,2011,122,122,122
4,2,58,22,2012,96,96,96
4,2,59,22,2013,135,135,135
4,2,60,22,2014,146,146,146
4,2,61,22,2015,146,146,146
4,2,62,22,2016,115,115,115
4,2,63,22,2017,116,116,116
4,2,64,22,2018,139,139,139
4,2,65,22,2019,112,112,112
4,2,66,22,2020,127,127,127
4,2,67,22,2021,151,151,151
4,2,68,22,2022,123,123,123
4,3,0,23,1954,150,150,150
4,3,1,23,1955,168,168,168
4,3,2,23,1956,157,157,157
4,3,3,23,1957,89,89,89
4,3,4,23,1958,139,139,139
4,3,5,23,1959,122,122,122
4,3,6,23,1960,141,141,141
4,3,7,23,1961,133,133,133
4,3,8,23,1962,110,110,110
4,3,9,23,1963,109,109,109
4,3,10,23,1964,135,135,135
4,3,11,23,1965,143,143,143
4,3,12,23,1966,111,111,111
4,3,13,23,1967,118,118,118
4,3,14,23,1968,109,109,109
4,3,15,23,1969,114,114,114
4,3,16,23,1970,66,66,66
4,3,17,23,1971,112,112,112
4,3,18,23,1972,108,108,108
4,3,19,23,1973,106,106,106
4,3,20,23,1974,15,15,15
4,3,21,23,1975,109,109,109
4,3,22,23,1976,131,131,131
4,3,23,23,1977,116,116,116
4,3,24,23,1978,108,108,108
4,3,25,23,1979,112,112,112
4,3,26,23,1980,119,119,119
4,3,27,23,1981,130,130,130
4,3,28,23,1982,132,132,132
4,3,29,23,1983,134,134,134
4,3,30,23,1984,133,133,133
4,3,31,23,1985,144,144,144
4,3,32,23,1986,149,149,149
4,3,33,23,1987,128,128,128
4,3,34,23,1988,134,134,134
4,3,35,23,1989,128,128,128
4,3,36,23,1990,136,136,136
4,3,37,23,1991,123,123,123
4,3,38,23,1992,113,113,113
4,3,39,23,1993,123,123,123
4,3,40,23,1994,122,122,122
4,3,41,23,1995,146,146,146
4,3,42,23,1996,158,158,158
4,3,43,23,1997,184,184,184
4,3,44,23,1998,173,173,173
4,3,45,23,1999,183,183,183
4,3,46,23,2000,146,146,146
4,3,47,23,2001,151,151,151
4,3,48,23,2002,55,55,55
4,3,49,23,2003,77,77,77
4,3,50,23,2004,140,140,140
4,3,51,23,2005,126,126,126
4,3,52,23,2006,182,182,182
4,3,53,23,2007,136,136,136
4,3,54,23,2008,121,121,121
4,3,55,23,2009,12,12,12
4,3,56,23,2010,135,135,135
4,3,57,23,2011,122,122,122
4,3,58,23,2012,142,142,142
4,3,59,23,2013,148,148,148
4,3,60,23,2014,142,142,142
4,3,61,23,2015,137,137,137
4,3,62,23,2016,149,149,149
4,3,63,23,2017,132,132,132
4,3,64,23,2018,138,138,138
4,3,65,23,2019,126,126,126
4,3,66,23,2020,139,139,139
4,3,67,23,2021,149,149,149
4,3,68,23,2022,162,162,162
4,4,0,24,1954,168,168,168
4,4,1,24,1955,171,171,171
4,4,2,24,1956,159,159,159
4,4,3,24,1957,157,157,157
4,4,4,24,1958,152,152,152
4,4,5,24,1959,146,146,146
4,4,6,24,1960,141,141,141
4,4,7,24,1961,143,143,143
4,4,8,24,1962,115,115,115
4,4,9,24,1963,112,112,112
4,4,10,24,1964,149,149,149
4,4,11,24,1965,145,145,145
4,4,12,24,1966,133,133,133
4,4,13,24,1967,133,133,133
4,4,14,24,1968,107,107,107
4,4,15,24,1969,86,86,86
4,4,16,24,1970,80,80,80
4,4,17,24,1971,88,88,88
4,4,18,24,1972,104,104,104
4,4,19,24,1973,80,80,80
4,4,20,24,1974,26,26,26
4,4,21,24,1975,107,107,107
4,4,22,24,1976,133,133,133
4,4,23,24,1977,117,117,117
4,4,24,24,1978,123,123,123
4,4,25,24,1979,120,120,120
4,4,26,24,1980,115,115,115
4,4,27,24,1981,111,111,111
4,4,28,24,1982,146,146,146
4,4,29,24,1983,148,148,148
4,4,30,24,1984,134,134,134
4,4,31,24,1985,157,157,157
4,4,32,24,1986,146,146,146
4,4,33,24,1987,149,149,149
4,4,34,24,1988,160,160,160
4,4,35,24,1989,145,145,145
4,4,36,24,1990,108,108,108
4,4,37,24,1991,153,153,153
4,4,38,24,1992,152,152,152
4,4,39,24,1993,120,120,120
4,4,40,24,1994,143,143,143
4,4,41,24,1995,159,159,159
4,4,42,24,1996,162,162,162
4,4,43,24,1997,181,181,181
4,4,44,24,1998,194,194,194
4,4,45,24,1999,197,197,197
4,4,46,24,2000,149,149,149
4,4,47,24,2001,143,143,143
4,4,48,24,2002,57,57,57
4,4,49,24,2003,97,97,97
4,4,50,24,2004,156,156,156
4,4,51,24,2005,146,146,146
4,4,52,24,2006,168,168,168
4,4,53,24,2007,157,157,157
4,4,54,24,2008,154,154,154
4,4,55,24,2009,33,33,33
4,4,56,24,2010,135,135,135
4,4,57,24,2011,122,122,122
4,4,58,24,2012,124,124,124
4,4,59,24,2013,154,154,154
4,4,60,24,2014,157,157,157
4,4,61,24,2015,155,155,155
4,4,62,24,2016,161,161,161
4,4,63,24,2017,161,161,161
4,4,64,24,2018,151,151,151
4,4,65,24,2019,128,128,128
4,4,66,24,2020,129,129,129
4,4,67,24,2021,157,157,157
4,4,68,24,2022,165,165,165
4,5,0,25,1954,180,180,180
4,5,1,25,1955,183,183,183
4,5,2,25,1956,176,176,176
4,5,3,25,1957,139,139,139
4,5,4,25,1958,168,168,168
4,5,5,25,1959,142,142,142
4,5,6,25,1960,142,142,142
4,5,7,25,1961,146,146,146
4,5,8,25,1962,133,133,133
4,5,9,25,1963,141,141,141
4,5,10,25,1964,151,151,151
4,5,11,25,1965,159,159,159
4,5,12,25,1966,133,133,133
4,5,13,25,1967,150,150,150
4,5,14,25,1968,119,119,119
4,5,15,25,1969,108,108,108
4,5,16,25,1970,88,88,88
4,5,17,25,1971,126,126,126
4,5,18,25,1972,131,131,131
4,5,19,25,1973,82,82,82
4,5,20,25,1974,28,28,28
4,5,21,25,1975,111,111,111
4,5,22,25,1976,133,133,133
4,5,23,25,1977,119,119,119
4,5,24,25,1978,141,141,141
4,5,25,25,1979,152,152,152
4,5,26,25,1980,147,147,147
4,5,27,25,1981,113,113,113
4,5,28,25,1982,149,149,149
4,5,29,25,1983,161,161,161
4,5,30,25,1984,127,127,127
4,5,31,25,1985,137,137,137
4,5,32,25,1986,156,156,156
4,5,33,25,1987,144,144,144
4,5,34,25,1988,156,156,156
4,5,35,25,1989,178,178,178
4,5,36,25,1990,122,122,122
4,5,37,25,1991,160,160,160
4,5,38,25,1992,167,167,167
4,5,39,25,1993,161,161,161
4,5,40,25,1994,142,142,142
4,5,41,25,1995,172,172,172
4,5,42,25,1996,168,168,168
4,5,43,25,1997,184,184,184
4,5,44,25,1998,192,192,192
4,5,45,25,1999,211,211,211
4,5,46,25,2000,168,168,168
4,5,47,25,2001,189,189,189
4,5,48,25,2002,103,103,103
4,5,49,25,2003,121,121,121
4,5,50,25,2004,139,139,139
4,5,51,25,2005,126,126,126
4,5,52,25,2006,169,169,169
4,5,53,25,2007,156,156,156
4,5,54,25,2008,170,170,170
4,5,55,25,2009,57,57,57
4,5,56,25,2010,112,112,112
4,5,57,25,2011,123,123,123
4,5,58,25,2012,126,126,126
4,5,59,25,2013,149,149,149
4,5,60,25,2014,173,173,173
4,5,61,25,2015,147,147,147
4,5,62,25,2016,161,161,161
4,5,63,25,2017,173,173,173
4,5,64,25,2018,170,170,170
4,5,65,25,2019,144,144,144
4,5,66,25,2020,132,132,132
4,5,67,25,2021,169,169,169
4,5,68,25,2022,176,176,176
4,6,0,26,1954,189,189,189
4,6,1,26,1955,199,199,199
4,6,2,26,1956,170,170,170
4,6,3,26,1957,146,146,146
4,6,4,26,1958,165,165,165
4,6,5,26,1959,175,175,175
4,6,6,26,1960,147,147,147
4,6,7,26,1961,168,168,168
4,6,8,26,1962,133,133,133
4,6,9,26,1963,147,147,147
4,6,10,26,1964,154,154,154
4,6,11,26,1965,158,158,158
4,6,12,26,1966,148,148,148
4,6,13,26,1967,153,153,153
4,6,14,26,1968,160,160,160
4,6,15,26,1969,123,123,123
4,6,16,26,1970,111,111,111
4,6,17,26,1971,128,128,128
4,6,18,26,1972,143,143,143
4,6,19,26,1973,82,82,82
4,6,20,26,1974,28,28,28
4,6,21,26,1975,137,137,137
4,6,22,26,1976,134,134,134
4,6,23,26,1977,119,119,119
4,6,24,26,1978,145,145,145
4,6,25,26,1979,153,153,153
4,6,26,26,1980,172,172,172
4,6,27,26,1981,143,143,143
4,6,28,26,1982,148,148,148
4,6,29,26,1983,163,163,163
4,6,30,26,1984,140,140,140
4,6,31,26,1985,166,166,166
4,6,32,26,1986,155,155,155
4,6,33,26,1987,175,175,175
4,6,34,26,1988,175,175,175
4,6,35,26,1989,178,178,178
4,6,36,26,1990,174,174,174
4,6,37,26,1991,173,173,173
4,6,38,26,1992,168,168,168
4,6,39,26,1993,172,172,172
4,6,40,26,1994,163,163,163
4,6,41,26,1995,171,171,171
4,6,42,26,1996,190,190,190
4,6,43,26,1997,192,192,192
4,6,44,26,1998,198,198,198
4,6,45,26,1999,211,211,211
4,6,46,26,2000,205,205,205
4,6,47,26,2001,205,205,205
4,6,48,26,2002,115,115,115
4,6,49,26,2003,133,133,133
4,6,50,26,2004,131,131,131
4,6,51,26,2005,129,129,129
4,6,52,26,2006,186,186,186
4,6,53,26,2007,154,154,154
4,6,54,26,2008,152,152,152
4,6,55,26,2009,66,66,66
4,6,56,26,2010,135,135,135
4,6,57,26,2011,123,123,123
4,6,58,26,2012,146,146,146
4,6,59,26,2013,152,152,152
4,6,60,26,2014,160,160,160
4,6,61,26,2015,184,184,184
4,6,62,26,2016,151,151,151
4,6,63,26,2017,154,154,154
4,6,64,26,2018,167,167,167
4,6,65,26,2019,167,167,167
4,6,66,26,2020,164,164,164
4,6,67,26,2021,168,168,168
4,6,68,26,2022,182,182,182
4,7,0,27,1954,169,169,169
4,7,1,27,1955,202,202,202
4,7,2,27,1956,191,191,191
4,7,3,27,1957,157,157,157
4,7,4,27,1958,186,186,186
4,7,5,27,1959,171,171,171
4,7,6,27,1960,183,183,183
4,7,7,27,1961,155,155,155
4,7,8,27,1962,132,132,132
4,7,9,27,1963,166,166,166
4,7,10,27,1964,178,178,178
4,7,11,27,1965,140,140,140
4,7,12,27,1966,118,118,118
4,7,13,27,1967,158,158,158
4,7,14,27,1968,141,141,141
4,7,15,27,1969,142,142,142
4,7,16,27,1970,121,121,121
4,7,17,27,1971,119,119,119
4,7,18,27,1972,115,115,115
4,7,19,27,1973,117,117,117
4,7,20,27,1974,37,37,37
4,7,21,27,1975,131,131,131
4,7,22,27,1976,130,130,130
4,7,23,27,1977,118,118,118
4,7,24,27,1978,141,141,141
4,7,25,27,1979,155,155,155
4,7,26,27,1980,174,174,174
4,7,27,27,1981,166,166,166
4,7,28,27,1982,154,154,154
4,7,29,27,1983,162,162,162
4,7,30,27,1984,163,163,163
4,7,31,27,1985,181,181,181
4,7,32,27,1986,170,170,170
4,7,33,27,1987,155,155,155
4,7,34,27,1988,168,168,168
4,7,35,27,1989,174,174,174
4,7,36,27,1990,171,171,171
4,7,37,27,1991,187,187,187
4,7,38,27,1992,179,179,179
4,7,39,27,1993,152,152,152
4,7,40,27,1994,157,157,157
4,7,41,27,1995,184,184,184
4,7,42,27,1996,183,183,183
4,7,43,27,1997,191,191,191
4,7,44,27,1998,204,204,204
4,7,45,27,1999,203,203,203
4,7,46,27,2000,203,203,203
4,7,47,27,2001,217,217,217
4,7,48,27,2002,156,156,156
4,7,49,27,2003,168,168,168
4,7,50,27,2004,137,137,137
4,7,51,27,2005,131,131,131
4,7,52,27,2006,166,166,166
4,7,53,27,2007,133,133,133
4,7,54,27,2008,153,153,153
4,7,55,27,2009,67,67,67
4,7,56,27,2010,111,111,111
4,7,57,27,2011,142,142,142
4,7,58,27,2012,122,122,122
4,7,59,27,2013,153,153,153
4,7,60,27,2014,176,176,176
4,7,61,27,2015,182,182,182
4,7,62,27,2016,187,187,187
4,7,63,27,2017,181,181,181
4,7,64,27,2018,187,187,187
4,7,65,27,2019,177,177,177
4,7,66,27,2020,183,183,183
4,7,67,27,2021,181,181,181
4,7,68,27,2022,167,167,167
4,8,0,28,1954,168,168,168
4,8,1,28,1955,187,187,187
4,8,2,28,1956,203,203,203
4,8,3,28,1957,190,190,190
4,8,4,28,1958,195,195,195
4,8,5,28,1959,176,176,176
4,8,6,28,1960,168,168,168
4,8,7,28,1961,197,197,197
4,8,8,28,1962,147,147,147
4,8,9,28,1963,166,166,166
4,8,10,28,1964,160,160,160
4,8,11,28,1965,167,167,167
4,8,12,28,1966,151,151,151
4,8,13,28,1967,157,157,157
4,8,14,28,1968,170,170,170
4,8,15,28,1969,143,143,143
4,8,16,28,1970,142,142,142
4,8,17,28,1971,135,135,135
4,8,18,28,1972,118,118,118
4,8,19,28,1973,91,91,91
4,8,20,28,1974,37,37,37
4,8,21,28,1975,135,135,135
4,8,22,28,1976,130,130,130
4,8,23,28,1977,118,118,118
4,8,24,28,1978,126,126,126
4,8,25,28,1979,150,150,150
4,8,26,28,1980,171,171,171
4,8,27,28,1981,167,167,167
4,8,28,28,1982,182,182,182
4,8,29,28,1983,167,167,167
4,8,30,28,1984,167,167,167
4,8,31,28,1985,162,162,162
4,8,32,28,1986,189,189,189
4,8,33,28,1987,185,185,185
4,8,34,28,1988,167,167,167
4,8,35,28,1989,186,186,186
4,8,36,28,1990,167,167,167
4,8,37,28,1991,188,188,188
4,8,38,28,1992,195,195,195
4,8,39,28,1993,168,168,168
4,8,40,28,1994,159,159,159
4,8,41,28,1995,192,192,192
4,8,42,28,1996,194,194,194
4,8,43,28,1997,191,191,191
4,8,44,28,1998,212,212,212
4,8,45,28,1999,209,209,209
4,8,46,28,2000,193,193,193
4,8,47,28,2001,208,208,208
4,8,48,28,2002,165,165,165
4,8,49,28,2003,189,189,189
4,8,50,28,2004,150,150,150
4,8,51,28,2005,149,149,149
4,8,52,28,2006,168,168,168
4,8,53,28,2007,156,156,156
4,8,54,28,2008,169,169,169
4,8,55,28,2009,89,89,89
4,8,56,28,2010,112,112,112
4,8,57,28,2011,144,144,144
4,8,58,28,2012,125,125,125
4,8,59,28,2013,151,151,151
4,8,60,28,2014,158,158,158
4,8,61,28,2015,166,166,166
4,8,62,28,2016,170,170,170
4,8,63,28,2017,195,195,195
4,8,64,28,2018,191,191,191
4,8,65,28,2019,176,176,176
4,8,66,28,2020,191,191,191
4,8,67,28,2021,195,195,195
4,8,68,28,2022,193,193,193
4,9,0,29,1954,187,187,187
4,9,1,29,1955,189,189,189
4,9,2,29,1956,189,189,189
4,9,3,29,1957,180,180,180
4,9,4,29,1958,206,206,206
4,9,5,29,1959,188,188,188
4,9,6,29,1960,176,176,176
4,9,7,29,1961,187,187,187
4,9,8,29,1962,191,191,191
4,9,9,29,1963,177,177,177
4,9,10,29,1964,176,176,176
4,9,11,29,1965,168,168,168
4,9,12,29,1966,172,172,172
4,9,13,29,1967,144,144,144
4,9,14,29,1968,170,170,170
4,9,15,29,1969,154,154,154
4,9,16,29,1970,141,141,141
4,9,17,29,1971,153,153,153
4,9,18,29,1972,130,130,130
4,9,19,29,1973,95,95,95
4,9,20,29,1974,42,42,42
4,9,21,29,1975,133,133,133
4,9,22,29,1976,132,132,132
4,9,23,29,1977,117,117,117
4,9,24,29,1978,145,145,145
4,9,25,29,1979,149,149,149
4,9,26,29,1980,154,154,154
4,9,27,29,1981,149,149,149
4,9,28,29,1982,181,181,181
4,9,29,29,1983,191,191,191
4,9,30,29,1984,171,171,171
4,9,31,29,1985,179,179,179
4,9,32,29,1986,195,195,195
4,9,33,29,1987,195,195,195
4,9,34,29,1988,193,193,193
4,9,35,29,1989,184,184,184
4,9,36,29,1990,177,177,177
4,9,37,29,1991,199,199,199
4,9,38,29,1992,195,195,195
4,9,39,29,1993,201,201,201
4,9,40,29,1994,184,184,184
4,9,41,29,1995,178,178,178
4,9,42,29,1996,191,191,191
4,9,43,29,1997,211,211,211
4,9,44,29,1998,211,211,211
4,9,45,29,1999,217,217,217
4,9,46,29,2000,195,195,195
4,9,47,29,2001,205,205,205
4,9,48,29,2002,181,181,181
4,9,49,29,2003,192,192,192
4,9,50,29,2004,189,189,189
4,9,51,29,2005,180,180,180
4,9,52,29,2006,182,182,182
4,9,53,29,2007,131,131,131
4,9,54,29,2008,170,170,170
4,9,55,29,2009,85,85,85
4,9,56,29,2010,113,113,113
4,9,57,29,2011,123,123,123
4,9,58,29,2012,145,145,145
4,9,59,29,2013,153,153,153
4,9,60,29,2014,158,158,158
4,9,61,29,2015,172,172,172
4,9,62,29,2016,185,185,185
4,9,63,29,2017,181,181,181
4,9,64,29,2018,194,194,194
4,9,65,29,2019,168,168,168
4,9,66,29,2020,190,190,190
4,9,67,29,2021,203,203,203
4,9,68,29,2022,200,200,200
4,10,0,30,1954,197,197,197
4,10,1,30,1955,193,193,193
4,10,2,30,1956,205,205,205
4,10,3,30,1957,179,179,179
4,10,4,30,1958,210,210,210
4,10,5,30,1959,212,212,212
4,10,6,30,1960,200,200,200
4,10,7,30,1961,200,200,200
4,10,8,30,1962,177,177,177
4,10,9,30,1963,201,201,201
4,10,10,30,1964,190,190,190
4,10,11,30,1965,170,170,170
4,10,12,30,1966,157,157,157
4,10,13,30,1967,188,188,188
4,10,14,30,1968,176,176,176
4,10,15,30,1969,158,158,158
4,10,16,30,1970,150,150,150
4,10,17,30,1971,158,158,158
4,10,18,30,1972,169,169,169
4,10,19,30,1973,131,131,131
4,10,20,30,1974,61,61,61
4,10,21,30,1975,136,136,136
4,10,22,30,1976,152,152,152
4,10,23,30,1977,122,122,122
4,10,24,30,1978,145,145,145
4,10,25,30,1979,153,153,153
4,10,26,30,1980,173,173,173
4,10,27,30,1981,168,168,168
4,10,28,30,1982,179,179,179
4,10,29,30,1983,195,195,195
4,10,30,30,1984,189,189,189
4,10,31,30,1985,187,187,187
4,10,32,30,1986,180,180,180
4,10,33,30,1987,180,180,180
4,10,34,30,1988,198,198,198
4,10,35,30,1989,196,196,196
4,10,36,30,1990,181,181,181
4,10,37,30,1991,206,206,206
4,10,38,30,1992,204,204,204
4,10,39,30,1993,182,182,182
4,10,40,30,1994,201,201,201
4,10,41,30,1995,206,206,206
4,10,42,30,1996,192,192,192
4,10,43,30,1997,207,207,207
4,10,44,30,1998,218,218,218
4,10,45,30,1999,213,213,213
4,10,46,30,2000,205,205,205
4,10,47,30,2001,210,210,210
4,10,48,30,2002,167,167,167
4,10,49,30,2003,199,199,199
4,10,50,30,2004,196,196,196
4,10,51,30,2005,198,198,198
4,10,52,30,2006,202,202,202
4,10,53,30,2007,177,177,177
4,10,54,30,2008,172,172,172
4,10,55,30,2009,68,68,68
4,10,56,30,2010,111,111,111
4,10,57,30,2011,145,145,145
4,10,58,30,2012,148,148,148
4,10,59,30,2013,172,172,172
4,10,60,30,2014,174,174,174
4,10,61,30,2015,169,169,169
4,10,62,30,2016,170,170,170
4,10,63,30,2017,194,194,194
4,10,64,30,2018,195,195,195
4,10,65,30,2019,203,203,203
4,10,66,30,2020,201,201,201
4,10,67,30,2021,203,203,203
4,10,68,30,2022,210,210,210
4,11,0,31,1954,202,202,202
4,11,1,31,1955,209,209,209
4,11,2,31,1956,192,192,192
4,11,3,31,1957,180,180,180
4,11,4,31,1958,197,197,197
4,11,5,31,1959,214,214,214
4,11,6,31,1960,208,208,208
4,11,7,31,1961,199,199,199
4,11,8,31,1962,182,182,182
4,11,9,31,1963,200,200,200
4,11,10,31,1964,209,209,209
4,11,11,31,1965,191,191,191
4,11,12,31,1966,158,158,158
4,11,13,31,1967,173,173,173
4,11,14,31,1968,178,178,178
4,11,15,31,1969,147,147,147
4,11,16,31,1970,156,156,156
4,11,17,31,1971,145,145,145
4,11,18,31,1972,150,150,150
4,11,19,31,1973,145,145,145
4,11,20,31,1974,58,58,58
4,11,21,31,1975,135,135,135
4,11,22,31,1976,155,155,155
4,11,23,31,1977,121,121,121
4,11,24,31,1978,127,127,127
4,11,25,31,1979,150,150,150
4,11,26,31,1980,172,172,172
4,11,27,31,1981,167,167,167
4,11,28,31,1982,181,181,181
4,11,29,31,1983,190,190,190
4,11,30,31,1984,191,191,191
4,11,31,31,1985,201,201,201
4,11,32,31,1986,182,182,182
4,11,33,31,1987,179,179,179
4,11,34,31,1988,186,186,186
4,11,35,31,1989,212,212,212
4,11,36,31,1990,188,188,188
4,11,37,31,1991,204,204,204
4,11,38,31,1992,199,199,199
4,11,39,31,1993,207,207,207
4,11,40,31,1994,182,182,182
4,11,41,31,1995,213,213,213
4,11,42,31,1996,208,208,208
4,11,43,31,1997,218,218,218
4,11,44,31,1998,212,212,212
4,11,45,31,1999,226,226,226
4,11,46,31,2000,210,210,210
4,11,47,31,2001,227,227,227
4,11,48,31,2002,193,193,193
4,11,49,31,2003,199,199,199
4,11,50,31,2004,192,192,192
4,11,51,31,2005,198,198,198
4,11,52,31,2006,215,215,215
4,11,53,31,2007,188,188,188
4,11,54,31,2008,171,171,171
4,11,55,31,2009,65,65,65
4,11,56,31,2010,107,107,107
4,11,57,31,2011,124,124,124
4,11,58,31,2012,143,143,143
4,11,59,31,2013,173,173,173
4,11,60,31,2014,159,159,159
4,11,61,31,2015,169,169,169
4,11,62,31,2016,171,171,171
4,11,63,31,2017,195,195,195
4,11,64,31,2018,205,205,205
4,11,65,31,2019,189,189,189
4,11,66,31,2020,210,210,210
4,11,67,31,2021,206,206,206
4,11,68,31,2022,208,208,208
4,12,0,32,1954,208,208,208
4,12,1,32,1955,212,212,212
4,12,2,32,1956,197,197,197
4,12,3,32,1957,180,180,180
4,12,4,32,1958,210,210,210
4,12,5,32,1959,204,204,204
4,12,6,32,1960,202,202,202
4,12,7,32,1961,210,210,210
4,12,8,32,1962,193,193,193
4,12,9,32,1963,188,188,188
4,12,10,32,1964,210,210,210
4,12,11,32,1965,213,213,213
4,12,12,32,1966,170,170,170
4,12,13,32,1967,182,182,182
4,12,14,32,1968,179,179,179
4,12,15,32,1969,169,169,169
4,12,16,32,1970,159,159,159
4,12,17,32,1971,142,142,142
4,12,18,32,1972,175,175,175
4,12,19,32,1973,129,129,129
4,12,20,32,1974,105,105,105
4,12,21,32,1975,133,133,133
4,12,22,32,1976,150,150,150
4,12,23,32,1977,121,121,121
4,12,24,32,1978,145,145,145
4,12,25,32,1979,154,154,154
4,12,26,32,1980,154,154,154
4,12,27,32,1981,149,149,149
4,12,28,32,1982,181,181,181
4,12,29,32,1983,174,174,174
4,12,30,32,1984,177,177,177
4,12,31,32,1985,203,203,203
4,12,32,32,1986,202,202,202
4,12,33,32,1987,184,184,184
4,12,34,32,1988,187,187,187
4,12,35,32,1989,202,202,202
4,12,36,32,1990,205,205,205
4,12,37,32,1991,200,200,200
4,12,38,32,1992,199,199,199
4,12,39,32,1993,212,212,212
4,12,40,32,1994,194,194,194
4,12,41,32,1995,213,213,213
4,12,42,32,1996,221,221,221
4,12,43,32,1997,222,222,222
4,12,44,32,1998,215,215,215
4,12,45,32,1999,222,222,222
4,12,46,32,2000,222,222,222
4,12,47,32,2001,215,215,215
4,12,48,32,2002,204,204,204
4,12,49,32,2003,209,209,209
4,12,50,32,2004,207,207,207
4,12,51,32,2005,199,199,199
4,12,52,32,2006,216,216,216
4,12,53,32,2007,206,206,206
4,12,54,32,2008,197,197,197
4,12,55,32,2009,115,115,115
4,12,56,32,2010,108,108,108
4,12,57,32,2011,123,123,123
4,12,58,32,2012,125,125,125
4,12,59,32,2013,170,170,170
4,12,60,32,2014,157,157,157
4,12,61,32,2015,166,166,166
4,12,62,32,2016,171,171,171
4,12,63,32,2017,181,181,181
4,12,64,32,2018,190,190,190
4,12,65,32,2019,187,187,187
4,12,66,32,2020,210,210,210
4,12,67,32,2021,220,220,220
4,12,68,32,2022,216,216,216
4,13,0,33,1954,206,206,206
4,13,1,33,1955,221,221,221
4,13,2,33,1956,204,204,204
4,13,3,33,1957,189,189,189
4,13,4,33,1958,204,204,204
4,13,5,33,1959,203,203,203
4,13,6,33,1960,201,201,201
4,13,7,33,1961,212,212,212
4,13,8,33,1962,205,205,205
4,13,9,33,1963,199,199,199
4,13,10,33,1964,197,197,197
4,13,11,33,1965,213,213,213
4,13,12,33,1966,204,204,204
4,13,13,33,1967,196,196,196
4,13,14,33,1968,178,178,178
4,13,15,33,1969,168,168,168
4,13,16,33,1970,182,182,182
4,13,17,33,1971,153,153,153
4,13,18,33,1972,175,175,175
4,13,19,33,1973,142,142,142
4,13,20,33,1974,107,107,107
4,13,21,33,1975,144,144,144
4,13,22,33,1976,154,154,154
4,13,23,33,1977,120,120,120
4,13,24,33,1978,146,146,146
4,13,25,33,1979,156,156,156
4,13,26,33,1980,155,155,155
4,13,27,33,1981,148,148,148
4,13,28,33,1982,181,181,181
4,13,29,33,1983,189,189,189
4,13,30,33,1984,191,191,191
4,13,31,33,1985,203,203,203
4,13,32,33,1986,202,202,202
4,13,33,33,1987,197,197,197
4,13,34,33,1988,201,201,201
4,13,35,33,1989,200,200,200
4,13,36,33,1990,194,194,194
4,13,37,33,1991,212,212,212
4,13,38,33,1992,215,215,215
4,13,39,33,1993,202,202,202
4,13,40,33,1994,212,212,212
4,13,41,33,1995,224,224,224
4,13,42,33,1996,218,218,218
4,13,43,33,1997,229,229,229
4,13,44,33,1998,226,226,226
4,13,45,33,1999,227,227,227
4,13,46,33,2000,219,219,219
4,13,47,33,2001,225,225,225
4,13,48,33,2002,201,201,201
4,13,49,33,2003,198,198,198
4,13,50,33,2004,204,204,204
4,13,51,33,2005,195,195,195
4,13,52,33,2006,216,216,216
4,13,53,33,2007,207,207,207
4,13,54,33,2008,208,208,208
4,13,55,33,2009,141,141,141
4,13,56,33,2010,133,133,133
4,13,57,33,2011,144,144,144
4,13,58,33,2012,123,123,123
4,13,59,33,2013,151,151,151
4,13,60,33,2014,159,159,159
4,13,61,33,2015,167,167,167
4,13,62,33,2016,169,169,169
4,13,63,33,2017,183,183,183
4,13,64,33,2018,195,195,195
4,13,65,33,2019,185,185,185
4,13,66,33,2020,211,211,211
4,13,67,33,2021,208,208,208
4,13,68,33,2022,218,218,218
4,14,0,34,1954,215,215,215
4,14,1,34,1955,218,218,218
4,14,2,34,1956,223,223,223
4,14,3,34,1957,211,211,211
4,14,4,34,1958,217,217,217
4,14,5,34,1959,204,204,204
4,14,6,34,1960,201,201,201
4,14,7,34,1961,211,211,211
4,14,8,34,1962,217,217,217
4,14,9,34,1963,220,220,220
4,14,10,34,1964,216,216,216
4,14,11,34,1965,204,204,204
4,14,12,34,1966,207,207,207
4,14,13,34,1967,214,214,214
4,14,14,34,1968,198,198,198
4,14,15,34,1969,186,186,186
4,14,16,34,1970,166,166,166
4,14,17,34,1971,176,176,176
4,14,18,34,1972,180,180,180
4,14,19,34,1973,141,141,141
4,14,20,34,1974,100,100,100
4,14,21,34,1975,139,139,139
4,14,22,34,1976,161,161,161
4,14,23,34,1977,119,119,119
4,14,24,34,1978,146,146,146
4,14,25,34,1979,154,154,154
4,14,26,34,1980,158,158,158
4,14,27,34,1981,170,170,170
4,14,28,34,1982,180,180,180
4,14,29,34,1983,177,177,177
4,14,30,34,1984,191,191,191
4,14,31,34,1985,202,202,202
4,14,32,34,1986,202,202,202
4,14,33,34,1987,212,212,212
4,14,34,34,1988,206,206,206
4,14,35,34,1989,216,216,216
4,14,36,34,1990,208,208,208
4,14,37,34,1991,208,208,208
4,14,38,34,1992,220,220,220
4,14,39,34,1993,207,207,207
4,14,40,34,1994,212,212,212
4,14,41,34,1995,218,218,218
4,14,42,34,1996,224,224,224
4,14,43,34,1997,229,229,229
4,14,44,34,1998,234,234,234
4,14,45,34,1999,232,232,232
4,14,46,34,2000,219,219,219
4,14,47,34,2001,235,235,235
4,14,48,34,2002,201,201,201
4,14,49,34,2003,209,209,209
4,14,50,34,2004,219,219,219
4,14,51,34,2005,206,206,206
4,14,52,34,2006,215,215,215
4,14,53,34,2007,208,208,208
4,14,54,34,2008,201,201,201
4,14,55,34,2009,169,169,169
4,14,56,34,2010,168,168,168
4,14,57,34,2011,155,155,155
4,14,58,34,2012,144,144,144
4,14,59,34,2013,153,153,153
4,14,60,34,2014,159,159,159
4,14,61,34,2015,166,166,166
4,14,62,34,2016,173,173,173
4,14,63,34,2017,183,183,183
4,14,64,34,2018,190,190,190
4,14,65,34,2019,203,203,203
4,14,66,34,2020,211,211,211
4,14,67,34,2021,208,208,208
4,14,68,34,2022,216,216,216
4,15,0,35,1954,204,204,204
4,15,1,35,1955,222,222,222
4,15,2,35,1956,217,217,217
4,15,3,35,1957,215,215,215
4,15,4,35,1958,220,220,220
4,15,5,35,1959,211,211,211
4,15,6,35,1960,203,203,203
4,15,7,35,1961,211,211,211
4,15,8,35,1962,206,206,206
4,15,9,35,1963,223,223,223
4,15,10,35,1964,222,222,222
4,15,11,35,1965,209,209,209
4,15,12,35,1966,199,199,199
4,15,13,35,1967,216,216,216
4,15,14,35,1968,205,205,205
4,15,15,35,1969,196,196,196
4,15,16,35,1970,183,183,183
4,15,17,35,1971,173,173,173
4,15,18,35,1972,183,183,183
4,15,19,35,1973,157,157,157
4,15,20,35,1974,121,121,121
4,15,21,35,1975,131,131,131
4,15,22,35,1976,160,160,160
4,15,23,35,1977,151,151,151
4,15,24,35,1978,124,124,124
4,15,25,35,1979,151,151,151
4,15,26,35,1980,154,154,154
4,15,27,35,1981,147,147,147
4,15,28,35,1982,160,160,160
4,15,29,35,1983,175,175,175
4,15,30,35,1984,175,175,175
4,15,31,35,1985,199,199,199
4,15,32,35,1986,204,204,204
4,15,33,35,1987,199,199,199
4,15,34,35,1988,203,203,203
4,15,35,35,1989,224,224,224
4,15,36,35,1990,211,211,211
4,15,37,35,1991,219,219,219
4,15,38,35,1992,222,222,222
4,15,39,35,1993,212,212,212
4,15,40,35,1994,217,217,217
4,15,41,35,1995,215,215,215
4,15,42,35,1996,227,227,227
4,15,43,35,1997,235,235,235
4,15,44,35,1998,235,235,235
4,15,45,35,1999,240,240,240
4,15,46,35,2000,230,230,230
4,15,47,35,2001,235,235,235
4,15,48,35,2002,215,215,215
4,15,49,35,2003,220,220,220
4,15,50,35,2004,223,223,223
4,15,51,35,2005,218,218,218
4,15,52,35,2006,226,226,226
4,15,53,35,2007,212,212,212
4,15,54,35,2008,212,212,212
4,15,55,35,2009,152,152,152
4,15,56,35,2010,192,192,192
4,15,57,35,2011,174,174,174
4,15,58,35,2012,137,137,137
4,15,59,35,2013,173,173,173
4,15,60,35,2014,159,159,159
4,15,61,35,2015,165,165,165
4,15,62,35,2016,175,175,175
4,15,63,35,2017,182,182,182
4,15,64,35,2018,190,190,190
4,15,65,35,2019,200,200,200
4,15,66,35,2020,213,213,213
4,15,67,35,2021,212,212,212
4,15,68,35,2022,215,215,215
4,16,0,36,1954,203,203,203
4,16,1,36,1955,222,222,222
4,16,2,36,1956,215,215,215
4,16,3,36,1957,218,218,218
4,16,4,36,1958,227,227,227
4,16,5,36,1959,223,223,223
4,16,6,36,1960,220,220,220
4,16,7,36,1961,220,220,220
4,16,8,36,1962,217,217,217
4,16,9,36,1963,212,212,212
4,16,10,36,1964,226,226,226
4,16,11,36,1965,217,217,217
4,16,12,36,1966,215,215,215
4,16,13,36,1967,216,216,216
4,16,14,36,1968,208,208,208
4,16,15,36,1969,213,213,213
4,16,16,36,1970,192,192,192
4,16,17,36,1971,191,191,191
4,16,18,36,1972,185,185,185
4,16,19,36,1973,173,173,173
4,16,20,36,1974,130,130,130
4,16,21,36,1975,129,129,129
4,16,22,36,1976,170,170,170
4,16,23,36,1977,148,148,148
4,16,24,36,1978,130,130,130
4,16,25,36,1979,151,151,151
4,16,26,36,1980,156,156,156
4,16,27,36,1981,149,149,149
4,16,28,36,1982,160,160,160
4,16,29,36,1983,173,173,173
4,16,30,36,1984,192,192,192
4,16,31,36,1985,203,203,203
4,16,32,36,1986,202,202,202
4,16,33,36,1987,200,200,200
4,16,34,36,1988,205,205,205
4,16,35,36,1989,224,224,224
4,16,36,36,1990,220,220,220
4,16,37,36,1991,223,223,223
4,16,38,36,1992,219,219,219
4,16,39,36,1993,225,225,225
4,16,40,36,1994,213,213,213
4,16,41,36,1995,230,230,230
4,16,42,36,1996,228,228,228
4,16,43,36,1997,233,233,233
4,16,44,36,1998,237,237,237
4,16,45,36,1999,239,239,239
4,16,46,36,2000,234,234,234
4,16,47,36,2001,235,235,235
4,16,48,36,2002,205,205,205
4,16,49,36,2003,220,220,220
4,16,50,36,2004,215,215,215
4,16,51,36,2005,214,214,214
4,16,52,36,2006,225,225,225
4,16,53,36,2007,223,223,223
4,16,54,36,2008,220,220,220
4,16,55,36,2009,173,173,173
4,16,56,36,2010,175,175,175
4,16,57,36,2011,199,199,199
4,16,58,36,2012,166,166,166
4,16,59,36,2013,162,162,162
4,16,60,36,2014,161,161,161
4,16,61,36,2015,166,166,166
4,16,62,36,2016,171,171,171
4,16,63,36,2017,181,181,181
4,16,64,36,2018,194,194,194
4,16,65,36,2019,187,187,187
4,16,66,36,2020,214,214,214
4,16,67,36,2021,209,209,209
4,16,68,36,2022,224,224,224
4,17,0,37,1954,216,216,216
4,17,1,37,1955,222,222,222
4,17,2,37,1956,226,226,226
4,17,3,37,1957,221,221,221
4,17,4,37,1958,223,223,223
4,17,5,37,1959,222,222,222
4,17,6,37,1960,224,224,224
4,17,7,37,1961,219,219,219
4,17,8,37,1962,218,218,218
4,17,9,37,1963,213,213,213
4,17,10,37,1964,219,219,219
4,17,11,37,1965,229,229,229
4,17,12,37,1966,213,213,213
4,17,13,37,1967,223,223,223
4,17,14,37,1968,209,209,209
4,17,15,37,1969,212,212,212
4,17,16,37,1970,212,212,212
4,17,17,37,1971,200,200,200
4,17,18,37,1972,199,199,199
4,17,19,37,1973,173,173,173
4,17,20,37,1974,137,137,137
4,17,21,37,1975,161,161,161
4,17,22,37,1976,169,169,169
4,17,23,37,1977,136,136,136
4,17,24,37,1978,129,129,129
4,17,25,37,1979,140,140,140
4,17,26,37,1980,178,178,178
4,17,27,37,1981,148,148,148
4,17,28,37,1982,163,163,163
4,17,29,37,1983,174,174,174
4,17,30,37,1984,177,177,177
4,17,31,37,1985,202,202,202
4,17,32,37,1986,202,202,202
4,17,33,37,1987,197,197,197
4,17,34,37,1988,216,216,216
4,17,35,37,1989,216,216,216
4,17,36,37,1990,211,211,211
4,17,37,37,1991,231,231,231
4,17,38,37,1992,224,224,224
4,17,39,37,1993,213,213,213
4,17,40,37,1994,214,214,214
4,17,41,37,1995,233,233,233
4,17,42,37,1996,232,232,232
4,17,43,37,1997,235,235,235
4,17,44,37,1998,237,237,237
4,17,45,37,1999,242,242,242
4,17,46,37,2000,239,239,239
4,17,47,37,2001,242,242,242
4,17,48,37,2002,222,222,222
4,17,49,37,2003,226,226,226
4,17,50,37,2004,231,231,231
4,17,51,37,2005,228,228,228
4,17,52,37,2006,229,229,229
4,17,53,37,2007,220,220,220
4,17,54,37,2008,224,224,224
4,17,55,37,2009,182,182,182
4,17,56,37,2010,191,191,191
4,17,57,37,2011,200,200,200
4,17,58,37,2012,199,199,199
4,17,59,37,2013,193,193,193
4,17,60,37,2014,187,187,187
4,17,61,37,2015,168,168,168
4,17,62,37,2016,171,171,171
4,17,63,37,2017,184,184,184
4,17,64,37,2018,194,194,194
4,17,65,37,2019,187,187,187
4,17,66,37,2020,211,211,211
4,17,67,37,2021,207,207,207
4,17,68,37,2022,222,222,222
4,18,0,38,1954,213,213,213
4,18,1,38,1955,213,213,213
4,18,2,38,1956,224,224,224
4,18,3,38,1957,218,218,218
4,18,4,38,1958,229,229,229
4,18,5,38,1959,225,225,225
4,18,6,38,1960,222,222,222
4,18,7,38,1961,221,221,221
4,18,8,38,1962,214,214,214
4,18,9,38,1963,220,220,220
4,18,10,38,1964,218,218,218
4,18,11,38,1965,221,221,221
4,18,12,38,1966,218,218,218
4,18,13,38,1967,226,226,226
4,18,14,38,1968,217,217,217
4,18,15,38,1969,204,204,204
4,18,16,38,1970,211,211,211
4,18,17,38,1971,203,203,203
4,18,18,38,1972,207,207,207
4,18,19,38,1973,169,169,169
4,18,20,38,1974,134,134,134
4,18,21,38,1975,166,166,166
4,18,22,38,1976,171,171,171
4,18,23,38,1977,138,138,138
4,18,24,38,1978,161,161,161
4,18,25,38,1979,135,135,135
4,18,26,38,1980,178,178,178
4,18,27,38,1981,166,166,166
4,18,28,38,1982,161,161,161
4,18,29,38,1983,175,175,175
4,18,30,38,1984,174,174,174
4,18,31,38,1985,189,189,189
4,18,32,38,1986,203,203,203
4,18,33,38,1987,209,209,209
4,18,34,38,1988,205,205,205
4,18,35,38,1989,218,218,218
4,18,36,38,1990,210,210,210
4,18,37,38,1991,229,229,229
4,18,38,38,1992,231,231,231
4,18,39,38,1993,217,217,217
4,18,40,38,1994,222,222,222
4,18,41,38,1995,233,233,233
4,18,42,38,1996,235,235,235
4,18,43,38,1997,240,240,240
4,18,44,38,1998,232,232,232
4,18,45,38,1999,241,241,241
4,18,46,38,2000,241,241,241
4,18,47,38,2001,236,236,236
4,18,48,38,2002,228,228,228
4,18,49,38,2003,231,231,231
4,18,50,38,2004,229,229,229
4,18,51,38,2005,228,228,228
4,18,52,38,2006,236,236,236
4,18,53,38,2007,225,225,225
4,18,54,38,2008,215,215,215
4,18,55,38,2009,175,175,175
4,18,56,38,2010,203,203,203
4,18,57,38,2011,199,199,199
4,18,58,38,2012,199,199,199
4,18,59,38,2013,211,211,211
4,18,60,38,2014,199,199,199
4,18,61,38,2015,195,195,195
4,18,62,38,2016,187,187,187
4,18,63,38,2017,181,181,181
4,18,64,38,2018,206,206,206
4,18,65,38,2019,186,186,186
4,18,66,38,2020,211,211,211
4,18,67,38,2021,207,207,207
4,18,68,38,2022,214,214,214
4,19,0,39,1954,214,214,214
4,19,1,39,1955,217,217,217
4,19,2,39,1956,219,219,219
4,19,3,39,1957,208,208,208
4,19,4,39,1958,222,222,222
4,19,5,39,1959,229,229,229
4,19,6,39,1960,225,225,225
4,19,7,39,1961,228,228,228
4,19,8,39,1962,224,224,224
4,19,9,39,1963,219,219,219
4,19,10,39,1964,217,217,217
4,19,11,39,1965,220,220,220
4,19,12,39,1966,217,217,217
4,19,13,39,1967,229,229,229
4,19,14,39,1968,227,227,227
4,19,15,39,1969,220,220,220
4,19,16,39,1970,210,210,210
4,19,17,39,1971,204,204,204
4,19,18,39,1972,219,219,219
4,19,19,39,1973,183,183,183
4,19,20,39,1974,138,138,138
4,19,21,39,1975,167,167,167
4,19,22,39,1976,182,182,182
4,19,23,39,1977,165,165,165
4,19,24,39,1978,160,160,160
4,19,25,39,1979,168,168,168
4,19,26,39,1980,180,180,180
4,19,27,39,1981,155,155,155
4,19,28,39,1982,164,164,164
4,19,29,39,1983,174,174,174
4,19,30,39,1984,177,177,177
4,19,31,39,1985,202,202,202
4,19,32,39,1986,202,202,202
4,19,33,39,1987,207,207,207
4,19,34,39,1988,207,207,207
4,19,35,39,1989,216,216,216
4,19,36,39,1990,211,211,211
4,19,37,39,1991,226,226,226
4,19,38,39,1992,229,229,229
4,19,39,39,1993,234,234,234
4,19,40,39,1994,217,217,217
4,19,41,39,1995,232,232,232
4,19,42,39,1996,236,236,236
4,19,43,39,1997,240,240,240
4,19,44,39,1998,242,242,242
4,19,45,39,1999,246,246,246
4,19,46,39,2000,244,244,244
4,19,47,39,2001,242,242,242
4,19,48,39,2002,228,228,228
4,19,49,39,2003,225,225,225
4,19,50,39,2004,229,229,229
4,19,51,39,2005,225,225,225
4,19,52,39,2006,236,236,236
4,19,53,39,2007,230,230,230
4,19,54,39,2008,221,221,221
4,19,55,39,2009,193,193,193
4,19,56,39,2010,212,212,212
4,19,57,39,2011,193,193,193
4,19,58,39,2012,204,204,204
4,19,59,39,2013,212,212,212
4,19,60,39,2014,211,211,211
4,19,61,39,2015,208,208,208
4,19,62,39,2016,181,181,181
4,19,63,39,2017,194,194,194
4,19,64,39,2018,194,194,194
4,19,65,39,2019,185,185,185
4,19,66,39,2020,209,209,209
4,19,67,39,2021,219,219,219
4,19,68,39,2022,222,222,222
4,20,0,40,1954,214,214,214
4,20,1,40,1955,222,222,222
4,20,2,40,1956,216,216,216
4,20,3,40,1957,218,218,218
4,20,4,40,1958,220,220,220
4,20,5,40,1959,224,224,224
4,20,6,40,1960,222,222,222
4,20,7,40,1961,233,233,233
4,20,8,40,1962,228,228,228
4,20,9,40,1963,226,226,226
4,20,10,40,1964,229,229,229
4,20,11,40,1965,228,228,228
4,20,12,40,1966,226,226,226
4,20,13,40,1967,228,228,228
4,20,14,40,1968,227,227,227
4,20,15,40,1969,226,226,226
4,20,16,40,1970,210,210,210
4,20,17,40,1971,207,207,207
4,20,18,40,1972,221,221,221
4,20,19,40,1973,203,203,203
4,20,20,40,1974,168,168,168
4,20,21,40,1975,164,164,164
4,20,22,40,1976,178,178,178
4,20,23,40,1977,168,168,168
4,20,24,40,1978,165,165,165
4,20,25,40,1979,171,171,171
4,20,26,40,1980,184,184,184
4,20,27,40,1981,155,155,155
4,20,28,40,1982,167,167,167
4,20,29,40,1983,192,192,192
4,20,30,40,1984,177,177,177
4,20,31,40,1985,190,190,190
4,20,32,40,1986,203,203,203
4,20,33,40,1987,198,198,198
4,20,34,40,1988,206,206,206
4,20,35,40,1989,219,219,219
4,20,36,40,1990,211,211,211
4,20,37,40,1991,231,231,231
4,20,38,40,1992,229,229,229
4,20,39,40,1993,232,232,232
4,20,40,40,1994,225,225,225
4,20,41,40,1995,234,234,234
4,20,42,40,1996,238,238,238
4,20,43,40,1997,236,236,236
4,20,44,40,1998,245,245,245
4,20,45,40,1999,245,245,245
4,20,46,40,2000,243,243,243
4,20,47,40,2001,244,244,244
4,20,48,40,2002,232,232,232
4,20,49,40,2003,235,235,235
4,20,50,40,2004,241,241,241
4,20,51,40,2005,237,237,237
4,20,52,40,2006,238,238,238
4,20,53,40,2007,229,229,229
4,20,54,40,2008,233,233,233
4,20,55,40,2009,205,205,205
4,20,56,40,2010,210,210,210
4,20,57,40,2011,200,200,200
4,20,58,40,2012,196,196,196
4,20,59,40,2013,211,211,211
4,20,60,40,2014,212,212,212
4,20,61,40,2015,220,220,220
4,20,62,40,2016,211,211,211
4,20,63,40,2017,205,205,205
4,20,64,40,2018,193,193,193
4,20,65,40,2019,189,189,189
4,20,66,40,2020,209,209,209
4,20,67,40,2021,217,217,217
4,20,68,40,2022,224,224,224
4,21,0,41,1954,204,204,204
4,21,1,41,1955,216,216,216
4,21,2,41,1956,214,214,214
4,21,3,41,1957,218,218,218
4,21,4,41,1958,230,230,230
4,21,5,41,1959,229,229,229
4,21,6,41,1960,228,228,228
4,21,7,41,1961,229,229,229
4,21,8,41,1962,227,227,227
4,21,9,41,1963,234,234,234
4,21,10,41,1964,233,233,233
4,21,11,41,1965,224,224,224
4,21,12,41,1966,218,218,218
4,21,13,41,1967,229,229,229
4,21,14,41,1968,224,224,224
4,21,15,41,1969,221,221,221
4,21,16,41,1970,224,224,224
4,21,17,41,1971,220,220,220
4,21,18,41,1972,212,212,212
4,21,19,41,1973,200,200,200
4,21,20,41,1974,182,182,182
4,21,21,41,1975,189,189,189
4,21,22,41,1976,195,195,195
4,21,23,41,1977,170,170,170
4,21,24,41,1978,172,172,172
4,21,25,41,1979,154,154,154
4,21,26,41,1980,168,168,168
4,21,27,41,1981,182,182,182
4,21,28,41,1982,167,167,167
4,21,29,41,1983,190,190,190
4,21,30,41,1984,188,188,188
4,21,31,41,1985,201,201,201
4,21,32,41,1986,199,199,199
4,21,33,41,1987,200,200,200
4,21,34,41,1988,206,206,206
4,21,35,41,1989,225,225,225
4,21,36,41,1990,221,221,221
4,21,37,41,1991,227,227,227
4,21,38,41,1992,229,229,229
4,21,39,41,1993,226,226,226
4,21,40,41,1994,221,221,221
4,21,41,41,1995,238,238,238
4,21,42,41,1996,232,232,232
4,21,43,41,1997,242,242,242
4,21,44,41,1998,243,243,243
4,21,45,41,1999,247,247,247
4,21,46,41,2000,244,244,244
4,21,47,41,2001,241,241,241
4,21,48,41,2002,230,230,230
4,21,49,41,2003,240,240,240
4,21,50,41,2004,237,237,237
4,21,51,41,2005,232,232,232
4,21,52,41,2006,242,242,242
4,21,53,41,2007,237,237,237
4,21,54,41,2008,224,224,224
4,21,55,41,2009,208,208,208
4,21,56,41,2010,215,215,215
4,21,57,41,2011,213,213,213
4,21,58,41,2012,216,216,216
4,21,59,41,2013,215,215,215
4,21,60,41,2014,213,213,213
4,21,61,41,2015,215,215,215
4,21,62,41,2016,219,219,219
4,21,63,41,2017,215,215,215
4,21,64,41,2018,212,212,212
4,21,65,41,2019,185,185,185
4,21,66,41,2020,198,198,198
4,21,67,41,2021,206,206,206
4,21,68,41,2022,214,214,214
4,22,0,42,1954,223,223,223
4,22,1,42,1955,220,220,220
4,22,2,42,1956,225,225,225
4,22,3,42,1957,218,218,218
4,22,4,42,1958,230,230,230
4,22,5,42,1959,229,229,229
4,22,6,42,1960,224,224,224
4,22,7,42,1961,230,230,230
4,22,8,42,1962,227,227,227
4,22,9,42,1963,234,234,234
4,22,10,42,1964,237,237,237
4,22,11,42,1965,229,229,229
4,22,12,42,1966,220,220,220
4,22,13,42,1967,231,231,231
4,22,14,42,1968,231,231,231
4,22,15,42,1969,222,222,222
4,22,16,42,1970,220,220,220
4,22,17,42,1971,228,228,228
4,22,18,42,1972,219,219,219
4,22,19,42,1973,205,205,205
4,22,20,42,1974,183,183,183
4,22,21,42,1975,209,209,209
4,22,22,42,1976,200,200,200
4,22,23,42,1977,168,168,168
4,22,24,42,1978,172,172,172
4,22,25,42,1979,175,175,175
4,22,26,42,1980,187,187,187
4,22,27,42,1981,165,165,165
4,22,28,42,1982,191,191,191
4,22,29,42,1983,192,192,192
4,22,30,42,1984,181,181,181
4,22,31,42,1985,204,204,204
4,22,32,42,1986,203,203,203
4,22,33,42,1987,199,199,199
4,22,34,42,1988,208,208,208
4,22,35,42,1989,218,218,218
4,22,36,42,1990,212,212,212
4,22,37,42,1991,231,231,231
4,22,38,42,1992,224,224,224
4,22,39,42,1993,226,226,226
4,22,40,42,1994,226,226,226
4,22,41,42,1995,231,231,231
4,22,42,42,1996,237,237,237
4,22,43,42,1997,241,241,241
4,22,44,42,1998,242,242,242
4,22,45,42,1999,245,245,245
4,22,46,42,2000,242,242,242
4,22,47,42,2001,242,242,242
4,22,48,42,2002,230,230,230
4,22,49,42,2003,232,232,232
4,22,50,42,2004,244,244,244
4,22,51,42,2005,236,236,236
4,22,52,42,2006,238,238,238
4,22,53,42,2007,241,241,241
4,22,54,42,2008,230,230,230
4,22,55,42,2009,197,197,197
4,22,56,42,2010,224,224,224
4,22,57,42,2011,220,220,220
4,22,58,42,2012,214,214,214
4,22,59,42,2013,223,223,223
4,22,60,42,2014,218,218,218
4,22,61,42,2015,224,224,224
4,22,62,42,2016,209,209,209
4,22,63,42,2017,227,227,227
4,22,64,42,2018,220,220,220
4,22,65,42,2019,213,213,213
4,22,66,42,2020,201,201,201
4,22,67,42,2021,208,208,208
4,22,68,42,2022,217,217,217
4,23,0,43,1954,220,220,220
4,23,1,43,1955,228,228,228
4,23,2,43,1956,216,216,216
4,23,3,43,1957,220,220,220
4,23,4,43,1958,228,228,228
4,23,5,43,1959,227,227,227
4,23,6,43,1960,222,222,222
4,23,7,43,1961,229,229,229
4,23,8,43,1962,232,232,232
4,23,9,43,1963,236,236,236
4,23,10,43,1964,238,238,238
4,23,11,43,1965,237,237,237
4,23,12,43,1966,231,231,231
4,23,13,43,1967,234,234,234
4,23,14,43,1968,232,232,232
4,23,15,43,1969,227,227,227
4,23,16,43,1970,226,226,226
4,23,17,43,1971,231,231,231
4,23,18,43,1972,231,231,231
4,23,19,43,1973,212,212,212
4,23,20,43,1974,193,193,193
4,23,21,43,1975,210,210,210
4,23,22,43,1976,207,207,207
4,23,23,43,1977,194,194,194
4,23,24,43,1978,186,186,186
4,23,25,43,1979,177,177,177
4,23,26,43,1980,193,193,193
4,23,27,43,1981,187,187,187
4,23,28,43,1982,190,190,190
4,23,29,43,1983,197,197,197
4,23,30,43,1984,192,192,192
4,23,31,43,1985,207,207,207
4,23,32,43,1986,204,204,204
4,23,33,43,1987,198,198,198
4,23,34,43,1988,204,204,204
4,23,35,43,1989,226,226,226
4,23,36,43,1990,222,222,222
4,23,37,43,1991,231,231,231
4,23,38,43,1992,223,223,223
4,23,39,43,1993,232,232,232
4,23,40,43,1994,230,230,230
4,23,41,43,1995,233,233,233
4,23,42,43,1996,237,237,237
4,23,43,43,1997,244,244,244
4,23,44,43,1998,240,240,240
4,23,45,43,1999,248,248,248
4,23,46,43,2000,244,244,244
4,23,47,43,2001,246,246,246
4,23,48,43,2002,233,233,233
4,23,49,43,2003,236,236,236
4,23,50,43,2004,242,242,242
4,23,51,43,2005,240,240,240
4,23,52,43,2006,243,243,243
4,23,53,43,2007,240,240,240
4,23,54,43,2008,238,238,238
4,23,55,43,2009,218,218,218
4,23,56,43,2010,225,225,225
4,23,57,43,2011,222,222,222
4,23,58,43,2012,212,212,212
4,23,59,43,2013,223,223,223
4,23,60,43,2014,222,222,222
4,23,61,43,2015,215,215,215
4,23,62,43,2016,223,223,223
4,23,63,43,2017,228,228,228
4,23,64,43,2018,222,222,222
4,23,65,43,2019,205,205,205
4,23,66,43,2020,217,217,217
4,23,67,43,2021,209,209,209
4,23,68,43,2022,215,215,215
4,24,0,44,1954,219,219,219
4,24,1,44,1955,230,230,230
4,24,2,44,1956,223,223,223
4,24,3,44,1957,211,211,211
4,24,4,44,1958,229,229,229
4,24,5,44,1959,222,222,222
4,24,6,44,1960,222,222,222
4,24,7,44,1961,232,232,232
4,24,8,44,1962,224,224,224
4,24,9,44,1963,231,231,231
4,24,10,44,1964,237,237,237
4,24,11,44,1965,234,234,234
4,24,12,44,1966,234,234,234
4,24,13,44,1967,235,235,235
4,24,14,44,1968,234,234,234
4,24,15,44,1969,223,223,223
4,24,16,44,1970,219,219,219
4,24,17,44,1971,230,230,230
4,24,18,44,1972,226,226,226
4,24,19,44,1973,220,220,220
4,24,20,44,1974,207,207,207
4,24,21,44,1975,210,210,210
4,24,22,44,1976,209,209,209
4,24,23,44,1977,214,214,214
4,24,24,44,1978,192,192,192
4,24,25,44,1979,189,189,189
4,24,26,44,1980,195,195,195
4,24,27,44,1981,191,191,191
4,24,28,44,1982,178,178,178
4,24,29,44,1983,197,197,197
4,24,30,44,1984,203,203,203
4,24,31,44,1985,204,204,204
4,24,32,44,1986,203,203,203
4,24,33,44,1987,200,200,200
4,24,34,44,1988,206,206,206
4,24,35,44,1989,218,218,218
4,24,36,44,1990,208,208,208
4,24,37,44,1991,229,229,229
4,24,38,44,1992,224,224,224
4,24,39,44,1993,233,233,233
4,24,40,44,1994,229,229,229
4,24,41,44,1995,236,236,236
4,24,42,44,1996,238,238,238
4,24,43,44,1997,241,241,241
4,24,44,44,1998,246,246,246
4,24,45,44,1999,248,248,248
4,24,46,44,2000,246,246,246
4,24,47,44,2001,246,246,246
4,24,48,44,2002,240,240,240
4,24,49,44,2003,241,241,241
4,24,50,44,2004,241,241,241
4,24,51,44,2005,240,240,240
4,24,52,44,2006,246,246,246
4,24,53,44,2007,242,242,242
4,24,54,44,2008,235,235,235
4,24,55,44,2009,214,214,214
4,24,56,44,2010,226,226,226
4,24,57,44,2011,223,223,223
4,24,58,44,2012,223,223,223
4,24,59,44,2013,228,228,228
4,24,60,44,2014,224,224,224
4,24,61,44,2015,227,227,227
4,24,62,44,2016,219,219,219
4,24,63,44,2017,221,221,221
4,24,64,44,2018,222,222,222
4,24,65,44,2019,227,227,227
4,24,66,44,2020,221,221,221
4,24,67,44,2021,224,224,224
4,24,68,44,2022,223,223,223
4,25,0,45,1954,206,206,206
4,25,1,45,1955,225,225,225
4,25,2,45,1956,227,227,227
4,25,3,45,1957,226,226,226
4,25,4,45,1958,222,222,222
4,25,5,45,1959,229,229,229
4,25,6,45,1960,226,226,226
4,25,7,45,1961,228,228,228
4,25,8,45,1962,230,230,230
4,25,9,45,1963,228,228,228
4,25,10,45,1964,235,235,235
4,25,11,45,1965,233,233,233
4,25,12,45,1966,236,236,236
4,25,13,45,1967,238,238,238
4,25,14,45,1968,235,235,235
4,25,15,45,1969,224,224,224
4,25,16,45,1970,217,217,217
4,25,17,45,1971,228,228,228
4,25,18,45,1972,226,226,226
4,25,19,45,1973,221,221,221
4,25,20,45,1974,203,203,203
4,25,21,45,1975,217,217,217
4,25,22,45,1976,210,210,210
4,25,23,45,1977,214,214,214
4,25,24,45,1978,211,211,211
4,25,25,45,1979,200,200,200
4,25,26,45,1980,194,194,194
4,25,27,45,1981,202,202,202
4,25,28,45,1982,209,209,209
4,25,29,45,1983,206,206,206
4,25,30,45,1984,201,201,201
4,25,31,45,1985,206,206,206
4,25,32,45,1986,205,205,205
4,25,33,45,1987,210,210,210
4,25,34,45,1988,217,217,217
4,25,35,45,1989,224,224,224
4,25,36,45,1990,210,210,210
4,25,37,45,1991,227,227,227
4,25,38,45,1992,229,229,229
4,25,39,45,1993,230,230,230
4,25,40,45,1994,221,221,221
4,25,41,45,1995,235,235,235
4,25,42,45,1996,241,241,241
4,25,43,45,1997,240,240,240
4,25,44,45,1998,244,244,244
4,25,45,45,1999,248,248,248
4,25,46,45,2000,248,248,248
4,25,47,45,2001,246,246,246
4,25,48,45,2002,238,238,238
4,25,49,45,2003,241,241,241
4,25,50,45,2004,241,241,241
4,25,51,45,2005,238,238,238
4,25,52,45,2006,243,243,243
4,25,53,45,2007,245,245,245
4,25,54,45,2008,236,236,236
4,25,55,45,2009,224,224,224
4,25,56,45,2010,231,231,231
4,25,57,45,2011,223,223,223
4,25,58,45,2012,218,218,218
4,25,59,45,2013,232,232,232
4,25,60,45,2014,230,230,230
4,25,61,45,2015,219,219,219
4,25,62,45,2016,225,225,225
4,25,63,45,2017,230,230,230
4,25,64,45,2018,229,229,229
4,25,65,45,2019,216,216,216
4,25,66,45,2020,230,230,230
4,25,67,45,2021,228,228,228
4,25,68,45,2022,226,226,226
4,26,0,46,1954,206,206,206
4,26,1,46,1955,226,226,226
4,26,2,46,1956,229,229,229
4,26,3,46,1957,223,223,223
4,26,4,46,1958,235,235,235
4,26,5,46,1959,228,228,228
4,26,6,46,1960,225,225,225
4,26,7,46,1961,228,228,228
4,26,8,46,1962,230,230,230
4,26,9,46,1963,230,230,230
4,26,10,46,1964,236,236,236
4,26,11,46,1965,239,239,239
4,26,12,46,1966,237,237,237
4,26,13,46,1967,239,239,239
4,26,14,46,1968,241,241,241
4,26,15,46,1969,235,235,235
4,26,16,46,1970,230,230,230
4,26,17,46,1971,231,231,231
4,26,18,46,1972,227,227,227
4,26,19,46,1973,222,222,222
4,26,20,46,1974,208,208,208
4,26,21,46,1975,222,222,222
4,26,22,46,1976,215,215,215
4,26,23,46,1977,216,216,216
4,26,24,46,1978,215,215,215
4,26,25,46,1979,218,218,218
4,26,26,46,1980,213,213,213
4,26,27,46,1981,204,204,204
4,26,28,46,1982,198,198,198
4,26,29,46,1983,217,217,217
4,26,30,46,1984,202,202,202
4,26,31,46,1985,210,210,210
4,26,32,46,1986,220,220,220
4,26,33,46,1987,201,201,201
4,26,34,46,1988,220,220,220
4,26,35,46,1989,218,218,218
4,26,36,46,1990,220,220,220
4,26,37,46,1991,227,227,227
4,26,38,46,1992,229,229,229
4,26,39,46,1993,234,234,234
4,26,40,46,1994,226,226,226
4,26,41,46,1995,232,232,232
4,26,42,46,1996,242,242,242
4,26,43,46,1997,244,244,244
4,26,44,46,1998,244,244,244
4,26,45,46,1999,250,250,250
4,26,46,46,2000,246,246,246
4,26,47,46,2001,246,246,246
4,26,48,46,2002,235,235,235
4,26,49,46,2003,243,243,243
4,26,50,46,2004,248,248,248
4,26,51,46,2005,244,244,244
4,26,52,46,2006,245,245,245
4,26,53,46,2007,243,243,243
4,26,54,46,2008,240,240,240
4,26,55,46,2009,219,219,219
4,26,56,46,2010,232,232,232
4,26,57,46,2011,235,235,235
4,26,58,46,2012,228,228,228
4,26,59,46,2013,232,232,232
4,26,60,46,2014,233,233,233
4,26,61,46,2015,236,236,236
4,26,62,46,2016,223,223,223
4,26,63,46,2017,235,235,235
4,26,64,46,2018,227,227,227
4,26,65,46,2019,228,228,228
4,26,66,46,2020,232,232,232
4,26,67,46,2021,236,236,236
4,26,68,46,2022,232,232,232
4,27,0,47,1954,215,215,215
4,27,1,47,1955,225,225,225
4,27,2,47,1956,218,218,218
4,27,3,47,1957,213,213,213
4,27,4,47,1958,234,234,234
4,27,5,47,1959,232,232,232
4,27,6,47,1960,230,230,230
4,27,7,47,1961,235,235,235
4,27,8,47,1962,233,233,233
4,27,9,47,1963,230,230,230
4,27,10,47,1964,237,237,237
4,27,11,47,1965,234,234,234
4,27,12,47,1966,235,235,235
4,27,13,47,1967,239,239,239
4,27,14,47,1968,238,238,238
4,27,15,47,1969,238,238,238
4,27,16,47,1970,228,228,228
4,27,17,47,1971,228,228,228
4,27,18,47,1972,232,232,232
4,27,19,47,1973,222,222,222
4,27,20,47,1974,208,208,208
4,27,21,47,1975,227,227,227
4,27,22,47,1976,232,232,232
4,27,23,47,1977,222,222,222
4,27,24,47,1978,216,216,216
4,27,25,47,1979,219,219,219
4,27,26,47,1980,226,226,226
4,27,27,47,1981,210,210,210
4,27,28,47,1982,208,208,208
4,27,29,47,1983,215,215,215
4,27,30,47,1984,208,208,208
4,27,31,47,1985,214,214,214
4,27,32,47,1986,221,221,221
4,27,33,47,1987,209,209,209
4,27,34,47,1988,218,218,218
4,27,35,47,1989,219,219,219
4,27,36,47,1990,218,218,218
4,27,37,47,1991,220,220,220
4,27,38,47,1992,224,224,224
4,27,39,47,1993,235,235,235
4,27,40,47,1994,225,225,225
4,27,41,47,1995,232,232,232
4,27,42,47,1996,238,238,238
4,27,43,47,1997,243,243,243
4,27,44,47,1998,246,246,246
4,27,45,47,1999,249,249,249
4,27,46,47,2000,249,249,249
4,27,47,47,2001,249,249,249
4,27,48,47,2002,239,239,239
4,27,49,47,2003,241,241,241
4,27,50,47,2004,247,247,247
4,27,51,47,2005,245,245,245
4,27,52,47,2006,248,248,248
4,27,53,47,2007,246,246,246
4,27,54,47,2008,240,240,240
4,27,55,47,2009,226,226,226
4,27,56,47,2010,237,237,237
4,27,57,47,2011,233,233,233
4,27,58,47,2012,231,231,231
4,27,59,47,2013,229,229,229
4,27,60,47,2014,227,227,227
4,27,61,47,2015,237,237,237
4,27,62,47,2016,227,227,227
4,27,63,47,2017,236,236,236
4,27,64,47,2018,231,231,231
4,27,65,47,2019,224,224,224
4,27,66,47,2020,235,235,235
4,27,67,47,2021,230,230,230
4,27,68,47,2022,238,238,238
4,28,0,48,1954,218,218,218
4,28,1,48,1955,223,223,223
4,28,2,48,1956,223,223,223
4,28,3,48,1957,213,213,213
4,28,4,48,1958,230,230,230
4,28,5,48,1959,235,235,235
4,28,6,48,1960,229,229,229
4,28,7,48,1961,232,232,232
4,28,8,48,1962,231,231,231
4,28,9,48,1963,235,235,235
4,28,10,48,1964,237,237,237
4,28,11,48,1965,237,237,237
4,28,12,48,1966,229,229,229
4,28,13,48,1967,234,234,234
4,28,14,48,1968,237,237,237
4,28,15,48,1969,239,239,239
4,28,16,48,1970,237,237,237
4,28,17,48,1971,234,234,234
4,28,18,48,1972,229,229,229
4,28,19,48,1973,222,222,222
4,28,20,48,1974,207,207,207
4,28,21,48,1975,226,226,226
4,28,22,48,1976,225,225,225
4,28,23,48,1977,226,226,226
4,28,24,48,1978,211,211,211
4,28,25,48,1979,210,210,210
4,28,26,48,1980,225,225,225
4,28,27,48,1981,224,224,224
4,28,28,48,1982,214,214,214
4,28,29,48,1983,214,214,214
4,28,30,48,1984,216,216,216
4,28,31,48,1985,220,220,220
4,28,32,48,1986,210,210,210
4,28,33,48,1987,215,215,215
4,28,34,48,1988,224,224,224
4,28,35,48,1989,226,226,226
4,28,36,48,1990,214,214,214
4,28,37,48,1991,226,226,226
4,28,38,48,1992,224,224,224
4,28,39,48,1993,232,232,232
4,28,40,48,1994,222,222,222
4,28,41,48,1995,231,231,231
4,28,42,48,1996,237,237,237
4,28,43,48,1997,245,245,245
4,28,44,48,1998,244,244,244
4,28,45,48,1999,249,249,249
4,28,46,48,2000,247,247,247
4,28,47,48,2001,248,248,248
4,28,48,48,2002,240,240,240
4,28,49,48,2003,245,245,245
4,28,50,48,2004,247,247,247
4,28,51,48,2005,246,246,246
4,28,52,48,2006,247,247,247
4,28,53,48,2007,246,246,246
4,28,54,48,2008,241,241,241
4,28,55,48,2009,230,230,230
4,28,56,48,2010,237,237,237
4,28,57,48,2011,240,240,240
4,28,58,48,2012,236,236,236
4,28,59,48,2013,238,238,238
4,28,60,48,2014,235,235,235
4,28,61,48,2015,232,232,232
4,28,62,48,2016,235,235,235
4,28,63,48,2017,237,237,237
4,28,64,48,2018,235,235,235
4,28,65,48,2019,228,228,228
4,28,66,48,2020,235,235,235
4,28,67,48,2021,237,237,237
4,28,68,48,2022,234,234,234
4,29,0,49,1954,219,219,219
4,29,1,49,1955,225,225,225
4,29,2,49,1956,225,225,225
4,29,3,49,1957,212,212,212
4,29,4,49,1958,222,222,222
4,29,5,49,1959,233,233,233
4,29,6,49,1960,235,235,235
4,29,7,49,1961,234,234,234
4,29,8,49,1962,225,225,225
4,29,9,49,1963,230,230,230
4,29,10,49,1964,238,238,238
4,29,11,49,1965,236,236,236
4,29,12,49,1966,231,231,231
4,29,13,49,1967,238,238,238
4,29,14,49,1968,241,241,241
4,29,15,49,1969,234,234,234
4,29,16,49,1970,236,236,236
4,29,17,49,1971,238,238,238
4,29,18,49,1972,237,237,237
4,29,19,49,1973,226,226,226
4,29,20,49,1974,217,217,217
4,29,21,49,1975,218,218,218
4,29,22,49,1976,225,225,225
4,29,23,49,1977,223,223,223
4,29,24,49,1978,226,226,226
4,29,25,49,1979,216,216,216
4,29,26,49,1980,218,218,218
4,29,27,49,1981,223,223,223
4,29,28,49,1982,227,227,227
4,29,29,49,1983,218,218,218
4,29,30,49,1984,215,215,215
4,29,31,49,1985,215,215,215
4,29,32,49,1986,222,222,222
4,29,33,49,1987,211,211,211
4,29,34,49,1988,223,223,223
4,29,35,49,1989,229,229,229
4,29,36,49,1990,214,214,214
4,29,37,49,1991,231,231,231
4,29,38,49,1992,227,227,227
4,29,39,49,1993,234,234,234
4,29,40,49,1994,228,228,228
4,29,41,49,1995,233,233,233
4,29,42,49,1996,237,237,237
4,29,43,49,1997,244,244,244
4,29,44,49,1998,248,248,248
4,29,45,49,1999,249,249,249
4,29,46,49,2000,246,246,246
4,29,47,49,2001,249,249,249
4,29,48,49,2002,242,242,242
4,29,49,49,2003,242,242,242
4,29,50,49,2004,247,247,247
4,29,51,49,2005,245,245,245
4,29,52,49,2006,247,247,247
4,29,53,49,2007,247,247,247
4,29,54,49,2008,243,243,243
4,29,55,49,2009,230,230,230
4,29,56,49,2010,238,238,238
4,29,57,49,2011,242,242,242
4,29,58,49,2012,236,236,236
4,29,59,49,2013,238,238,238
4,29,60,49,2014,241,241,241
4,29,61,49,2015,234,234,234
4,29,62,49,2016,229,229,229
4,29,63,49,2017,234,234,234
4,29,64,49,2018,234,234,234
4,29,65,49,2019,228,228,228
4,29,66,49,2020,239,239,239
4,29,67,49,2021,239,239,239
4,29,68,49,2022,236,236,236
4,30,0,50,1954,219,219,219
4,30,1,50,1955,227,227,227
4,30,2,50,1956,220,220,220
4,30,3,50,1957,212,212,212
4,30,4,50,1958,219,219,219
4,30,5,50,1959,223,223,223
4,30,6,50,1960,224,224,224
4,30,7,50,1961,235,235,235
4,30,8,50,1962,237,237,237
4,30,9,50,1963,234,234,234
4,30,10,50,1964,235,235,235
4,30,11,50,1965,234,234,234
4,30,12,50,1966,232,232,232
4,30,13,50,1967,236,236,236
4,30,14,50,1968,237,237,237
4,30,15,50,1969,234,234,234
4,30,16,50,1970,235,235,235
4,30,17,50,1971,239,239,239
4,30,18,50,1972,240,240,240
4,30,19,50,1973,228,228,228
4,30,20,50,1974,214,214,214
4,30,21,50,1975,222,222,222
4,30,22,50,1976,226,226,226
4,30,23,50,1977,220,220,220
4,30,24,50,1978,230,230,230
4,30,25,50,1979,230,230,230
4,30,26,50,1980,222,222,222
4,30,27,50,1981,225,225,225
4,30,28,50,1982,227,227,227
4,30,29,50,1983,224,224,224
4,30,30,50,1984,214,214,214
4,30,31,50,1985,221,221,221
4,30,32,50,1986,219,219,219
4,30,33,50,1987,222,222,222
4,30,34,50,1988,225,225,225
4,30,35,50,1989,222,222,222
4,30,36,50,1990,221,221,221
4,30,37,50,1991,231,231,231
4,30,38,50,1992,227,227,227
4,30,39,50,1993,232,232,232
4,30,40,50,1994,231,231,231
4,30,41,50,1995,232,232,232
4,30,42,50,1996,241,241,241
4,30,43,50,1997,242,242,242
4,30,44,50,1998,246,246,246
4,30,45,50,1999,250,250,250
4,30,46,50,2000,250,250,250
4,30,47,50,2001,250,250,250
4,30,48,50,2002,242,242,242
4,30,49,50,2003,242,242,242
4,30,50,50,2004,248,248,248
4,30,51,50,2005,246,246,246
4,30,52,50,2006,245,245,245
4,30,53,50,2007,247,247,247
4,30,54,50,2008,242,242,242
4,30,55,50,2009,232,232,232
4,30,56,50,2010,235,235,235
4,30,57,50,2011,235,235,235
4,30,58,50,2012,241,241,241
4,30,59,50,2013,242,242,242
4,30,60,50,2014,240,240,240
4,30,61,50,2015,242,242,242
4,30,62,50,2016,233,233,233
4,30,63,50,2017,235,235,235
4,30,64,50,2018,236,236,236
4,30,65,50,2019,233,233,233
4,30,66,50,2020,237,237,237
4,30,67,50,2021,242,242,242
4,30,68,50,2022,241,241,241
4,31,0,51,1954,222,222,222
4,31,1,51,1955,229,229,229
4,31,2,51,1956,227,227,227
4,31,3,51,1957,222,222,222
4,31,4,51,1958,231,231,231
4,31,5,51,1959,225,225,225
4,31,6,51,1960,225,225,225
4,31,7,51,1961,236,236,236
4,31,8,51,1962,234,234,234
4,31,9,51,1963,239,239,239
4,31,10,51,1964,239,239,239
4,31,11,51,1965,234,234,234
4,31,12,51,1966,231,231,231
4,31,13,51,1967,237,237,237
4,31,14,51,1968,236,236,236
4,31,15,51,1969,235,235,235
4,31,16,51,1970,233,233,233
4,31,17,51,1971,239,239,239
4,31,18,51,1972,240,240,240
4,31,19,51,1973,232,232,232
4,31,20,51,1974,227,227,227
4,31,21,51,1975,229,229,229
4,31,22,51,1976,227,227,227
4,31,23,51,1977,222,222,222
4,31,24,51,1978,229,229,229
4,31,25,51,1979,232,232,232
4,31,26,51,1980,232,232,232
4,31,27,51,1981,228,228,228
4,31,28,51,1982,228,228,228
4,31,29,51,1983,229,229,229
4,31,30,51,1984,224,224,224
4,31,31,51,1985,226,226,226
4,31,32,51,1986,229,229,229
4,31,33,51,1987,222,222,222
4,31,34,51,1988,231,231,231
4,31,35,51,1989,230,230,230
4,31,36,51,1990,225,225,225
4,31,37,51,1991,231,231,231
4,31,38,51,1992,223,223,223
4,31,39,51,1993,233,233,233
4,31,40,51,1994,222,222,222
4,31,41,51,1995,231,231,231
4,31,42,51,1996,238,238,238
4,31,43,51,1997,240,240,240
4,31,44,51,1998,243,243,243
4,31,45,51,1999,249,249,249
4,31,46,51,2000,249,249,249
4,31,47,51,2001,247,247,247
4,31,48,51,2002,241,241,241
4,31,49,51,2003,241,241,241
4,31,50,51,2004,248,248,248
4,31,51,51,2005,248,248,248
4,31,52,51,2006,251,251,251
4,31,53,51,2007,247,247,247
4,31,54,51,2008,244,244,244
4,31,55,51,2009,237,237,237
4,31,56,51,2010,241,241,241
4,31,57,51,2011,238,238,238
4,31,58,51,2012,239,239,239
4,31,59,51,2013,241,241,241
4,31,60,51,2014,242,242,242
4,31,61,51,2015,238,238,238
4,31,62,51,2016,239,239,239
4,31,63,51,2017,238,238,238
4,31,64,51,2018,237,237,237
4,31,65,51,2019,234,234,234
4,31,66,51,2020,237,237,237
4,31,67,51,2021,236,236,236
4,31,68,51,2022,242,242,242
4,32,0,52,1954,223,223,223
4,32,1,52,1955,228,228,228
4,32,2,52,1956,227,227,227
4,32,3,52,1957,222,222,222
4,32,4,52,1958,231,231,231
4,32,5,52,1959,232,232,232
4,32,6,52,1960,222,222,222
4,32,7,52,1961,228,228,228
4,32,8,52,1962,232,232,232
4,32,9,52,1963,238,238,238
4,32,10,52,1964,241,241,241
4,32,11,52,1965,239,239,239
4,32,12,52,1966,232,232,232
4,32,13,52,1967,239,239,239
4,32,14,52,1968,239,239,239
4,32,15,52,1969,236,236,236
4,32,16,52,1970,235,235,235
4,32,17,52,1971,238,238,238
4,32,18,52,1972,241,241,241
4,32,19,52,1973,239,239,239
4,32,20,52,1974,231,231,231
4,32,21,52,1975,232,232,232
4,32,22,52,1976,229,229,229
4,32,23,52,1977,225,225,225
4,32,24,52,1978,229,229,229
4,32,25,52,1979,233,233,233
4,32,26,52,1980,232,232,232
4,32,27,52,1981,234,234,234
4,32,28,52,1982,225,225,225
4,32,29,52,1983,226,226,226
4,32,30,52,1984,221,221,221
4,32,31,52,1985,235,235,235
4,32,32,52,1986,233,233,233
4,32,33,52,1987,220,220,220
4,32,34,52,1988,233,233,233
4,32,35,52,1989,232,232,232
4,32,36,52,1990,226,226,226
4,32,37,52,1991,232,232,232
4,32,38,52,1992,235,235,235
4,32,39,52,1993,228,228,228
4,32,40,52,1994,226,226,226
4,32,41,52,1995,236,236,236
4,32,42,52,1996,236,236,236
4,32,43,52,1997,240,240,240
4,32,44,52,1998,242,242,242
4,32,45,52,1999,247,247,247
4,32,46,52,2000,247,247,247
4,32,47,52,2001,248,248,248
4,32,48,52,2002,245,245,245
4,32,49,52,2003,245,245,245
4,32,50,52,2004,248,248,248
4,32,51,52,2005,248,248,248
4,32,52,52,2006,249,249,249
4,32,53,52,2007,249,249,249
4,32,54,52,2008,243,243,243
4,32,55,52,2009,237,237,237
4,32,56,52,2010,242,242,242
4,32,57,52,2011,245,245,245
4,32,58,52,2012,241,241,241
4,32,59,52,2013,241,241,241
4,32,60,52,2014,241,241,241
4,32,61,52,2015,238,238,238
4,32,62,52,2016,239,239,239
4,32,63,52,2017,247,247,247
4,32,64,52,2018,239,239,239
4,32,65,52,2019,239,239,239
4,32,66,52,2020,242,242,242
4,32,67,52,2021,243,243,243
4,32,68,52,2022,242,242,242
4,33,0,53,1954,221,221,221
4,33,1,53,1955,228,228,228
4,33,2,53,1956,227,227,227
4,33,3,53,1957,222,222,222
4,33,4,53,1958,233,233,233
4,33,5,53,1959,225,225,225
4,33,6,53,1960,224,224,224
4,33,7,53,1961,229,229,229
4,33,8,53,1962,229,229,229
4,33,9,53,1963,237,237,237
4,33,10,53,1964,240,240,240
4,33,11,53,1965,244,244,244
4,33,12,53,1966,232,232,232
4,33,13,53,1967,236,236,236
4,33,14,53,1968,240,240,240
4,33,15,53,1969,236,236,236
4,33,16,53,1970,236,236,236
4,33,17,53,1971,240,240,240
4,33,18,53,1972,242,242,242
4,33,19,53,1973,234,234,234
4,33,20,53,1974,229,229,229
4,33,21,53,1975,236,236,236
4,33,22,53,1976,236,236,236
4,33,23,53,1977,232,232,232
4,33,24,53,1978,229,229,229
4,33,25,53,1979,225,225,225
4,33,26,53,1980,229,229,229
4,33,27,53,1981,228,228,228
4,33,28,53,1982,236,236,236
4,33,29,53,1983,231,231,231
4,33,30,53,1984,225,225,225
4,33,31,53,1985,235,235,235
4,33,32,53,1986,235,235,235
4,33,33,53,1987,234,234,234
4,33,34,53,1988,233,233,233
4,33,35,53,1989,229,229,229
4,33,36,53,1990,227,227,227
4,33,37,53,1991,235,235,235
4,33,38,53,1992,234,234,234
4,33,39,53,1993,234,234,234
4,33,40,53,1994,234,234,234
4,33,41,53,1995,236,236,236
4,33,42,53,1996,241,241,241
4,33,43,53,1997,240,240,240
4,33,44,53,1998,244,244,244
4,33,45,53,1999,250,250,250
4,33,46,53,2000,247,247,247
4,33,47,53,2001,250,250,250
4,33,48,53,2002,240,240,240
4,33,49,53,2003,241,241,241
4,33,50,53,2004,248,248,248
4,33,51,53,2005,249,249,249
4,33,52,53,2006,249,249,249
4,33,53,53,2007,248,248,248
4,33,54,53,2008,245,245,245
4,33,55,53,2009,238,238,238
4,33,56,53,2010,244,244,244
4,33,57,53,2011,239,239,239
4,33,58,53,2012,243,243,243
4,33,59,53,2013,244,244,244
4,33,60,53,2014,242,242,242
4,33,61,53,2015,248,248,248
4,33,62,53,2016,242,242,242
4,33,63,53,2017,246,246,246
4,33,64,53,2018,244,244,244
4,33,65,53,2019,241,241,241
4,33,66,53,2020,243,243,243
4,33,67,53,2021,244,244,244
4,33,68,53,2022,242,242,242
4,34,0,54,1954,222,222,222
4,34,1,54,1955,230,230,230
4,34,2,54,1956,224,224,224
4,34,3,54,1957,220,220,220
4,34,4,54,1958,233,233,233
4,34,5,54,1959,228,228,228
4,34,6,54,1960,228,228,228
4,34,7,54,1961,230,230,230
4,34,8,54,1962,228,228,228
4,34,9,54,1963,237,237,237
4,34,10,54,1964,238,238,238
4,34,11,54,1965,240,240,240
4,34,12,54,1966,239,239,239
4,34,13,54,1967,239,239,239
4,34,14,54,1968,242,242,242
4,34,15,54,1969,236,236,236
4,34,16,54,1970,236,236,236
4,34,17,54,1971,236,236,236
4,34,18,54,1972,243,243,243
4,34,19,54,1973,236,236,236
4,34,20,54,1974,228,228,228
4,34,21,54,1975,233,233,233
4,34,22,54,1976,240,240,240
4,34,23,54,1977,234,234,234
4,34,24,54,1978,227,227,227
4,34,25,54,1979,226,226,226
4,34,26,54,1980,238,238,238
4,34,27,54,1981,235,235,235
4,34,28,54,1982,239,239,239
4,34,29,54,1983,237,237,237
4,34,30,54,1984,231,231,231
4,34,31,54,1985,238,238,238
4,34,32,54,1986,239,239,239
4,34,33,54,1987,239,239,239
4,34,34,54,1988,235,235,235
4,34,35,54,1989,236,236,236
4,34,36,54,1990,227,227,227
4,34,37,54,1991,238,238,238
4,34,38,54,1992,237,237,237
4,34,39,54,1993,237,237,237
4,34,40,54,1994,235,235,235
4,34,41,54,1995,239,239,239
4,34,42,54,1996,240,240,240
4,34,43,54,1997,241,241,241
4,34,44,54,1998,247,247,247
4,34,45,54,1999,249,249,249
4,34,46,54,2000,247,247,247
4,34,47,54,2001,250,250,250
4,34,48,54,2002,244,244,244
4,34,49,54,2003,245,245,245
4,34,50,54,2004,246,246,246
4,34,51,54,2005,245,245,245
4,34,52,54,2006,250,250,250
4,34,53,54,2007,248,248,248
4,34,54,54,2008,246,246,246
4,34,55,54,2009,239,239,239
4,34,56,54,2010,239,239,239
4,34,57,54,2011,244,244,244
4,34,58,54,2012,246,246,246
4,34,59,54,2013,246,246,246
4,34,60,54,2014,248,248,248
4,34,61,54,2015,249,249,249
4,34,62,54,2016,246,246,246
4,34,63,54,2017,247,247,247
4,34,64,54,2018,242,242,242
4,34,65,54,2019,244,244,244
4,34,66,54,2020,244,244,244
4,34,67,54,2021,245,245,245
4,34,68,54,2022,247,247,247
4,35,0,55,1954,221,221,221
4,35,1,55,1955,221,221,221
4,35,2,55,1956,229,229,229
4,35,3,55,1957,227,227,227
4,35,4,55,1958,233,233,233
4,35,5,55,1959,227,227,227
4,35,6,55,1960,234,234,234
4,35,7,55,1961,231,231,231
4,35,8,55,1962,227,227,227
4,35,9,55,1963,238,238,238
4,35,10,55,1964,235,235,235
4,35,11,55,1965,237,237,237
4,35,12,55,1966,235,235,235
4,35,13,55,1967,242,242,242
4,35,14,55,1968,241,241,241
4,35,15,55,1969,239,239,239
4,35,16,55,1970,238,238,238
4,35,17,55,1971,234,234,234
4,35,18,55,1972,243,243,243
4,35,19,55,1973,235,235,235
4,35,20,55,1974,225,225,225
4,35,21,55,1975,239,239,239
4,35,22,55,1976,242,242,242
4,35,23,55,1977,235,235,235
4,35,24,55,1978,236,236,236
4,35,25,55,1979,234,234,234
4,35,26,55,1980,233,233,233
4,35,27,55,1981,229,229,229
4,35,28,55,1982,238,238,238
4,35,29,55,1983,240,240,240
4,35,30,55,1984,241,241,241
4,35,31,55,1985,239,239,239
4,35,32,55,1986,240,240,240
4,35,33,55,1987,238,238,238
4,35,34,55,1988,240,240,240
4,35,35,55,1989,235,235,235
4,35,36,55,1990,234,234,234
4,35,37,55,1991,234,234,234
4,35,38,55,1992,237,237,237
4,35,39,55,1993,231,231,231
4,35,40,55,1994,229,229,229
4,35,41,55,1995,242,242,242
4,35,42,55,1996,239,239,239
4,35,43,55,1997,245,245,245
4,35,44,55,1998,247,247,247
4,35,45,55,1999,250,250,250
4,35,46,55,2000,249,249,249
4,35,47,55,2001,249,249,249
4,35,48,55,2002,241,241,241
4,35,49,55,2003,242,242,242
4,35,50,55,2004,247,247,247
4,35,51,55,2005,245,245,245
4,35,52,55,2006,249,249,249
4,35,53,55,2007,249,249,249
4,35,54,55,2008,246,246,246
4,35,55,55,2009,239,239,239
4,35,56,55,2010,248,248,248
4,35,57,55,2011,241,241,241
4,35,58,55,2012,243,243,243
4,35,59,55,2013,246,246,246
4,35,60,55,2014,247,247,247
4,35,61,55,2015,247,247,247
4,35,62,55,2016,246,246,246
4,35,63,55,2017,245,245,245
4,35,64,55,2018,244,244,244
4,35,65,55,2019,245,245,245
4,35,66,55,2020,248,248,248
4,35,67,55,2021,246,246,246
4,35,68,55,2022,247,247,247
4,36,0,56,1954,222,222,222
4,36,1,56,1955,222,222,222
4,36,2,56,1956,222,222,222
4,36,3,56,1957,219,219,219
4,36,4,56,1958,234,234,234
4,36,5,56,1959,230,230,230
4,36,6,56,1960,228,228,228
4,36,7,56,1961,232,232,232
4,36,8,56,1962,229,229,229
4,36,9,56,1963,238,238,238
4,36,10,56,1964,235,235,235
4,36,11,56,1965,239,239,239
4,36,12,56,1966,235,235,235
4,36,13,56,1967,243,243,243
4,36,14,56,1968,245,245,245
4,36,15,56,1969,239,239,239
4,36,16,56,1970,237,237,237
4,36,17,56,1971,240,240,240
4,36,18,56,1972,243,243,243
4,36,19,56,1973,236,236,236
4,36,20,56,1974,226,226,226
4,36,21,56,1975,239,239,239
4,36,22,56,1976,237,237,237
4,36,23,56,1977,239,239,239
4,36,24,56,1978,239,239,239
4,36,25,56,1979,237,237,237
4,36,26,56,1980,235,235,235
4,36,27,56,1981,233,233,233
4,36,28,56,1982,231,231,231
4,36,29,56,1983,236,236,236
4,36,30,56,1984,236,236,236
4,36,31,56,1985,240,240,240
4,36,32,56,1986,239,239,239
4,36,33,56,1987,239,239,239
4,36,34,56,1988,240,240,240
4,36,35,56,1989,240,240,240
4,36,36,56,1990,231,231,231
4,36,37,56,1991,236,236,236
4,36,38,56,1992,237,237,237
4,36,39,56,1993,238,238,238
4,36,40,56,1994,233,233,233
4,36,41,56,1995,241,241,241
4,36,42,56,1996,244,244,244
4,36,43,56,1997,244,244,244
4,36,44,56,1998,243,243,243
4,36,45,56,1999,250,250,250
4,36,46,56,2000,247,247,247
4,36,47,56,2001,249,249,249
4,36,48,56,2002,243,243,243
4,36,49,56,2003,243,243,243
4,36,50,56,2004,247,247,247
4,36,51,56,2005,247,247,247
4,36,52,56,2006,251,251,251
4,36,53,56,2007,249,249,249
4,36,54,56,2008,246,246,246
4,36,55,56,2009,239,239,239
4,36,56,56,2010,247,247,247
4,36,57,56,2011,247,247,247
4,36,58,56,2012,246,246,246
4,36,59,56,2013,247,247,247
4,36,60,56,2014,247,247,247
4,36,61,56,2015,249,249,249
4,36,62,56,2016,245,245,245
4,36,63,56,2017,248,248,248
4,36,64,56,2018,248,248,248
4,36,65,56,2019,247,247,247
4,36,66,56,2020,247,247,247
4,36,67,56,2021,248,248,248
4,36,68,56,2022,247,247,247
4,37,0,57,1954,222,222,222
4,37,1,57,1955,227,227,227
4,37,2,57,1956,223,223,223
4,37,3,57,1957,217,217,217
4,37,4,57,1958,232,232,232
4,37,5,57,1959,231,231,231
4,37,6,57,1960,233,233,233
4,37,7,57,1961,236,236,236
4,37,8,57,1962,232,232,232
4,37,9,57,1963,236,236,236
4,37,10,57,1964,239,239,239
4,37,11,57,1965,236,236,236
4,37,12,57,1966,232,232,232
4,37,13,57,1967,242,242,242
4,37,14,57,1968,244,244,244
4,37,15,57,1969,243,243,243
4,37,16,57,1970,238,238,238
4,37,17,57,1971,234,234,234
4,37,18,57,1972,242,242,242
4,37,19,57,1973,233,233,233
4,37,20,57,1974,226,226,226
4,37,21,57,1975,237,237,237
4,37,22,57,1976,237,237,237
4,37,23,57,1977,235,235,235
4,37,24,57,1978,241,241,241
4,37,25,57,1979,240,240,240
4,37,26,57,1980,243,243,243
4,37,27,57,1981,233,233,233
4,37,28,57,1982,238,238,238
4,37,29,57,1983,241,241,241
4,37,30,57,1984,241,241,241
4,37,31,57,1985,244,244,244
4,37,32,57,1986,245,245,245
4,37,33,57,1987,241,241,241
4,37,34,57,1988,242,242,242
4,37,35,57,1989,240,240,240
4,37,36,57,1990,240,240,240
4,37,37,57,1991,241,241,241
4,37,38,57,1992,236,236,236
4,37,39,57,1993,237,237,237
4,37,40,57,1994,239,239,239
4,37,41,57,1995,243,243,243
4,37,42,57,1996,244,244,244
4,37,43,57,1997,246,246,246
4,37,44,57,1998,245,245,245
4,37,45,57,1999,248,248,248
4,37,46,57,2000,246,246,246
4,37,47,57,2001,249,249,249
4,37,48,57,2002,241,241,241
4,37,49,57,2003,241,241,241
4,37,50,57,2004,248,248,248
4,37,51,57,2005,249,249,249
4,37,52,57,2006,250,250,250
4,37,53,57,2007,248,248,248
4,37,54,57,2008,247,247,247
4,37,55,57,2009,240,240,240
4,37,56,57,2010,247,247,247
4,37,57,57,2011,245,245,245
4,37,58,57,2012,247,247,247
4,37,59,57,2013,244,244,244
4,37,60,57,2014,247,247,247
4,37,61,57,2015,249,249,249
4,37,62,57,2016,248,248,248
4,37,63,57,2017,249,249,249
4,37,64,57,2018,249,249,249
4,37,65,57,2019,242,242,242
4,37,66,57,2020,245,245,245
4,37,67,57,2021,247,247,247
4,37,68,57,2022,248,248,248
4,38,0,58,1954,223,223,223
4,38,1,58,1955,229,229,229
4,38,2,58,1956,222,222,222
4,38,3,58,1957,218,218,218
4,38,4,58,1958,227,227,227
4,38,5,58,1959,235,235,235
4,38,6,58,1960,232,232,232
4,38,7,58,1961,233,233,233
4,38,8,58,1962,229,229,229
4,38,9,58,1963,236,236,236
4,38,10,58,1964,237,237,237
4,38,11,58,1965,235,235,235
4,38,12,58,1966,233,233,233
4,38,13,58,1967,241,241,241
4,38,14,58,1968,238,238,238
4,38,15,58,1969,240,240,240
4,38,16,58,1970,243,243,243
4,38,17,58,1971,237,237,237
4,38,18,58,1972,242,242,242
4,38,19,58,1973,236,236,236
4,38,20,58,1974,225,225,225
4,38,21,58,1975,237,237,237
4,38,22,58,1976,237,237,237
4,38,23,58,1977,241,241,241
4,38,24,58,1978,240,240,240
4,38,25,58,1979,236,236,236
4,38,26,58,1980,239,239,239
4,38,27,58,1981,238,238,238
4,38,28,58,1982,236,236,236
4,38,29,58,1983,239,239,239
4,38,30,58,1984,235,235,235
4,38,31,58,1985,243,243,243
4,38,32,58,1986,244,244,244
4,38,33,58,1987,244,244,244
4,38,34,58,1988,241,241,241
4,38,35,58,1989,240,240,240
4,38,36,58,1990,238,238,238
4,38,37,58,1991,244,244,244
4,38,38,58,1992,244,244,244
4,38,39,58,1993,236,236,236
4,38,40,58,1994,236,236,236
4,38,41,58,1995,247,247,247
4,38,42,58,1996,243,243,243
4,38,43,58,1997,247,247,247
4,38,44,58,1998,249,249,249
4,38,45,58,1999,249,249,249
4,38,46,58,2000,248,248,248
4,38,47,58,2001,250,250,250
4,38,48,58,2002,242,242,242
4,38,49,58,2003,242,242,242
4,38,50,58,2004,247,247,247
4,38,51,58,2005,245,245,245
4,38,52,58,2006,248,248,248
4,38,53,58,2007,248,248,248
4,38,54,58,2008,248,248,248
4,38,55,58,2009,244,244,244
4,38,56,58,2010,248,248,248
4,38,57,58,2011,245,245,245
4,38,58,58,2012,246,246,246
4,38,59,58,2013,248,248,248
4,38,60,58,2014,247,247,247
4,38,61,58,2015,249,249,249
4,38,62,58,2016,247,247,247
4,38,63,58,2017,249,249,249
4,38,64,58,2018,249,249,249
4,38,65,58,2019,247,247,247
4,38,66,58,2020,248,248,248
4,38,67,58,2021,248,248,248
4,38,68,58,2022,249,249,249
4,39,0,59,1954,223,223,223
4,39,1,59,1955,229,229,229
4,39,2,59,1956,224,224,224
4,39,3,59,1957,219,219,219
4,39,4,59,1958,228,228,228
4,39,5,59,1959,231,231,231
4,39,6,59,1960,229,229,229
4,39,7,59,1961,235,235,235
4,39,8,59,1962,237,237,237
4,39,9,59,1963,237,237,237
4,39,10,59,1964,239,239,239
4,39,11,59,1965,242,242,242
4,39,12,59,1966,239,239,239
4,39,13,59,1967,241,241,241
4,39,14,59,1968,241,241,241
4,39,15,59,1969,240,240,240
4,39,16,59,1970,243,243,243
4,39,17,59,1971,243,243,243
4,39,18,59,1972,243,243,243
4,39,19,59,1973,240,240,240
4,39,20,59,1974,233,233,233
4,39,21,59,1975,236,236,236
4,39,22,59,1976,238,238,238
4,39,23,59,1977,238,238,238
4,39,24,59,1978,236,236,236
4,39,25,59,1979,240,240,240
4,39,26,59,1980,241,241,241
4,39,27,59,1981,240,240,240
4,39,28,59,1982,242,242,242
4,39,29,59,1983,238,238,238
4,39,30,59,1984,237,237,237
4,39,31,59,1985,240,240,240
4,39,32,59,1986,245,245,245
4,39,33,59,1987,245,245,245
4,39,34,59,1988,246,246,246
4,39,35,59,1989,241,241,241
4,39,36,59,1990,242,242,242
4,39,37,59,1991,243,243,243
4,39,38,59,1992,244,244,244
4,39,39,59,1993,243,243,243
4,39,40,59,1994,236,236,236
4,39,41,59,1995,246,246,246
4,39,42,59,1996,247,247,247
4,39,43,59,1997,247,247,247
4,39,44,59,1998,245,245,245
4,39,45,59,1999,251,251,251
4,39,46,59,2000,250,250,250
4,39,47,59,2001,249,249,249
4,39,48,59,2002,245,245,245
4,39,49,59,2003,243,243,243
4,39,50,59,2004,247,247,247
4,39,51,59,2005,246,246,246
4,39,52,59,2006,249,249,249
4,39,53,59,2007,249,249,249
4,39,54,59,2008,245,245,245
4,39,55,59,2009,236,236,236
4,39,56,59,2010,247,247,247
4,39,57,59,2011,249,249,249
4,39,58,59,2012,247,247,247
4,39,59,59,2013,247,247,247
4,39,60,59,2014,249,249,249
4,39,61,59,2015,249,249,249
4,39,62,59,2016,246,246,246
4,39,63,59,2017,249,249,249
4,39,64,59,2018,250,250,250
4,39,65,59,2019,244,244,244
4,39,66,59,2020,248,248,248
4,39,67,59,2021,249,249,249
4,39,68,59,2022,250,250,250
4,40,0,60,1954,221,221,221
4,40,1,60,1955,228,228,228
4,40,2,60,1956,230,230,230
4,40,3,60,1957,226,226,226
4,40,4,60,1958,234,234,234
4,40,5,60,1959,230,230,230
4,40,6,60,1960,233,233,233
4,40,7,60,1961,232,232,232
4,40,8,60,1962,230,230,230
4,40,9,60,1963,238,238,238
4,40,10,60,1964,241,241,241
4,40,11,60,1965,237,237,237
4,40,12,60,1966,233,233,233
4,40,13,60,1967,239,239,239
4,40,14,60,1968,238,238,238
4,40,15,60,1969,234,234,234
4,40,16,60,1970,235,235,235
4,40,17,60,1971,242,242,242
4,40,18,60,1972,245,245,245
4,40,19,60,1973,237,237,237
4,40,20,60,1974,232,232,232
4,40,21,60,1975,237,237,237
4,40,22,60,1976,237,237,237
4,40,23,60,1977,240,240,240
4,40,24,60,1978,234,234,234
4,40,25,60,1979,240,240,240
4,40,26,60,1980,245,245,245
4,40,27,60,1981,245,245,245
4,40,28,60,1982,242,242,242
4,40,29,60,1983,242,242,242
4,40,30,60,1984,242,242,242
4,40,31,60,1985,242,242,242
4,40,32,60,1986,243,243,243
4,40,33,60,1987,244,244,244
4,40,34,60,1988,247,247,247
4,40,35,60,1989,248,248,248
4,40,36,60,1990,242,242,242
4,40,37,60,1991,244,244,244
4,40,38,60,1992,243,243,243
4,40,39,60,1993,248,248,248
4,40,40,60,1994,243,243,243
4,40,41,60,1995,245,245,245
4,40,42,60,1996,247,247,247
4,40,43,60,1997,248,248,248
4,40,44,60,1998,246,246,246
4,40,45,60,1999,250,250,250
4,40,46,60,2000,250,250,250
4,40,47,60,2001,250,250,250
4,40,48,60,2002,245,245,245
4,40,49,60,2003,245,245,245
4,40,50,60,2004,249,249,249
4,40,51,60,2005,246,246,246
4,40,52,60,2006,249,249,249
4,40,53,60,2007,248,248,248
4,40,54,60,2008,246,246,246
4,40,55,60,2009,237,237,237
4,40,56,60,2010,249,249,249
4,40,57,60,2011,245,245,245
4,40,58,60,2012,248,248,248
4,40,59,60,2013,247,247,247
4,40,60,60,2014,245,245,245
4,40,61,60,2015,250,250,250
4,40,62,60,2016,246,246,246
4,40,63,60,2017,250,250,250
4,40,64,60,2018,248,248,248
4,40,65,60,2019,248,248,248
4,40,66,60,2020,249,249,249
4,40,67,60,2021,250,250,250
4,40,68,60,2022,251,251,251
4,41,0,61,1954,222,222,222
4,41,1,61,1955,228,228,228
4,41,2,61,1956,224,224,224
4,41,3,61,1957,217,217,217
4,41,4,61,1958,233,233,233
4,41,5,61,1959,229,229,229
4,41,6,61,1960,233,233,233
4,41,7,61,1961,238,238,238
4,41,8,61,1962,237,237,237
4,41,9,61,1963,238,238,238
4,41,10,61,1964,241,241,241
4,41,11,61,1965,238,238,238
4,41,12,61,1966,233,233,233
4,41,13,61,1967,240,240,240
4,41,14,61,1968,238,238,238
4,41,15,61,1969,237,237,237
4,41,16,61,1970,235,235,235
4,41,17,61,1971,242,242,242
4,41,18,61,1972,245,245,245
4,41,19,61,1973,244,244,244
4,41,20,61,1974,231,231,231
4,41,21,61,1975,238,238,238
4,41,22,61,1976,237,237,237
4,41,23,61,1977,233,233,233
4,41,24,61,1978,241,241,241
4,41,25,61,1979,241,241,241
4,41,26,61,1980,243,243,243
4,41,27,61,1981,240,240,240
4,41,28,61,1982,241,241,241
4,41,29,61,1983,246,246,246
4,41,30,61,1984,245,245,245
4,41,31,61,1985,246,246,246
4,41,32,61,1986,243,243,243
4,41,33,61,1987,241,241,241
4,41,34,61,1988,246,246,246
4,41,35,61,1989,248,248,248
4,41,36,61,1990,247,247,247
4,41,37,61,1991,243,243,243
4,41,38,61,1992,246,246,246
4,41,39,61,1993,245,245,245
4,41,40,61,1994,243,243,243
4,41,41,61,1995,246,246,246
4,41,42,61,1996,247,247,247
4,41,43,61,1997,247,247,247
4,41,44,61,1998,251,251,251
4,41,45,61,1999,250,250,250
4,41,46,61,2000,249,249,249
4,41,47,61,2001,251,251,251
4,41,48,61,2002,245,245,245
4,41,49,61,2003,245,245,245
4,41,50,61,2004,248,248,248
4,41,51,61,2005,246,246,246
4,41,52,61,2006,251,251,251
4,41,53,61,2007,248,248,248
4,41,54,61,2008,245,245,245
4,41,55,61,2009,238,238,238
4,41,56,61,2010,250,250,250
4,41,57,61,2011,246,246,246
4,41,58,61,2012,248,248,248
4,41,59,61,2013,249,249,249
4,41,60,61,2014,247,247,247
4,41,61,61,2015,251,251,251
4,41,62,61,2016,248,248,248
4,41,63,61,2017,249,249,249
4,41,64,61,2018,249,249,249
4,41,65,61,2019,248,248,248
4,41,66,61,2020,251,251,251
4,41,67,61,2021,251,251,251
4,41,68,61,2022,250,250,250
4,42,0,62,1954,222,222,222
4,42,1,62,1955,230,230,230
4,42,2,62,1956,223,223,223
4,42,3,62,1957,217,217,217
4,42,4,62,1958,233,233,233
4,42,5,62,1959,232,232,232
4,42,6,62,1960,229,229,229
4,42,7,62,1961,234,234,234
4,42,8,62,1962,232,232,232
4,42,9,62,1963,238,238,238
4,42,10,62,1964,242,242,242
4,42,11,62,1965,239,239,239
4,42,12,62,1966,236,236,236
4,42,13,62,1967,243,243,243
4,42,14,62,1968,243,243,243
4,42,15,62,1969,236,236,236
4,42,16,62,1970,235,235,235
4,42,17,62,1971,236,236,236
4,42,18,62,1972,242,242,242
4,42,19,62,1973,243,243,243
4,42,20,62,1974,239,239,239
4,42,21,62,1975,236,236,236
4,42,22,62,1976,238,238,238
4,42,23,62,1977,235,235,235
4,42,24,62,1978,241,241,241
4,42,25,62,1979,236,236,236
4,42,26,62,1980,241,241,241
4,42,27,62,1981,240,240,240
4,42,28,62,1982,245,245,245
4,42,29,62,1983,245,245,245
4,42,30,62,1984,243,243,243
4,42,31,62,1985,247,247,247
4,42,32,62,1986,246,246,246
4,42,33,62,1987,245,245,245
4,42,34,62,1988,247,247,247
4,42,35,62,1989,246,246,246
4,42,36,62,1990,247,247,247
4,42,37,62,1991,247,247,247
4,42,38,62,1992,248,248,248
4,42,39,62,1993,246,246,246
4,42,40,62,1994,248,248,248
4,42,41,62,1995,249,249,249
4,42,42,62,1996,247,247,247
4,42,43,62,1997,247,247,247
4,42,44,62,1998,251,251,251
4,42,45,62,1999,252,252,252
4,42,46,62,2000,251,251,251
4,42,47,62,2001,251,251,251
4,42,48,62,2002,245,245,245
4,42,49,62,2003,246,246,246
4,42,50,62,2004,249,249,249
4,42,51,62,2005,251,251,251
4,42,52,62,2006,250,250,250
4,42,53,62,2007,248,248,248
4,42,54,62,2008,246,246,246
4,42,55,62,2009,238,238,238
4,42,56,62,2010,246,246,246
4,42,57,62,2011,245,245,245
4,42,58,62,2012,249,249,249
4,42,59,62,2013,248,248,248
4,42,60,62,2014,249,249,249
4,42,61,62,2015,251,251,251
4,42,62,62,2016,249,249,249
4,42,63,62,2017,252,252,252
4,42,64,62,2018,250,250,250
4,42,65,62,2019,248,248,248
4,42,66,62,2020,251,251,251
4,42,67,62,2021,252,252,252
4,42,68,62,2022,249,249,249
4,43,0,63,1954,222,222,222
4,43,1,63,1955,229,229,229
4,43,2,63,1956,223,223,223
4,43,3,63,1957,219,219,219
4,43,4,63,1958,235,235,235
4,43,5,63,1959,236,236,236
4,43,6,63,1960,235,235,235
4,43,7,63,1961,238,238,238
4,43,8,63,1962,237,237,237
4,43,9,63,1963,234,234,234
4,43,10,63,1964,242,242,242
4,43,11,63,1965,239,239,239
4,43,12,63,1966,238,238,238
4,43,13,63,1967,243,243,243
4,43,14,63,1968,243,243,243
4,43,15,63,1969,237,237,237
4,43,16,63,1970,236,236,236
4,43,17,63,1971,236,236,236
4,43,18,63,1972,242,242,242
4,43,19,63,1973,242,242,242
4,43,20,63,1974,238,238,238
4,43,21,63,1975,244,244,244
4,43,22,63,1976,243,243,243
4,43,23,63,1977,236,236,236
4,43,24,63,1978,240,240,240
4,43,25,63,1979,237,237,237
4,43,26,63,1980,243,243,243
4,43,27,63,1981,241,241,241
4,43,28,63,1982,245,245,245
4,43,29,63,1983,248,248,248
4,43,30,63,1984,247,247,247
4,43,31,63,1985,248,248,248
4,43,32,63,1986,247,247,247
4,43,33,63,1987,248,248,248
4,43,34,63,1988,245,245,245
4,43,35,63,1989,247,247,247
4,43,36,63,1990,246,246,246
4,43,37,63,1991,249,249,249
4,43,38,63,1992,250,250,250
4,43,39,63,1993,246,246,246
4,43,40,63,1994,249,249,249
4,43,41,63,1995,250,250,250
4,43,42,63,1996,249,249,249
4,43,43,63,1997,250,250,250
4,43,44,63,1998,250,250,250
4,43,45,63,1999,252,252,252
4,43,46,63,2000,250,250,250
4,43,47,63,2001,250,250,250
4,43,48,63,2002,243,243,243
4,43,49,63,2003,245,245,245
4,43,50,63,2004,250,250,250
4,43,51,63,2005,251,251,251
4,43,52,63,2006,250,250,250
4,43,53,63,2007,249,249,249
4,43,54,63,2008,246,246,246
4,43,55,63,2009,239,239,239
4,43,56,63,2010,249,249,249
4,43,57,63,2011,249,249,249
4,43,58,63,2012,250,250,250
4,43,59,63,2013,248,248,248
4,43,60,63,2014,250,250,250
4,43,61,63,2015,250,250,250
4,43,62,63,2016,249,249,249
4,43,63,63,2017,251,251,251
4,43,64,63,2018,252,252,252
4,43,65,63,2019,251,251,251
4,43,66,63,2020,250,250,250
4,43,67,63,2021,251,251,251
4,43,68,63,2022,250,250,250
4,44,0,64,1954,222,222,222
4,44,1,64,1955,229,229,229
4,44,2,64,1956,225,225,225
4,44,3,64,1957,218,218,218
4,44,4,64,1958,233,233,233
4,44,5,64,1959,236,236,236
4,44,6,64,1960,234,234,234
4,44,7,64,1961,234,234,234
4,44,8,64,1962,232,232,232
4,44,9,64,1963,235,235,235
4,44,10,64,1964,241,241,241
4,44,11,64,1965,239,239,239
4,44,12,64,1966,237,237,237
4,44,13,64,1967,243,243,243
4,44,14,64,1968,243,243,243
4,44,15,64,1969,238,238,238
4,44,16,64,1970,236,236,236
4,44,17,64,1971,241,241,241
4,44,18,64,1972,241,241,241
4,44,19,64,1973,240,240,240
4,44,20,64,1974,236,236,236
4,44,21,64,1975,243,243,243
4,44,22,64,1976,245,245,245
4,44,23,64,1977,237,237,237
4,44,24,64,1978,240,240,240
4,44,25,64,1979,243,243,243
4,44,26,64,1980,243,243,243
4,44,27,64,1981,244,244,244
4,44,28,64,1982,245,245,245
4,44,29,64,1983,246,246,246
4,44,30,64,1984,247,247,247
4,44,31,64,1985,247,247,247
4,44,32,64,1986,248,248,248
4,44,33,64,1987,247,247,247
4,44,34,64,1988,248,248,248
4,44,35,64,1989,247,247,247
4,44,36,64,1990,246,246,246
4,44,37,64,1991,247,247,247
4,44,38,64,1992,250,250,250
4,44,39,64,1993,249,249,249
4,44,40,64,1994,248,248,248
4,44,41,64,1995,251,251,251
4,44,42,64,1996,250,250,250
4,44,43,64,1997,252,252,252
4,44,44,64,1998,251,251,251
4,44,45,64,1999,252,252,252
4,44,46,64,2000,249,249,249
4,44,47,64,2001,251,251,251
4,44,48,64,2002,247,247,247
4,44,49,64,2003,246,246,246
4,44,50,64,2004,250,250,250
4,44,51,64,2005,251,251,251
4,44,52,64,2006,250,250,250
4,44,53,64,2007,249,249,249
4,44,54,64,2008,246,246,246
4,44,55,64,2009,240,240,240
4,44,56,64,2010,248,248,248
4,44,57,64,2011,245,245,245
4,44,58,64,2012,247,247,247
4,44,59,64,2013,249,249,249
4,44,60,64,2014,248,248,248
4,44,61,64,2015,250,250,250
4,44,62,64,2016,249,249,249
4,44,63,64,2017,252,252,252
4,44,64,64,2018,250,250,250
4,44,65,64,2019,253,253,253
4,44,66,64,2020,252,252,252
4,44,67,64,2021,251,251,251
4,44,68,64,2022,250,250,250
4,45,0,65,1954,221,221,221
4,45,1,65,1955,230,230,230
4,45,2,65,1956,230,230,230
4,45,3,65,1957,226,226,226
4,45,4,65,1958,233,233,233
4,45,5,65,1959,237,237,237
4,45,6,65,1960,232,232,232
4,45,7,65,1961,234,234,234
4,45,8,65,1962,231,231,231
4,45,9,65,1963,238,238,238
4,45,10,65,1964,240,240,240
4,45,11,65,1965,239,239,239
4,45,12,65,1966,238,238,238
4,45,13,65,1967,242,242,242
4,45,14,65,1968,244,244,244
4,45,15,65,1969,238,238,238
4,45,16,65,1970,237,237,237
4,45,17,65,1971,241,241,241
4,45,18,65,1972,241,241,241
4,45,19,65,1973,236,236,236
4,45,20,65,1974,227,227,227
4,45,21,65,1975,240,240,240
4,45,22,65,1976,244,244,244
4,45,23,65,1977,243,243,243
4,45,24,65,1978,238,238,238
4,45,25,65,1979,242,242,242
4,45,26,65,1980,243,243,243
4,45,27,65,1981,240,240,240
4,45,28,65,1982,242,242,242
4,45,29,65,1983,244,244,244
4,45,30,65,1984,247,247,247
4,45,31,65,1985,247,247,247
4,45,32,65,1986,247,247,247
4,45,33,65,1987,249,249,249
4,45,34,65,1988,248,248,248
4,45,35,65,1989,247,247,247
4,45,36,65,1990,246,246,246
4,45,37,65,1991,248,248,248
4,45,38,65,1992,250,250,250
4,45,39,65,1993,248,248,248
4,45,40,65,1994,248,248,248
4,45,41,65,1995,251,251,251
4,45,42,65,1996,251,251,251
4,45,43,65,1997,252,252,252
4,45,44,65,1998,253,253,253
4,45,45,65,1999,252,252,252
4,45,46,65,2000,250,250,250
4,45,47,65,2001,252,252,252
4,45,48,65,2002,247,247,247
4,45,49,65,2003,249,249,249
4,45,50,65,2004,250,250,250
4,45,51,65,2005,250,250,250
4,45,52,65,2006,251,251,251
4,45,53,65,2007,250,250,250
4,45,54,65,2008,246,246,246
4,45,55,65,2009,241,241,241
4,45,56,65,2010,246,246,246
4,45,57,65,2011,244,244,244
4,45,58,65,2012,248,248,248
4,45,59,65,2013,248,248,248
4,45,60,65,2014,248,248,248
4,45,61,65,2015,251,251,251
4,45,62,65,2016,251,251,251
4,45,63,65,2017,252,252,252
4,45,64,65,2018,251,251,251
4,45,65,65,2019,251,251,251
4,45,66,65,2020,253,253,253
4,45,67,65,2021,252,252,252
4,45,68,65,2022,250,250,250
4,46,0,66,1954,222,222,222
4,46,1,66,1955,229,229,229
4,46,2,66,1956,231,231,231
4,46,3,66,1957,227,227,227
4,46,4,66,1958,235,235,235
4,46,5,66,1959,231,231,231
4,46,6,66,1960,229,229,229
4,46,7,66,1961,235,235,235
4,46,8,66,1962,234,234,234
4,46,9,66,1963,238,238,238
4,46,10,66,1964,242,242,242
4,46,11,66,1965,240,240,240
4,46,12,66,1966,237,237,237
4,46,13,66,1967,243,243,243
4,46,14,66,1968,244,244,244
4,46,15,66,1969,239,239,239
4,46,16,66,1970,238,238,238
4,46,17,66,1971,242,242,242
4,46,18,66,1972,244,244,244
4,46,19,66,1973,241,241,241
4,46,20,66,1974,229,229,229
4,46,21,66,1975,236,236,236
4,46,22,66,1976,241,241,241
4,46,23,66,1977,240,240,240
4,46,24,66,1978,243,243,243
4,46,25,66,1979,237,237,237
4,46,26,66,1980,242,242,242
4,46,27,66,1981,240,240,240
4,46,28,66,1982,242,242,242
4,46,29,66,1983,244,244,244
4,46,30,66,1984,248,248,248
4,46,31,66,1985,247,247,247
4,46,32,66,1986,250,250,250
4,46,33,66,1987,249,249,249
4,46,34,66,1988,250,250,250
4,46,35,66,1989,249,249,249
4,46,36,66,1990,247,247,247
4,46,37,66,1991,250,250,250
4,46,38,66,1992,249,249,249
4,46,39,66,1993,248,248,248
4,46,40,66,1994,249,249,249
4,46,41,66,1995,253,253,253
4,46,42,66,1996,253,253,253
4,46,43,66,1997,253,253,253
4,46,44,66,1998,252,252,252
4,46,45,66,1999,253,253,253
4,46,46,66,2000,251,251,251
4,46,47,66,2001,252,252,252
4,46,48,66,2002,249,249,249
4,46,49,66,2003,249,249,249
4,46,50,66,2004,251,251,251
4,46,51,66,2005,249,249,249
4,46,52,66,2006,250,250,250
4,46,53,66,2007,250,250,250
4,46,54,66,2008,247,247,247
4,46,55,66,2009,241,241,241
4,46,56,66,2010,247,247,247
4,46,57,66,2011,246,246,246
4,46,58,66,2012,247,247,247
4,46,59,66,2013,248,248,248
4,46,60,66,2014,247,247,247
4,46,61,66,2015,250,250,250
4,46,62,66,2016,249,249,249
4,46,63,66,2017,251,251,251
4,46,64,66,2018,251,251,251
4,46,65,66,2019,251,251,251
4,46,66,66,2020,252,252,252
4,46,67,66,2021,252,252,252
4,46,68,66,2022,252,252,252
4,47,0,67,1954,213,213,213
4,47,1,67,1955,230,230,230
4,47,2,67,1956,230,230,230
4,47,3,67,1957,226,226,226
4,47,4,67,1958,233,233,233
4,47,5,67,1959,230,230,230
4,47,6,67,1960,229,229,229
4,47,7,67,1961,238,238,238
4,47,8,67,1962,239,239,239
4,47,9,67,1963,238,238,238
4,47,10,67,1964,241,241,241
4,47,11,67,1965,239,239,239
4,47,12,67,1966,237,237,237
4,47,13,67,1967,242,242,242
4,47,14,67,1968,244,244,244
4,47,15,67,1969,238,238,238
4,47,16,67,1970,240,240,240
4,47,17,67,1971,242,242,242
4,47,18,67,1972,244,244,244
4,47,19,67,1973,238,238,238
4,47,20,67,1974,229,229,229
4,47,21,67,1975,233,233,233
4,47,22,67,1976,239,239,239
4,47,23,67,1977,237,237,237
4,47,24,67,1978,244,244,244
4,47,25,67,1979,245,245,245
4,47,26,67,1980,242,242,242
4,47,27,67,1981,244,244,244
4,47,28,67,1982,244,244,244
4,47,29,67,1983,242,242,242
4,47,30,67,1984,246,246,246
4,47,31,67,1985,248,248,248
4,47,32,67,1986,250,250,250
4,47,33,67,1987,249,249,249
4,47,34,67,1988,251,251,251
4,47,35,67,1989,252,252,252
4,47,36,67,1990,248,248,248
4,47,37,67,1991,250,250,250
4,47,38,67,1992,250,250,250
4,47,39,67,1993,251,251,251
4,47,40,67,1994,249,249,249
4,47,41,67,1995,253,253,253
4,47,42,67,1996,252,252,252
4,47,43,67,1997,252,252,252
4,47,44,67,1998,253,253,253
4,47,45,67,1999,254,254,254
4,47,46,67,2000,254,254,254
4,47,47,67,2001,252,252,252
4,47,48,67,2002,246,246,246
4,47,49,67,2003,247,247,247
4,47,50,67,2004,251,251,251
4,47,51,67,2005,252,252,252
4,47,52,67,2006,251,251,251
4,47,53,67,2007,250,250,250
4,47,54,67,2008,249,249,249
4,47,55,67,2009,241,241,241
4,47,56,67,2010,248,248,248
4,47,57,67,2011,245,245,245
4,47,58,67,2012,247,247,247
4,47,59,67,2013,247,247,247
4,47,60,67,2014,248,248,248
4,47,61,67,2015,250,250,250
4,47,62,67,2016,249,249,249
4,47,63,67,2017,252,252,252
4,47,64,67,2018,252,252,252
4,47,65,67,2019,252,252,252
4,47,66,67,2020,252,252,252
4,47,67,67,2021,252,252,252
4,47,68,67,2022,252,252,252
4,48,0,68,1954,212,212,212
4,48,1,68,1955,228,228,228
4,48,2,68,1956,222,222,222
4,48,3,68,1957,215,215,215
4,48,4,68,1958,233,233,233
4,48,5,68,1959,229,229,229
4,48,6,68,1960,229,229,229
4,48,7,68,1961,234,234,234
4,48,8,68,1962,233,233,233
4,48,9,68,1963,238,238,238
4,48,10,68,1964,242,242,242
4,48,11,68,1965,242,242,242
4,48,12,68,1966,241,241,241
4,48,13,68,1967,244,244,244
4,48,14,68,1968,244,244,244
4,48,15,68,1969,240,240,240
4,48,16,68,1970,239,239,239
4,48,17,68,1971,242,242,242
4,48,18,68,1972,244,244,244
4,48,19,68,1973,237,237,237
4,48,20,68,1974,231,231,231
4,48,21,68,1975,239,239,239
4,48,22,68,1976,244,244,244
4,48,23,68,1977,239,239,239
4,48,24,68,1978,242,242,242
4,48,25,68,1979,245,245,245
4,48,26,68,1980,248,248,248
4,48,27,68,1981,245,245,245
4,48,28,68,1982,244,244,244
4,48,29,68,1983,245,245,245
4,48,30,68,1984,242,242,242
4,48,31,68,1985,247,247,247
4,48,32,68,1986,248,248,248
4,48,33,68,1987,249,249,249
4,48,34,68,1988,251,251,251
4,48,35,68,1989,253,253,253
4,48,36,68,1990,251,251,251
4,48,37,68,1991,251,251,251
4,48,38,68,1992,251,251,251
4,48,39,68,1993,251,251,251
4,48,40,68,1994,249,249,249
4,48,41,68,1995,251,251,251
4,48,42,68,1996,252,252,252
4,48,43,68,1997,253,253,253
4,48,44,68,1998,253,253,253
4,48,45,68,1999,254,254,254
4,48,46,68,2000,253,253,253
4,48,47,68,2001,254,254,254
4,48,48,68,2002,250,250,250
4,48,49,68,2003,250,250,250
4,48,50,68,2004,251,251,251
4,48,51,68,2005,250,250,250
4,48,52,68,2006,252,252,252
4,48,53,68,2007,250,250,250
4,48,54,68,2008,250,250,250
4,48,55,68,2009,244,244,244
4,48,56,68,2010,249,249,249
4,48,57,68,2011,248,248,248
4,48,58,68,2012,249,249,249
4,48,59,68,2013,247,247,247
4,48,60,68,2014,250,250,250
4,48,61,68,2015,251,251,251
4,48,62,68,2016,249,249,249
4,48,63,68,2017,251,251,251
4,48,64,68,2018,252,252,252
4,48,65,68,2019,252,252,252
4,48,66,68,2020,252,252,252
4,48,67,68,2021,253,253,253
4,48,68,68,2022,252,252,252
4,49,0,69,1954,222,222,222
4,49,1,69,1955,228,228,228
4,49,2,69,1956,231,231,231
4,49,3,69,1957,227,227,227
4,49,4,69,1958,233,233,233
4,49,5,69,1959,236,236,236
4,49,6,69,1960,237,237,237
4,49,7,69,1961,236,236,236
4,49,8,69,1962,232,232,232
4,49,9,69,1963,240,240,240
4,49,10,69,1964,241,241,241
4,49,11,69,1965,243,243,243
4,49,12,69,1966,240,240,240
4,49,13,69,1967,242,242,242
4,49,14,69,1968,242,242,242
4,49,15,69,1969,239,239,239
4,49,16,69,1970,239,239,239
4,49,17,69,1971,243,243,243
4,49,18,69,1972,244,244,244
4,49,19,69,1973,243,243,243
4,49,20,69,1974,237,237,237
4,49,21,69,1975,241,241,241
4,49,22,69,1976,238,238,238
4,49,23,69,1977,236,236,236
4,49,24,69,1978,238,238,238
4,49,25,69,1979,242,242,242
4,49,26,69,1980,245,245,245
4,49,27,69,1981,243,243,243
4,49,28,69,1982,244,244,244
4,49,29,69,1983,247,247,247
4,49,30,69,1984,247,247,247
4,49,31,69,1985,248,248,248
4,49,32,69,1986,248,248,248
4,49,33,69,1987,249,249,249
4,49,34,69,1988,249,249,249
4,49,35,69,1989,251,251,251
4,49,36,69,1990,252,252,252
4,49,37,69,1991,252,252,252
4,49,38,69,1992,252,252,252
4,49,39,69,1993,252,252,252
4,49,40,69,1994,250,250,250
4,49,41,69,1995,253,253,253
4,49,42,69,1996,253,253,253
4,49,43,69,1997,253,253,253
4,49,44,69,1998,254,254,254
4,49,45,69,1999,255,255,255
4,49,46,69,2000,253,253,253
4,49,47,69,2001,254,254,254
4,49,48,69,2002,252,252,252
4,49,49,69,2003,253,253,253
4,49,50,69,2004,251,251,251
4,49,51,69,2005,250,250,250
4,49,52,69,2006,252,252,252
4,49,53,69,2007,252,252,252
4,49,54,69,2008,248,248,248
4,49,55,69,2009,243,243,243
4,49,56,69,2010,250,250,250
4,49,57,69,2011,248,248,248
4,49,58,69,2012,250,250,250
4,49,59,69,2013,249,249,249
4,49,60,69,2014,248,248,248
4,49,61,69,2015,250,250,250
4,49,62,69,2016,249,249,249
4,49,63,69,2017,250,250,250
4,49,64,69,2018,251,251,251
4,49,65,69,2019,251,251,251
4,49,66,69,2020,252,252,252
4,49,67,69,2021,252,252,252
4,49,68,69,2022,253,253,253
4,50,0,70,1954,221,221,221
4,50,1,70,1955,230,230,230
4,50,2,70,1956,223,223,223
4,50,3,70,1957,219,219,219
4,50,4,70,1958,233,233,233
4,50,5,70,1959,231,231,231
4,50,6,70,1960,230,230,230
4,50,7,70,1961,234,234,234
4,50,8,70,1962,231,231,231
4,50,9,70,1963,240,240,240
4,50,10,70,1964,241,241,241
4,50,11,70,1965,239,239,239
4,50,12,70,1966,236,236,236
4,50,13,70,1967,243,243,243
4,50,14,70,1968,242,242,242
4,50,15,70,1969,243,243,243
4,50,16,70,1970,240,240,240
4,50,17,70,1971,242,242,242
4,50,18,70,1972,242,242,242
4,50,19,70,1973,244,244,244
4,50,20,70,1974,239,239,239
4,50,21,70,1975,241,241,241
4,50,22,70,1976,243,243,243
4,50,23,70,1977,242,242,242
4,50,24,70,1978,237,237,237
4,50,25,70,1979,238,238,238
4,50,26,70,1980,247,247,247
4,50,27,70,1981,245,245,245
4,50,28,70,1982,245,245,245
4,50,29,70,1983,248,248,248
4,50,30,70,1984,248,248,248
4,50,31,70,1985,246,246,246
4,50,32,70,1986,247,247,247
4,50,33,70,1987,247,247,247
4,50,34,70,1988,249,249,249
4,50,35,70,1989,249,249,249
4,50,36,70,1990,251,251,251
4,50,37,70,1991,251,251,251
4,50,38,70,1992,253,253,253
4,50,39,70,1993,252,252,252
4,50,40,70,1994,249,249,249
4,50,41,70,1995,252,252,252
4,50,42,70,1996,253,253,253
4,50,43,70,1997,252,252,252
4,50,44,70,1998,254,254,254
4,50,45,70,1999,254,254,254
4,50,46,70,2000,254,254,254
4,50,47,70,2001,254,254,254
4,50,48,70,2002,252,252,252
4,50,49,70,2003,253,253,253
4,50,50,70,2004,251,251,251
4,50,51,70,2005,251,251,251
4,50,52,70,2006,251,251,251
4,50,53,70,2007,251,251,251
4,50,54,70,2008,250,250,250
4,50,55,70,2009,246,246,246
4,50,56,70,2010,249,249,249
4,50,57,70,2011,248,248,248
4,50,58,70,2012,249,249,249
4,50,59,70,2013,247,247,247
4,50,60,70,2014,249,249,249
4,50,61,70,2015,251,251,251
4,50,62,70,2016,249,249,249
4,50,63,70,2017,250,250,250
4,50,64,70,2018,251,251,251
4,50,65,70,2019,251,251,251
4,50,66,70,2020,253,253,253
4,50,67,70,2021,252,252,252
4,50,68,70,2022,254,254,254
4,51,0,71,1954,223,223,223
4,51,1,71,1955,228,228,228
4,51,2,71,1956,223,223,223
4,51,3,71,1957,227,227,227
4,51,4,71,1958,234,234,234
4,51,5,71,1959,234,234,234
4,51,6,71,1960,234,234,234
4,51,7,71,1961,239,239,239
4,51,8,71,1962,239,239,239
4,51,9,71,1963,238,238,238
4,51,10,71,1964,241,241,241
4,51,11,71,1965,243,243,243
4,51,12,71,1966,240,240,240
4,51,13,71,1967,243,243,243
4,51,14,71,1968,245,245,245
4,51,15,71,1969,239,239,239
4,51,16,71,1970,239,239,239
4,51,17,71,1971,239,239,239
4,51,18,71,1972,246,246,246
4,51,19,71,1973,240,240,240
4,51,20,71,1974,234,234,234
4,51,21,71,1975,241,241,241
4,51,22,71,1976,244,244,244
4,51,23,71,1977,238,238,238
4,51,24,71,1978,239,239,239
4,51,25,71,1979,239,239,239
4,51,26,71,1980,242,242,242
4,51,27,71,1981,244,244,244
4,51,28,71,1982,248,248,248
4,51,29,71,1983,248,248,248
4,51,30,71,1984,247,247,247
4,51,31,71,1985,248,248,248
4,51,32,71,1986,248,248,248
4,51,33,71,1987,248,248,248
4,51,34,71,1988,250,250,250
4,51,35,71,1989,250,250,250
4,51,36,71,1990,249,249,249
4,51,37,71,1991,252,252,252
4,51,38,71,1992,252,252,252
4,51,39,71,1993,252,252,252
4,51,40,71,1994,250,250,250
4,51,41,71,1995,253,253,253
4,51,42,71,1996,252,252,252
4,51,43,71,1997,252,252,252
4,51,44,71,1998,254,254,254
4,51,45,71,1999,255,255,255
4,51,46,71,2000,254,254,254
4,51,47,71,2001,253,253,253
4,51,48,71,2002,251,251,251
4,51,49,71,2003,251,251,251
4,51,50,71,2004,252,252,252
4,51,51,71,2005,252,252,252
4,51,52,71,2006,252,252,252
4,51,53,71,2007,250,250,250
4,51,54,71,2008,251,251,251
4,51,55,71,2009,247,247,247
4,51,56,71,2010,249,249,249
4,51,57,71,2011,248,248,248
4,51,58,71,2012,249,249,249
4,51,59,71,2013,246,246,246
4,51,60,71,2014,249,249,249
4,51,61,71,2015,250,250,250
4,51,62,71,2016,250,250,250
4,51,63,71,2017,249,249,249
4,51,64,71,2018,252,252,252
4,51,65,71,2019,251,251,251
4,51,66,71,2020,252,252,252
4,51,67,71,2021,252,252,252
4,51,68,71,2022,252,252,252
4,52,0,72,1954,222,222,222
4,52,1,72,1955,227,227,227
4,52,2,72,1956,223,223,223
4,52,3,72,1957,217,217,217
4,52,4,72,1958,233,233,233
4,52,5,72,1959,230,230,230
4,52,6,72,1960,228,228,228
4,52,7,72,1961,238,238,238
4,52,8,72,1962,238,238,238
4,52,9,72,1963,239,239,239
4,52,10,72,1964,241,241,241
4,52,11,72,1965,240,240,240
4,52,12,72,1966,236,236,236
4,52,13,72,1967,243,243,243
4,52,14,72,1968,245,245,245
4,52,15,72,1969,242,242,242
4,52,16,72,1970,243,243,243
4,52,17,72,1971,240,240,240
4,52,18,72,1972,246,246,246
4,52,19,72,1973,242,242,242
4,52,20,72,1974,234,234,234
4,52,21,72,1975,242,242,242
4,52,22,72,1976,243,243,243
4,52,23,72,1977,242,242,242
4,52,24,72,1978,242,242,242
4,52,25,72,1979,244,244,244
4,52,26,72,1980,243,243,243
4,52,27,72,1981,243,243,243
4,52,28,72,1982,247,247,247
4,52,29,72,1983,249,249,249
4,52,30,72,1984,248,248,248
4,52,31,72,1985,248,248,248
4,52,32,72,1986,248,248,248
4,52,33,72,1987,249,249,249
4,52,34,72,1988,250,250,250
4,52,35,72,1989,250,250,250
4,52,36,72,1990,251,251,251
4,52,37,72,1991,251,251,251
4,52,38,72,1992,251,251,251
4,52,39,72,1993,253,253,253
4,52,40,72,1994,253,253,253
4,52,41,72,1995,253,253,253
4,52,42,72,1996,252,252,252
4,52,43,72,1997,253,253,253
4,52,44,72,1998,254,254,254
4,52,45,72,1999,254,254,254
4,52,46,72,2000,254,254,254
4,52,47,72,2001,254,254,254
4,52,48,72,2002,252,252,252
4,52,49,72,2003,252,252,252
4,52,50,72,2004,254,254,254
4,52,51,72,2005,253,253,253
4,52,52,72,2006,254,254,254
4,52,53,72,2007,252,252,252
4,52,54,72,2008,251,251,251
4,52,55,72,2009,248,248,248
4,52,56,72,2010,251,251,251
4,52,57,72,2011,247,247,247
4,52,58,72,2012,248,248,248
4,52,59,72,2013,251,251,251
4,52,60,72,2014,249,249,249
4,52,61,72,2015,251,251,251
4,52,62,72,2016,250,250,250
4,52,63,72,2017,250,250,250
4,52,64,72,2018,251,251,251
4,52,65,72,2019,251,251,251
4,52,66,72,2020,252,252,252
4,52,67,72,2021,253,253,253
4,52,68,72,2022,253,253,253
4,53,0,73,1954,224,224,224
4,53,1,73,1955,228,228,228
4,53,2,73,1956,230,230,230
4,53,3,73,1957,224,224,224
4,53,4,73,1958,232,232,232
4,53,5,73,1959,231,231,231
4,53,6,73,1960,229,229,229
4,53,7,73,1961,240,240,240
4,53,8,73,1962,237,237,237
4,53,9,73,1963,239,239,239
4,53,10,73,1964,242,242,242
4,53,11,73,1965,244,244,244
4,53,12,73,1966,241,241,241
4,53,13,73,1967,242,242,242
4,53,14,73,1968,246,246,246
4,53,15,73,1969,243,243,243
4,53,16,73,1970,244,244,244
4,53,17,73,1971,242,242,242
4,53,18,73,1972,246,246,246
4,53,19,73,1973,242,242,242
4,53,20,73,1974,233,233,233
4,53,21,73,1975,244,244,244
4,53,22,73,1976,241,241,241
4,53,23,73,1977,242,242,242
4,53,24,73,1978,243,243,243
4,53,25,73,1979,245,245,245
4,53,26,73,1980,245,245,245
4,53,27,73,1981,244,244,244
4,53,28,73,1982,247,247,247
4,53,29,73,1983,247,247,247
4,53,30,73,1984,248,248,248
4,53,31,73,1985,250,250,250
4,53,32,73,1986,250,250,250
4,53,33,73,1987,250,250,250
4,53,34,73,1988,250,250,250
4,53,35,73,1989,250,250,250
4,53,36,73,1990,251,251,251
4,53,37,73,1991,250,250,250
4,53,38,73,1992,253,253,253
4,53,39,73,1993,253,253,253
4,53,40,73,1994,253,253,253
4,53,41,73,1995,254,254,254
4,53,42,73,1996,253,253,253
4,53,43,73,1997,253,253,253
4,53,44,73,1998,254,254,254
4,53,45,73,1999,254,254,254
4,53,46,73,2000,254,254,254
4,53,47,73,2001,254,254,254
4,53,48,73,2002,254,254,254
4,53,49,73,2003,254,254,254
4,53,50,73,2004,254,254,254
4,53,51,73,2005,253,253,253
4,53,52,73,2006,254,254,254
4,53,53,73,2007,253,253,253
4,53,54,73,2008,250,250,250
4,53,55,73,2009,248,248,248
4,53,56,73,2010,250,250,250
4,53,57,73,2011,250,250,250
4,53,58,73,2012,249,249,249
4,53,59,73,2013,251,251,251
4,53,60,73,2014,251,251,251
4,53,61,73,2015,250,250,250
4,53,62,73,2016,249,249,249
4,53,63,73,2017,251,251,251
4,53,64,73,2018,250,250,250
4,53,65,73,2019,253,253,253
4,53,66,73,2020,253,253,253
4,53,67,73,2021,252,252,252
4,53,68,73,2022,252,252,252
4,54,0,74,1954,223,223,223
4,54,1,74,1955,228,228,228
4,54,2,74,1956,224,224,224
4,54,3,74,1957,220,220,220
4,54,4,74,1958,234,234,234
4,54,5,74,1959,230,230,230
4,54,6,74,1960,230,230,230
4,54,7,74,1961,235,235,235
4,54,8,74,1962,231,231,231
4,54,9,74,1963,238,238,238
4,54,10,74,1964,241,241,241
4,54,11,74,1965,239,239,239
4,54,12,74,1966,235,235,235
4,54,13,74,1967,242,242,242
4,54,14,74,1968,245,245,245
4,54,15,74,1969,239,239,239
4,54,16,74,1970,239,239,239
4,54,17,74,1971,242,242,242
4,54,18,74,1972,245,245,245
4,54,19,74,1973,240,240,240
4,54,20,74,1974,239,239,239
4,54,21,74,1975,243,243,243
4,54,22,74,1976,240,240,240
4,54,23,74,1977,240,240,240
4,54,24,74,1978,238,238,238
4,54,25,74,1979,243,243,243
4,54,26,74,1980,245,245,245
4,54,27,74,1981,246,246,246
4,54,28,74,1982,247,247,247
4,54,29,74,1983,247,247,247
4,54,30,74,1984,247,247,247
4,54,31,74,1985,249,249,249
4,54,32,74,1986,251,251,251
4,54,33,74,1987,248,248,248
4,54,34,74,1988,248,248,248
4,54,35,74,1989,253,253,253
4,54,36,74,1990,251,251,251
4,54,37,74,1991,251,251,251
4,54,38,74,1992,252,252,252
4,54,39,74,1993,253,253,253
4,54,40,74,1994,252,252,252
4,54,41,74,1995,253,253,253
4,54,42,74,1996,254,254,254
4,54,43,74,1997,254,254,254
4,54,44,74,1998,253,253,253
4,54,45,74,1999,254,254,254
4,54,46,74,2000,254,254,254
4,54,47,74,2001,254,254,254
4,54,48,74,2002,251,251,251
4,54,49,74,2003,252,252,252
4,54,50,74,2004,253,253,253
4,54,51,74,2005,253,253,253
4,54,52,74,2006,253,253,253
4,54,53,74,2007,253,253,253
4,54,54,74,2008,251,251,251
4,54,55,74,2009,248,248,248
4,54,56,74,2010,250,250,250
4,54,57,74,2011,250,250,250
4,54,58,74,2012,250,250,250
4,54,59,74,2013,248,248,248
4,54,60,74,2014,251,251,251
4,54,61,74,2015,252,252,252
4,54,62,74,2016,251,251,251
4,54,63,74,2017,252,252,252
4,54,64,74,2018,252,252,252
4,54,65,74,2019,252,252,252
4,54,66,74,2020,252,252,252
4,54,67,74,2021,252,252,252
4,54,68,74,2022,253,253,253
4,55,0,75,1954,220,220,220
4,55,1,75,1955,228,228,228
4,55,2,75,1956,224,224,224
4,55,3,75,1957,218,218,218
4,55,4,75,1958,233,233,233
4,55,5,75,1959,230,230,230
4,55,6,75,1960,228,228,228
4,55,7,75,1961,239,239,239
4,55,8,75,1962,233,233,233
4,55,9,75,1963,237,237,237
4,55,10,75,1964,241,241,241
4,55,11,75,1965,242,242,242
4,55,12,75,1966,241,241,241
4,55,13,75,1967,242,242,242
4,55,14,75,1968,244,244,244
4,55,15,75,1969,239,239,239
4,55,16,75,1970,239,239,239
4,55,17,75,1971,241,241,241
4,55,18,75,1972,245,245,245
4,55,19,75,1973,241,241,241
4,55,20,75,1974,233,233,233
4,55,21,75,1975,238,238,238
4,55,22,75,1976,244,244,244
4,55,23,75,1977,241,241,241
4,55,24,75,1978,243,243,243
4,55,25,75,1979,244,244,244
4,55,26,75,1980,244,244,244
4,55,27,75,1981,240,240,240
4,55,28,75,1982,246,246,246
4,55,29,75,1983,248,248,248
4,55,30,75,1984,247,247,247
4,55,31,75,1985,249,249,249
4,55,32,75,1986,250,250,250
4,55,33,75,1987,251,251,251
4,55,34,75,1988,250,250,250
4,55,35,75,1989,251,251,251
4,55,36,75,1990,252,252,252
4,55,37,75,1991,251,251,251
4,55,38,75,1992,253,253,253
4,55,39,75,1993,252,252,252
4,55,40,75,1994,253,253,253
4,55,41,75,1995,254,254,254
4,55,42,75,1996,254,254,254
4,55,43,75,1997,254,254,254
4,55,44,75,1998,254,254,254
4,55,45,75,1999,254,254,254
4,55,46,75,2000,253,253,253
4,55,47,75,2001,253,253,253
4,55,48,75,2002,253,253,253
4,55,49,75,2003,253,253,253
4,55,50,75,2004,254,254,254
4,55,51,75,2005,253,253,253
4,55,52,75,2006,253,253,253
4,55,53,75,2007,252,252,252
4,55,54,75,2008,252,252,252
4,55,55,75,2009,252,252,252
4,55,56,75,2010,251,251,251
4,55,57,75,2011,250,250,250
4,55,58,75,2012,251,251,251
4,55,59,75,2013,252,252,252
4,55,60,75,2014,251,251,251
4,55,61,75,2015,252,252,252
4,55,62,75,2016,252,252,252
4,55,63,75,2017,251,251,251
4,55,64,75,2018,251,251,251
4,55,65,75,2019,251,251,251
4,55,66,75,2020,253,253,253
4,55,67,75,2021,253,253,253
4,55,68,75,2022,251,251,251
4,56,0,76,1954,223,223,223
4,56,1,76,1955,229,229,229
4,56,2,76,1956,231,231,231
4,56,3,76,1957,228,228,228
4,56,4,76,1958,234,234,234
4,56,5,76,1959,237,237,237
4,56,6,76,1960,237,237,237
4,56,7,76,1961,234,234,234
4,56,8,76,1962,232,232,232
4,56,9,76,1963,239,239,239
4,56,10,76,1964,241,241,241
4,56,11,76,1965,237,237,237
4,56,12,76,1966,235,235,235
4,56,13,76,1967,242,242,242
4,56,14,76,1968,244,244,244
4,56,15,76,1969,239,239,239
4,56,16,76,1970,239,239,239
4,56,17,76,1971,242,242,242
4,56,18,76,1972,246,246,246
4,56,19,76,1973,239,239,239
4,56,20,76,1974,235,235,235
4,56,21,76,1975,238,238,238
4,56,22,76,1976,242,242,242
4,56,23,76,1977,238,238,238
4,56,24,76,1978,244,244,244
4,56,25,76,1979,244,244,244
4,56,26,76,1980,247,247,247
4,56,27,76,1981,244,244,244
4,56,28,76,1982,247,247,247
4,56,29,76,1983,247,247,247
4,56,30,76,1984,248,248,248
4,56,31,76,1985,247,247,247
4,56,32,76,1986,252,252,252
4,56,33,76,1987,251,251,251
4,56,34,76,1988,253,253,253
4,56,35,76,1989,252,252,252
4,56,36,76,1990,252,252,252
4,56,37,76,1991,252,252,252
4,56,38,76,1992,252,252,252
4,56,39,76,1993,252,252,252
4,56,40,76,1994,252,252,252
4,56,41,76,1995,253,253,253
4,56,42,76,1996,255,255,255
4,56,43,76,1997,254,254,254
4,56,44,76,1998,255,255,255
4,56,45,76,1999,255,255,255
4,56,46,76,2000,254,254,254
4,56,47,76,2001,254,254,254
4,56,48,76,2002,253,253,253
4,56,49,76,2003,253,253,253
4,56,50,76,2004,254,254,254
4,56,51,76,2005,255,255,255
4,56,52,76,2006,253,253,253
4,56,53,76,2007,254,254,254
4,56,54,76,2008,253,253,253
4,56,55,76,2009,251,251,251
4,56,56,76,2010,252,252,252
4,56,57,76,2011,250,250,250
4,56,58,76,2012,251,251,251
4,56,59,76,2013,250,250,250
4,56,60,76,2014,252,252,252
4,56,61,76,2015,252,252,252
4,56,62,76,2016,251,251,251
4,56,63,76,2017,251,251,251
4,56,64,76,2018,250,250,250
4,56,65,76,2019,251,251,251
4,56,66,76,2020,252,252,252
4,56,67,76,2021,252,252,252
4,56,68,76,2022,252,252,252
4,57,0,77,1954,221,221,221
4,57,1,77,1955,229,229,229
4,57,2,77,1956,230,230,230
4,57,3,77,1957,227,227,227
4,57,4,77,1958,231,231,231
4,57,5,77,1959,237,237,237
4,57,6,77,1960,235,235,235
4,57,7,77,1961,237,237,237
4,57,8,77,1962,237,237,237
4,57,9,77,1963,238,238,238
4,57,10,77,1964,241,241,241
4,57,11,77,1965,243,243,243
4,57,12,77,1966,240,240,240
4,57,13,77,1967,242,242,242
4,57,14,77,1968,244,244,244
4,57,15,77,1969,240,240,240
4,57,16,77,1970,240,240,240
4,57,17,77,1971,241,241,241
4,57,18,77,1972,245,245,245
4,57,19,77,1973,243,243,243
4,57,20,77,1974,239,239,239
4,57,21,77,1975,242,242,242
4,57,22,77,1976,244,244,244
4,57,23,77,1977,242,242,242
4,57,24,77,1978,244,244,244
4,57,25,77,1979,245,245,245
4,57,26,77,1980,244,244,244
4,57,27,77,1981,244,244,244
4,57,28,77,1982,245,245,245
4,57,29,77,1983,244,244,244
4,57,30,77,1984,246,246,246
4,57,31,77,1985,248,248,248
4,57,32,77,1986,250,250,250
4,57,33,77,1987,251,251,251
4,57,34,77,1988,253,253,253
4,57,35,77,1989,253,253,253
4,57,36,77,1990,251,251,251
4,57,37,77,1991,252,252,252
4,57,38,77,1992,252,252,252
4,57,39,77,1993,253,253,253
4,57,40,77,1994,253,253,253
4,57,41,77,1995,254,254,254
4,57,42,77,1996,254,254,254
4,57,43,77,1997,254,254,254
4,57,44,77,1998,255,255,255
4,57,45,77,1999,255,255,255
4,57,46,77,2000,255,255,255
4,57,47,77,2001,254,254,254
4,57,48,77,2002,253,253,253
4,57,49,77,2003,253,253,253
4,57,50,77,2004,254,254,254
4,57,51,77,2005,254,254,254
4,57,52,77,2006,254,254,254
4,57,53,77,2007,255,255,255
4,57,54,77,2008,254,254,254
4,57,55,77,2009,251,251,251
4,57,56,77,2010,252,252,252
4,57,57,77,2011,252,252,252
4,57,58,77,2012,252,252,252
4,57,59,77,2013,250,250,250
4,57,60,77,2014,251,251,251
4,57,61,77,2015,252,252,252
4,57,62,77,2016,252,252,252
4,57,63,77,2017,251,251,251
4,57,64,77,2018,252,252,252
4,57,65,77,2019,251,251,251
4,57,66,77,2020,253,253,253
4,57,67,77,2021,252,252,252
4,57,68,77,2022,253,253,253
4,58,0,78,1954,223,223,223
4,58,1,78,1955,227,227,227
4,58,2,78,1956,221,221,221
4,58,3,78,1957,217,217,217
4,58,4,78,1958,235,235,235
4,58,5,78,1959,231,231,231
4,58,6,78,1960,231,231,231
4,58,7,78,1961,238,238,238
4,58,8,78,1962,238,238,238
4,58,9,78,1963,238,238,238
4,58,10,78,1964,242,242,242
4,58,11,78,1965,243,243,243
4,58,12,78,1966,242,242,242
4,58,13,78,1967,244,244,244
4,58,14,78,1968,245,245,245
4,58,15,78,1969,243,243,243
4,58,16,78,1970,244,244,244
4,58,17,78,1971,242,242,242
4,58,18,78,1972,245,245,245
4,58,19,78,1973,242,242,242
4,58,20,78,1974,235,235,235
4,58,21,78,1975,243,243,243
4,58,22,78,1976,242,242,242
4,58,23,78,1977,240,240,240
4,58,24,78,1978,241,241,241
4,58,25,78,1979,245,245,245
4,58,26,78,1980,245,245,245
4,58,27,78,1981,246,246,246
4,58,28,78,1982,248,248,248
4,58,29,78,1983,246,246,246
4,58,30,78,1984,247,247,247
4,58,31,78,1985,249,249,249
4,58,32,78,1986,250,250,250
4,58,33,78,1987,250,250,250
4,58,34,78,1988,250,250,250
4,58,35,78,1989,253,253,253
4,58,36,78,1990,253,253,253
4,58,37,78,1991,252,252,252
4,58,38,78,1992,254,254,254
4,58,39,78,1993,253,253,253
4,58,40,78,1994,253,253,253
4,58,41,78,1995,254,254,254
4,58,42,78,1996,254,254,254
4,58,43,78,1997,254,254,254
4,58,44,78,1998,255,255,255
4,58,45,78,1999,255,255,255
4,58,46,78,2000,255,255,255
4,58,47,78,2001,255,255,255
4,58,48,78,2002,254,254,254
4,58,49,78,2003,254,254,254
4,58,50,78,2004,255,255,255
4,58,51,78,2005,254,254,254
4,58,52,78,2006,254,254,254
4,58,53,78,2007,254,254,254
4,58,54,78,2008,252,252,252
4,58,55,78,2009,251,251,251
4,58,56,78,2010,252,252,252
4,58,57,78,2011,253,253,253
4,58,58,78,2012,252,252,252
4,58,59,78,2013,254,254,254
4,58,60,78,2014,253,253,253
4,58,61,78,2015,254,254,254
4,58,62,78,2016,253,253,253
4,58,63,78,2017,253,253,253
4,58,64,78,2018,252,252,252
4,58,65,78,2019,251,251,251
4,58,66,78,2020,252,252,252
4,58,67,78,2021,253,253,253
4,58,68,78,2022,251,251,251
4,59,0,79,1954,223,223,223
4,59,1,79,1955,229,229,229
4,59,2,79,1956,230,230,230
4,59,3,79,1957,227,227,227
4,59,4,79,1958,232,232,232
4,59,5,79,1959,237,237,237
4,59,6,79,1960,234,234,234
4,59,7,79,1961,238,238,238
4,59,8,79,1962,236,236,236
4,59,9,79,1963,239,239,239
4,59,10,79,1964,242,242,242
4,59,11,79,1965,240,240,240
4,59,12,79,1966,236,236,236
4,59,13,79,1967,243,243,243
4,59,14,79,1968,244,244,244
4,59,15,79,1969,242,242,242
4,59,16,79,1970,243,243,243
4,59,17,79,1971,243,243,243
4,59,18,79,1972,246,246,246
4,59,19,79,1973,241,241,241
4,59,20,79,1974,234,234,234
4,59,21,79,1975,243,243,243
4,59,22,79,1976,242,242,242
4,59,23,79,1977,239,239,239
4,59,24,79,1978,241,241,241
4,59,25,79,1979,243,243,243
4,59,26,79,1980,247,247,247
4,59,27,79,1981,247,247,247
4,59,28,79,1982,247,247,247
4,59,29,79,1983,248,248,248
4,59,30,79,1984,247,247,247
4,59,31,79,1985,248,248,248
4,59,32,79,1986,249,249,249
4,59,33,79,1987,249,249,249
4,59,34,79,1988,249,249,249
4,59,35,79,1989,250,250,250
4,59,36,79,1990,252,252,252
4,59,37,79,1991,252,252,252
4,59,38,79,1992,252,252,252
4,59,39,79,1993,252,252,252
4,59,40,79,1994,252,252,252
4,59,41,79,1995,254,254,254
4,59,42,79,1996,254,254,254
4,59,43,79,1997,254,254,254
4,59,44,79,1998,255,255,255
4,59,45,79,1999,255,255,255
4,59,46,79,2000,255,255,255
4,59,47,79,2001,255,255,255
4,59,48,79,2002,254,254,254
4,59,49,79,2003,254,254,254
4,59,50,79,2004,254,254,254
4,59,51,79,2005,254,254,254
4,59,52,79,2006,254,254,254
4,59,53,79,2007,254,254,254
4,59,54,79,2008,253,253,253
4,59,55,79,2009,253,253,253
4,59,56,79,2010,254,254,254
4,59,57,79,2011,253,253,253
4,59,58,79,2012,253,253,253
4,59,59,79,2013,253,253,253
4,59,60,79,2014,253,253,253
4,59,61,79,2015,254,254,254
4,59,62,79,2016,253,253,253
4,59,63,79,2017,254,254,254
4,59,64,79,2018,252,252,252
4,59,65,79,2019,251,251,251
4,59,66,79,2020,253,253,253
4,59,67,79,2021,252,252,252
4,59,68,79,2022,252,252,252
4,60,0,80,1954,223,223,223
4,60,1,80,1955,229,229,229
4,60,2,80,1956,231,231,231
4,60,3,80,1957,229,229,229
4,60,4,80,1958,236,236,236
4,60,5,80,1959,232,232,232
4,60,6,80,1960,230,230,230
4,60,7,80,1961,239,239,239
4,60,8,80,1962,240,240,240
4,60,9,80,1963,239,239,239
4,60,10,80,1964,241,241,241
4,60,11,80,1965,239,239,239
4,60,12,80,1966,240,240,240
4,60,13,80,1967,241,241,241
4,60,14,80,1968,245,245,245
4,60,15,80,1969,238,238,238
4,60,16,80,1970,239,239,239
4,60,17,80,1971,243,243,243
4,60,18,80,1972,246,246,246
4,60,19,80,1973,243,243,243
4,60,20,80,1974,236,236,236
4,60,21,80,1975,244,244,244
4,60,22,80,1976,242,242,242
4,60,23,80,1977,240,240,240
4,60,24,80,1978,242,242,242
4,60,25,80,1979,243,243,243
4,60,26,80,1980,247,247,247
4,60,27,80,1981,246,246,246
4,60,28,80,1982,248,248,248
4,60,29,80,1983,247,247,247
4,60,30,80,1984,247,247,247
4,60,31,80,1985,248,248,248
4,60,32,80,1986,251,251,251
4,60,33,80,1987,251,251,251
4,60,34,80,1988,249,249,249
4,60,35,80,1989,252,252,252
4,60,36,80,1990,252,252,252
4,60,37,80,1991,253,253,253
4,60,38,80,1992,252,252,252
4,60,39,80,1993,254,254,254
4,60,40,80,1994,252,252,252
4,60,41,80,1995,254,254,254
4,60,42,80,1996,254,254,254
4,60,43,80,1997,254,254,254
4,60,44,80,1998,255,255,255
4,60,45,80,1999,255,255,255
4,60,46,80,2000,255,255,255
4,60,47,80,2001,255,255,255
4,60,48,80,2002,255,255,255
4,60,49,80,2003,254,254,254
4,60,50,80,2004,254,254,254
4,60,51,80,2005,254,254,254
4,60,52,80,2006,254,254,254
4,60,53,80,2007,254,254,254
4,60,54,80,2008,254,254,254
4,60,55,80,2009,253,253,253
4,60,56,80,2010,254,254,254
4,60,57,80,2011,252,252,252
4,60,58,80,2012,253,253,253
4,60,59,80,2013,253,253,253
4,60,60,80,2014,254,254,254
4,60,61,80,2015,254,254,254
4,60,62,80,2016,253,253,253
4,60,63,80,2017,253,253,253
4,60,64,80,2018,254,254,254
4,60,65,80,2019,251,251,251
4,60,66,80,2020,253,253,253
4,60,67,80,2021,253,253,253
4,60,68,80,2022,253,253,253
4,61,0,81,1954,221,221,221
4,61,1,81,1955,229,229,229
4,61,2,81,1956,229,229,229
4,61,3,81,1957,229,229,229
4,61,4,81,1958,234,234,234
4,61,5,81,1959,237,237,237
4,61,6,81,1960,233,233,233
4,61,7,81,1961,238,238,238
4,61,8,81,1962,239,239,239
4,61,9,81,1963,238,238,238
4,61,10,81,1964,241,241,241
4,61,11,81,1965,238,238,238
4,61,12,81,1966,235,235,235
4,61,13,81,1967,238,238,238
4,61,14,81,1968,244,244,244
4,61,15,81,1969,243,243,243
4,61,16,81,1970,244,244,244
4,61,17,81,1971,242,242,242
4,61,18,81,1972,245,245,245
4,61,19,81,1973,243,243,243
4,61,20,81,1974,236,236,236
4,61,21,81,1975,243,243,243
4,61,22,81,1976,245,245,245
4,61,23,81,1977,243,243,243
4,61,24,81,1978,242,242,242
4,61,25,81,1979,244,244,244
4,61,26,81,1980,244,244,244
4,61,27,81,1981,243,243,243
4,61,28,81,1982,247,247,247
4,61,29,81,1983,247,247,247
4,61,30,81,1984,248,248,248
4,61,31,81,1985,248,248,248
4,61,32,81,1986,249,249,249
4,61,33,81,1987,249,249,249
4,61,34,81,1988,250,250,250
4,61,35,81,1989,250,250,250
4,61,36,81,1990,252,252,252
4,61,37,81,1991,253,253,253
4,61,38,81,1992,253,253,253
4,61,39,81,1993,254,254,254
4,61,40,81,1994,254,254,254
4,61,41,81,1995,254,254,254
4,61,42,81,1996,255,255,255
4,61,43,81,1997,254,254,254
4,61,44,81,1998,255,255,255
4,61,45,81,1999,255,255,255
4,61,46,81,2000,255,255,255
4,61,47,81,2001,255,255,255
4,61,48,81,2002,254,254,254
4,61,49,81,2003,254,254,254
4,61,50,81,2004,254,254,254
4,61,51,81,2005,254,254,254
4,61,52,81,2006,255,255,255
4,61,53,81,2007,253,253,253
4,61,54,81,2008,253,253,253
4,61,55,81,2009,254,254,254
4,61,56,81,2010,254,254,254
4,61,57,81,2011,254,254,254
4,61,58,81,2012,252,252,252
4,61,59,81,2013,253,253,253
4,61,60,81,2014,254,254,254
4,61,61,81,2015,254,254,254
4,61,62,81,2016,251,251,251
4,61,63,81,2017,253,253,253
4,61,64,81,2018,254,254,254
4,61,65,81,2019,253,253,253
4,61,66,81,2020,253,253,253
4,61,67,81,2021,253,253,253
4,61,68,81,2022,253,253,253
4,62,0,82,1954,222,222,222
4,62,1,82,1955,230,230,230
4,62,2,82,1956,225,225,225
4,62,3,82,1957,221,221,221
4,62,4,82,1958,235,235,235
4,62,5,82,1959,229,229,229
4,62,6,82,1960,230,230,230
4,62,7,82,1961,236,236,236
4,62,8,82,1962,232,232,232
4,62,9,82,1963,239,239,239
4,62,10,82,1964,243,243,243
4,62,11,82,1965,245,245,245
4,62,12,82,1966,242,242,242
4,62,13,82,1967,243,243,243
4,62,14,82,1968,241,241,241
4,62,15,82,1969,244,244,244
4,62,16,82,1970,242,242,242
4,62,17,82,1971,243,243,243
4,62,18,82,1972,246,246,246
4,62,19,82,1973,240,240,240
4,62,20,82,1974,234,234,234
4,62,21,82,1975,242,242,242
4,62,22,82,1976,243,243,243
4,62,23,82,1977,239,239,239
4,62,24,82,1978,243,243,243
4,62,25,82,1979,245,245,245
4,62,26,82,1980,247,247,247
4,62,27,82,1981,247,247,247
4,62,28,82,1982,247,247,247
4,62,29,82,1983,248,248,248
4,62,30,82,1984,248,248,248
4,62,31,82,1985,250,250,250
4,62,32,82,1986,250,250,250
4,62,33,82,1987,249,249,249
4,62,34,82,1988,251,251,251
4,62,35,82,1989,253,253,253
4,62,36,82,1990,254,254,254
4,62,37,82,1991,253,253,253
4,62,38,82,1992,253,253,253
4,62,39,82,1993,254,254,254
4,62,40,82,1994,253,253,253
4,62,41,82,1995,254,254,254
4,62,42,82,1996,254,254,254
4,62,43,82,1997,253,253,253
4,62,44,82,1998,255,255,255
4,62,45,82,1999,255,255,255
4,62,46,82,2000,255,255,255
4,62,47,82,2001,255,255,255
4,62,48,82,2002,255,255,255
4,62,49,82,2003,254,254,254
4,62,50,82,2004,254,254,254
4,62,51,82,2005,255,255,255
4,62,52,82,2006,255,255,255
4,62,53,82,2007,255,255,255
4,62,54,82,2008,254,254,254
4,62,55,82,2009,253,253,253
4,62,56,82,2010,254,254,254
4,62,57,82,2011,255,255,255
4,62,58,82,2012,253,253,253
4,62,59,82,2013,255,255,255
4,62,60,82,2014,255,255,255
4,62,61,82,2015,254,254,254
4,62,62,82,2016,254,254,254
4,62,63,82,2017,254,254,254
4,62,64,82,2018,254,254,254
4,62,65,82,2019,253,253,253
4,62,66,82,2020,254,254,254
4,62,67,82,2021,254,254,254
4,62,68,82,2022,253,253,253
4,63,0,83,1954,224,224,224
4,63,1,83,1955,231,231,231
4,63,2,83,1956,226,226,226
4,63,3,83,1957,222,222,222
4,63,4,83,1958,236,236,236
4,63,5,83,1959,239,239,239
4,63,6,83,1960,239,239,239
4,63,7,83,1961,239,239,239
4,63,8,83,1962,234,234,234
4,63,9,83,1963,241,241,241
4,63,10,83,1964,244,244,244
4,63,11,83,1965,245,245,245
4,63,12,83,1966,244,244,244
4,63,13,83,1967,244,244,244
4,63,14,83,1968,243,243,243
4,63,15,83,1969,242,242,242
4,63,16,83,1970,240,240,240
4,63,17,83,1971,245,245,245
4,63,18,83,1972,248,248,248
4,63,19,83,1973,242,242,242
4,63,20,83,1974,237,237,237
4,63,21,83,1975,244,244,244
4,63,22,83,1976,248,248,248
4,63,23,83,1977,244,244,244
4,63,24,83,1978,245,245,245
4,63,25,83,1979,247,247,247
4,63,26,83,1980,246,246,246
4,63,27,83,1981,246,246,246
4,63,28,83,1982,248,248,248
4,63,29,83,1983,248,248,248
4,63,30,83,1984,249,249,249
4,63,31,83,1985,250,250,250
4,63,32,83,1986,251,251,251
4,63,33,83,1987,250,250,250
4,63,34,83,1988,251,251,251
4,63,35,83,1989,252,252,252
4,63,36,83,1990,252,252,252
4,63,37,83,1991,253,253,253
4,63,38,83,1992,254,254,254
4,63,39,83,1993,254,254,254
4,63,40,83,1994,254,254,254
4,63,41,83,1995,254,254,254
4,63,42,83,1996,255,255,255
4,63,43,83,1997,254,254,254
4,63,44,83,1998,255,255,255
4,63,45,83,1999,255,255,255
4,63,46,83,2000,255,255,255
4,63,47,83,2001,255,255,255
4,63,48,83,2002,254,254,254
4,63,49,83,2003,254,254,254
4,63,50,83,2004,255,255,255
4,63,51,83,2005,255,255,255
4,63,52,83,2006,254,254,254
4,63,53,83,2007,255,255,255
4,63,54,83,2008,254,254,254
4,63,55,83,2009,253,253,253
4,63,56,83,2010,254,254,254
4,63,57,83,2011,254,254,254
4,63,58,83,2012,254,254,254
4,63,59,83,2013,254,254,254
4,63,60,83,2014,254,254,254
4,63,61,83,2015,254,254,254
4,63,62,83,2016,254,254,254
4,63,63,83,2017,254,254,254
4,63,64,83,2018,254,254,254
4,63,65,83,2019,254,254,254
4,63,66,83,2020,254,254,254
4,63,67,83,2021,254,254,254
4,63,68,83,2022,252,252,252
4,64,0,84,1954,225,225,225
4,64,1,84,1955,231,231,231
4,64,2,84,1956,232,232,232
4,64,3,84,1957,230,230,230
4,64,4,84,1958,235,235,235
4,64,5,84,1959,233,233,233
4,64,6,84,1960,231,231,231
4,64,7,84,1961,234,234,234
4,64,8,84,1962,232,232,232
4,64,9,84,1963,239,239,239
4,64,10,84,1964,241,241,241
4,64,11,84,1965,243,243,243
4,64,12,84,1966,240,240,240
4,64,13,84,1967,241,241,241
4,64,14,84,1968,245,245,245
4,64,15,84,1969,238,238,238
4,64,16,84,1970,239,239,239
4,64,17,84,1971,243,243,243
4,64,18,84,1972,246,246,246
4,64,19,84,1973,239,239,239
4,64,20,84,1974,233,233,233
4,64,21,84,1975,243,243,243
4,64,22,84,1976,242,242,242
4,64,23,84,1977,238,238,238
4,64,24,84,1978,242,242,242
4,64,25,84,1979,245,245,245
4,64,26,84,1980,248,248,248
4,64,27,84,1981,247,247,247
4,64,28,84,1982,248,248,248
4,64,29,84,1983,249,249,249
4,64,30,84,1984,248,248,248
4,64,31,84,1985,250,250,250
4,64,32,84,1986,251,251,251
4,64,33,84,1987,249,249,249
4,64,34,84,1988,251,251,251
4,64,35,84,1989,251,251,251
4,64,36,84,1990,251,251,251
4,64,37,84,1991,252,252,252
4,64,38,84,1992,253,253,253
4,64,39,84,1993,252,252,252
4,64,40,84,1994,252,252,252
4,64,41,84,1995,253,253,253
4,64,42,84,1996,253,253,253
4,64,43,84,1997,253,253,253
4,64,44,84,1998,255,255,255
4,64,45,84,1999,255,255,255
4,64,46,84,2000,255,255,255
4,64,47,84,2001,255,255,255
4,64,48,84,2002,254,254,254
4,64,49,84,2003,254,254,254
4,64,50,84,2004,255,255,255
4,64,51,84,2005,255,255,255
4,64,52,84,2006,255,255,255
4,64,53,84,2007,255,255,255
4,64,54,84,2008,254,254,254
4,64,55,84,2009,253,253,253
4,64,56,84,2010,254,254,254
4,64,57,84,2011,254,254,254
4,64,58,84,2012,253,253,253
4,64,59,84,2013,254,254,254
4,64,60,84,2014,255,255,255
4,64,61,84,2015,254,254,254
4,64,62,84,2016,254,254,254
4,64,63,84,2017,254,254,254
4,64,64,84,2018,253,253,253
4,64,65,84,2019,253,253,253
4,64,66,84,2020,253,253,253
4,64,67,84,2021,254,254,254
4,64,68,84,2022,251,251,251
4,65,0,85,1954,222,222,222
4,65,1,85,1955,230,230,230
4,65,2,85,1956,229,229,229
4,65,3,85,1957,227,227,227
4,65,4,85,1958,233,233,233
4,65,5,85,1959,236,236,236
4,65,6,85,1960,232,232,232
4,65,7,85,1961,235,235,235
4,65,8,85,1962,233,233,233
4,65,9,85,1963,239,239,239
4,65,10,85,1964,242,242,242
4,65,11,85,1965,237,237,237
4,65,12,85,1966,234,234,234
4,65,13,85,1967,244,244,244
4,65,14,85,1968,242,242,242
4,65,15,85,1969,242,242,242
4,65,16,85,1970,245,245,245
4,65,17,85,1971,242,242,242
4,65,18,85,1972,246,246,246
4,65,19,85,1973,241,241,241
4,65,20,85,1974,234,234,234
4,65,21,85,1975,243,243,243
4,65,22,85,1976,240,240,240
4,65,23,85,1977,239,239,239
4,65,24,85,1978,242,242,242
4,65,25,85,1979,244,244,244
4,65,26,85,1980,245,245,245
4,65,27,85,1981,243,243,243
4,65,28,85,1982,248,248,248
4,65,29,85,1983,248,248,248
4,65,30,85,1984,248,248,248
4,65,31,85,1985,250,250,250
4,65,32,85,1986,250,250,250
4,65,33,85,1987,250,250,250
4,65,34,85,1988,251,251,251
4,65,35,85,1989,252,252,252
4,65,36,85,1990,251,251,251
4,65,37,85,1991,253,253,253
4,65,38,85,1992,252,252,252
4,65,39,85,1993,254,254,254
4,65,40,85,1994,253,253,253
4,65,41,85,1995,255,255,255
4,65,42,85,1996,254,254,254
4,65,43,85,1997,255,255,255
4,65,44,85,1998,255,255,255
4,65,45,85,1999,255,255,255
4,65,46,85,2000,255,255,255
4,65,47,85,2001,255,255,255
4,65,48,85,2002,254,254,254
4,65,49,85,2003,254,254,254
4,65,50,85,2004,255,255,255
4,65,51,85,2005,255,255,255
4,65,52,85,2006,255,255,255
4,65,53,85,2007,255,255,255
4,65,54,85,2008,255,255,255
4,65,55,85,2009,254,254,254
4,65,56,85,2010,255,255,255
4,65,57,85,2011,254,254,254
4,65,58,85,2012,254,254,254
4,65,59,85,2013,254,254,254
4,65,60,85,2014,255,255,255
4,65,61,85,2015,255,255,255
4,65,62,85,2016,254,254,254
4,65,63,85,2017,255,255,255
4,65,64,85,2018,254,254,254
4,65,65,85,2019,255,255,255
4,65,66,85,2020,254,254,254
4,65,67,85,2021,254,254,254
4,65,68,85,2022,251,251,251
4,66,0,86,1954,225,225,225
4,66,1,86,1955,231,231,231
4,66,2,86,1956,231,231,231
4,66,3,86,1957,230,230,230
4,66,4,86,1958,233,233,233
4,66,5,86,1959,237,237,237
4,66,6,86,1960,234,234,234
4,66,7,86,1961,235,235,235
4,66,8,86,1962,232,232,232
4,66,9,86,1963,240,240,240
4,66,10,86,1964,243,243,243
4,66,11,86,1965,244,244,244
4,66,12,86,1966,241,241,241
4,66,13,86,1967,244,244,244
4,66,14,86,1968,246,246,246
4,66,15,86,1969,244,244,244
4,66,16,86,1970,245,245,245
4,66,17,86,1971,243,243,243
4,66,18,86,1972,246,246,246
4,66,19,86,1973,242,242,242
4,66,20,86,1974,235,235,235
4,66,21,86,1975,243,243,243
4,66,22,86,1976,243,243,243
4,66,23,86,1977,239,239,239
4,66,24,86,1978,244,244,244
4,66,25,86,1979,246,246,246
4,66,26,86,1980,246,246,246
4,66,27,86,1981,245,245,245
4,66,28,86,1982,250,250,250
4,66,29,86,1983,248,248,248
4,66,30,86,1984,249,249,249
4,66,31,86,1985,250,250,250
4,66,32,86,1986,252,252,252
4,66,33,86,1987,252,252,252
4,66,34,86,1988,252,252,252
4,66,35,86,1989,253,253,253
4,66,36,86,1990,251,251,251
4,66,37,86,1991,253,253,253
4,66,38,86,1992,252,252,252
4,66,39,86,1993,253,253,253
4,66,40,86,1994,252,252,252
4,66,41,86,1995,253,253,253
4,66,42,86,1996,254,254,254
4,66,43,86,1997,255,255,255
4,66,44,86,1998,255,255,255
4,66,45,86,1999,255,255,255
4,66,46,86,2000,255,255,255
4,66,47,86,2001,255,255,255
4,66,48,86,2002,255,255,255
4,66,49,86,2003,255,255,255
4,66,50,86,2004,255,255,255
4,66,51,86,2005,255,255,255
4,66,52,86,2006,255,255,255
4,66,53,86,2007,255,255,255
4,66,54,86,2008,255,255,255
4,66,55,86,2009,254,254,254
4,66,56,86,2010,254,254,254
4,66,57,86,2011,254,254,254
4,66,58,86,2012,254,254,254
4,66,59,86,2013,255,255,255
4,66,60,86,2014,255,255,255
4,66,61,86,2015,255,255,255
4,66,62,86,2016,255,255,255
4,66,63,86,2017,254,254,254
4,66,64,86,2018,254,254,254
4,66,65,86,2019,255,255,255
4,66,66,86,2020,255,255,255
4,66,67,86,2021,255,255,255
4,66,68,86,2022,251,251,251
4,67,0,87,1954,224,224,224
4,67,1,87,1955,233,233,233
4,67,2,87,1956,228,228,228
4,67,3,87,1957,223,223,223
4,67,4,87,1958,237,237,237
4,67,5,87,1959,234,234,234
4,67,6,87,1960,232,232,232
4,67,7,87,1961,236,236,236
4,67,8,87,1962,234,234,234
4,67,9,87,1963,243,243,243
4,67,10,87,1964,243,243,243
4,67,11,87,1965,241,241,241
4,67,12,87,1966,239,239,239
4,67,13,87,1967,244,244,244
4,67,14,87,1968,245,245,245
4,67,15,87,1969,244,244,244
4,67,16,87,1970,245,245,245
4,67,17,87,1971,243,243,243
4,67,18,87,1972,246,246,246
4,67,19,87,1973,244,244,244
4,67,20,87,1974,239,239,239
4,67,21,87,1975,247,247,247
4,67,22,87,1976,247,247,247
4,67,23,87,1977,245,245,245
4,67,24,87,1978,245,245,245
4,67,25,87,1979,247,247,247
4,67,26,87,1980,247,247,247
4,67,27,87,1981,247,247,247
4,67,28,87,1982,249,249,249
4,67,29,87,1983,247,247,247
4,67,30,87,1984,249,249,249
4,67,31,87,1985,251,251,251
4,67,32,87,1986,251,251,251
4,67,33,87,1987,252,252,252
4,67,34,87,1988,252,252,252
4,67,35,87,1989,253,253,253
4,67,36,87,1990,252,252,252
4,67,37,87,1991,253,253,253
4,67,38,87,1992,252,252,252
4,67,39,87,1993,254,254,254
4,67,40,87,1994,254,254,254
4,67,41,87,1995,255,255,255
4,67,42,87,1996,254,254,254
4,67,43,87,1997,254,254,254
4,67,44,87,1998,255,255,255
4,67,45,87,1999,255,255,255
4,67,46,87,2000,255,255,255
4,67,47,87,2001,255,255,255
4,67,48,87,2002,255,255,255
4,67,49,87,2003,255,255,255
4,67,50,87,2004,255,255,255
4,67,51,87,2005,255,255,255
4,67,52,87,2006,255,255,255
4,67,53,87,2007,255,255,255
4,67,54,87,2008,255,255,255
4,67,55,87,2009,255,255,255
4,67,56,87,2010,255,255,255
4,67,57,87,2011,254,254,254
4,67,58,87,2012,254,254,254
4,67,59,87,2013,254,254,254
4,67,60,87,2014,255,255,255
4,67,61,87,2015,255,255,255
4,67,62,87,2016,255,255,255
4,67,63,87,2017,255,255,255
4,67,64,87,2018,255,255,255
4,67,65,87,2019,254,254,254
4,67,66,87,2020,255,255,255
4,67,67,87,2021,255,255,255
4,67,68,87,2022,253,253,253
4,68,0,88,1954,224,224,224
4,68,1,88,1955,229,229,229
4,68,2,88,1956,225,225,225
4,68,3,88,1957,222,222,222
4,68,4,88,1958,236,236,236
4,68,5,88,1959,232,232,232
4,68,6,88,1960,228,228,228
4,68,7,88,1961,235,235,235
4,68,8,88,1962,233,233,233
4,68,9,88,1963,240,240,240
4,68,10,88,1964,242,242,242
4,68,11,88,1965,243,243,243
4,68,12,88,1966,241,241,241
4,68,13,88,1967,245,245,245
4,68,14,88,1968,245,245,245
4,68,15,88,1969,240,240,240
4,68,16,88,1970,239,239,239
4,68,17,88,1971,243,243,243
4,68,18,88,1972,246,246,246
4,68,19,88,1973,239,239,239
4,68,20,88,1974,233,233,233
4,68,21,88,1975,242,242,242
4,68,22,88,1976,244,244,244
4,68,23,88,1977,243,243,243
4,68,24,88,1978,241,241,241
4,68,25,88,1979,244,244,244
4,68,26,88,1980,248,248,248
4,68,27,88,1981,246,246,246
4,68,28,88,1982,248,248,248
4,68,29,88,1983,248,248,248
4,68,30,88,1984,248,248,248
4,68,31,88,1985,251,251,251
4,68,32,88,1986,250,250,250
4,68,33,88,1987,250,250,250
4,68,34,88,1988,253,253,253
4,68,35,88,1989,253,253,253
4,68,36,88,1990,252,252,252
4,68,37,88,1991,252,252,252
4,68,38,88,1992,252,252,252
4,68,39,88,1993,252,252,252
4,68,40,88,1994,252,252,252
4,68,41,88,1995,253,253,253
4,68,42,88,1996,254,254,254
4,68,43,88,1997,254,254,254
4,68,44,88,1998,255,255,255
4,68,45,88,1999,255,255,255
4,68,46,88,2000,255,255,255
4,68,47,88,2001,255,255,255
4,68,48,88,2002,254,254,254
4,68,49,88,2003,254,254,254
4,68,50,88,2004,255,255,255
4,68,51,88,2005,255,255,255
4,68,52,88,2006,255,255,255
4,68,53,88,2007,255,255,255
4,68,54,88,2008,255,255,255
4,68,55,88,2009,254,254,254
4,68,56,88,2010,255,255,255
4,68,57,88,2011,255,255,255
4,68,58,88,2012,255,255,255
4,68,59,88,2013,254,254,254
4,68,60,88,2014,255,255,255
4,68,61,88,2015,255,255,255
4,68,62,88,2016,255,255,255
4,68,63,88,2017,255,255,255
4,68,64,88,2018,255,255,255
4,68,65,88,2019,254,254,254
4,68,66,88,2020,255,255,255
4,68,67,88,2021,255,255,255
4,68,68,88,2022,253,253,253
4,69,0,89,1954,225,225,225
4,69,1,89,1955,231,231,231
4,69,2,89,1956,233,233,233
4,69,3,89,1957,228,228,228
4,69,4,89,1958,235,235,235
4,69,5,89,1959,237,237,237
4,69,6,89,1960,236,236,236
4,69,7,89,1961,241,241,241
4,69,8,89,1962,238,238,238
4,69,9,89,1963,241,241,241
4,69,10,89,1964,242,242,242
4,69,11,89,1965,245,245,245
4,69,12,89,1966,242,242,242
4,69,13,89,1967,245,245,245
4,69,14,89,1968,245,245,245
4,69,15,89,1969,244,244,244
4,69,16,89,1970,246,246,246
4,69,17,89,1971,244,244,244
4,69,18,89,1972,247,247,247
4,69,19,89,1973,241,241,241
4,69,20,89,1974,233,233,233
4,69,21,89,1975,243,243,243
4,69,22,89,1976,244,244,244
4,69,23,89,1977,239,239,239
4,69,24,89,1978,243,243,243
4,69,25,89,1979,245,245,245
4,69,26,89,1980,248,248,248
4,69,27,89,1981,247,247,247
4,69,28,89,1982,248,248,248
4,69,29,89,1983,248,248,248
4,69,30,89,1984,249,249,249
4,69,31,89,1985,251,251,251
4,69,32,89,1986,253,253,253
4,69,33,89,1987,252,252,252
4,69,34,89,1988,253,253,253
4,69,35,89,1989,253,253,253
4,69,36,89,1990,253,253,253
4,69,37,89,1991,253,253,253
4,69,38,89,1992,253,253,253
4,69,39,89,1993,252,252,252
4,69,40,89,1994,254,254,254
4,69,41,89,1995,255,255,255
4,69,42,89,1996,254,254,254
4,69,43,89,1997,254,254,254
4,69,44,89,1998,255,255,255
4,69,45,89,1999,255,255,255
4,69,46,89,2000,255,255,255
4,69,47,89,2001,255,255,255
4,69,48,89,2002,254,254,254
4,69,49,89,2003,254,254,254
4,69,50,89,2004,255,255,255
4,69,51,89,2005,255,255,255
4,69,52,89,2006,255,255,255
4,69,53,89,2007,255,255,255
4,69,54,89,2008,255,255,255
4,69,55,89,2009,254,254,254
4,69,56,89,2010,255,255,255
4,69,57,89,2011,255,255,255
4,69,58,89,2012,255,255,255
4,69,59,89,2013,255,255,255
4,69,60,89,2014,255,255,255
4,69,61,89,2015,255,255,255
4,69,62,89,2016,255,255,255
4,69,63,89,2017,255,255,255
4,69,64,89,2018,255,255,255
4,69,65,89,2019,255,255,255
4,69,66,89,2020,255,255,255
4,69,67,89,2021,255,255,255
4,69,68,89,2022,253,253,253
4,70,0,90,1954,224,224,224
4,70,1,90,1955,229,229,229
4,70,2,90,1956,223,223,223
4,70,3,90,1957,218,218,218
4,70,4,90,1958,235,235,235
4,70,5,90,1959,231,231,231
4,70,6,90,1960,229,229,229
4,70,7,90,1961,236,236,236
4,70,8,90,1962,231,231,231
4,70,9,90,1963,242,242,242
4,70,10,90,1964,242,242,242
4,70,11,90,1965,239,239,239
4,70,12,90,1966,237,237,237
4,70,13,90,1967,243,243,243
4,70,14,90,1968,245,245,245
4,70,15,90,1969,243,243,243
4,70,16,90,1970,244,244,244
4,70,17,90,1971,243,243,243
4,70,18,90,1972,245,245,245
4,70,19,90,1973,242,242,242
4,70,20,90,1974,234,234,234
4,70,21,90,1975,243,243,243
4,70,22,90,1976,244,244,244
4,70,23,90,1977,243,243,243
4,70,24,90,1978,242,242,242
4,70,25,90,1979,244,244,244
4,70,26,90,1980,247,247,247
4,70,27,90,1981,245,245,245
4,70,28,90,1982,247,247,247
4,70,29,90,1983,247,247,247
4,70,30,90,1984,247,247,247
4,70,31,90,1985,250,250,250
4,70,32,90,1986,254,254,254
4,70,33,90,1987,252,252,252
4,70,34,90,1988,251,251,251
4,70,35,90,1989,252,252,252
4,70,36,90,1990,252,252,252
4,70,37,90,1991,253,253,253
4,70,38,90,1992,253,253,253
4,70,39,90,1993,252,252,252
4,70,40,90,1994,253,253,253
4,70,41,90,1995,253,253,253
4,70,42,90,1996,255,255,255
4,70,43,90,1997,254,254,254
4,70,44,90,1998,255,255,255
4,70,45,90,1999,255,255,255
4,70,46,90,2000,255,255,255
4,70,47,90,2001,255,255,255
4,70,48,90,2002,255,255,255
4,70,49,90,2003,255,255,255
4,70,50,90,2004,255,255,255
4,70,51,90,2005,255,255,255
4,70,52,90,2006,255,255,255
4,70,53,90,2007,255,255,255
4,70,54,90,2008,255,255,255
4,70,55,90,2009,254,254,254
4,70,56,90,2010,255,255,255
4,70,57,90,2011,255,255,255
4,70,58,90,2012,255,255,255
4,70,59,90,2013,255,255,255
4,70,60,90,2014,255,255,255
4,70,61,90,2015,255,255,255
4,70,62,90,2016,255,255,255
4,70,63,90,2017,255,255,255
4,70,64,90,2018,255,255,255
4,70,65,90,2019,255,255,255
4,70,66,90,2020,255,255,255
4,70,67,90,2021,255,255,255
4,70,68,90,2022,253,253,253
4,71,0,91,1954,227,227,227
4,71,1,91,1955,233,233,233
4,71,2,91,1956,229,229,229
4,71,3,91,1957,223,223,223
4,71,4,91,1958,238,238,238
4,71,5,91,1959,238,238,238
4,71,6,91,1960,238,238,238
4,71,7,91,1961,241,241,241
4,71,8,91,1962,240,240,240
4,71,9,91,1963,242,242,242
4,71,10,91,1964,243,243,243
4,71,11,91,1965,239,239,239
4,71,12,91,1966,241,241,241
4,71,13,91,1967,244,244,244
4,71,14,91,1968,246,246,246
4,71,15,91,1969,240,240,240
4,71,16,91,1970,242,242,242
4,71,17,91,1971,245,245,245
4,71,18,91,1972,247,247,247
4,71,19,91,1973,245,245,245
4,71,20,91,1974,241,241,241
4,71,21,91,1975,245,245,245
4,71,22,91,1976,243,243,243
4,71,23,91,1977,240,240,240
4,71,24,91,1978,244,244,244
4,71,25,91,1979,245,245,245
4,71,26,91,1980,247,247,247
4,71,27,91,1981,246,246,246
4,71,28,91,1982,250,250,250
4,71,29,91,1983,250,250,250
4,71,30,91,1984,250,250,250
4,71,31,91,1985,251,251,251
4,71,32,91,1986,253,253,253
4,71,33,91,1987,252,252,252
4,71,34,91,1988,251,251,251
4,71,35,91,1989,253,253,253
4,71,36,91,1990,252,252,252
4,71,37,91,1991,252,252,252
4,71,38,91,1992,252,252,252
4,71,39,91,1993,252,252,252
4,71,40,91,1994,253,253,253
4,71,41,91,1995,254,254,254
4,71,42,91,1996,254,254,254
4,71,43,91,1997,254,254,254
4,71,44,91,1998,255,255,255
4,71,45,91,1999,255,255,255
4,71,46,91,2000,255,255,255
4,71,47,91,2001,255,255,255
4,71,48,91,2002,255,255,255
4,71,49,91,2003,255,255,255
4,71,50,91,2004,255,255,255
4,71,51,91,2005,255,255,255
4,71,52,91,2006,255,255,255
4,71,53,91,2007,255,255,255
4,71,54,91,2008,255,255,255
4,71,55,91,2009,254,254,254
4,71,56,91,2010,255,255,255
4,71,57,91,2011,255,255,255
4,71,58,91,2012,255,255,255
4,71,59,91,2013,255,255,255
4,71,60,91,2014,255,255,255
4,71,61,91,2015,255,255,255
4,71,62,91,2016,255,255,255
4,71,63,91,2017,255,255,255
4,71,64,91,2018,255,255,255
4,71,65,91,2019,255,255,255
4,71,66,91,2020,255,255,255
4,71,67,91,2021,255,255,255
4,71,68,91,2022,254,254,254
4,72,0,92,1954,233,233,233
4,72,1,92,1955,238,238,238
4,72,2,92,1956,235,235,235
4,72,3,92,1957,234,234,234
4,72,4,92,1958,239,239,239
4,72,5,92,1959,238,238,238
4,72,6,92,1960,238,238,238
4,72,7,92,1961,241,241,241
4,72,8,92,1962,241,241,241
4,72,9,92,1963,245,245,245
4,72,10,92,1964,244,244,244
4,72,11,92,1965,246,246,246
4,72,12,92,1966,244,244,244
4,72,13,92,1967,247,247,247
4,72,14,92,1968,248,248,248
4,72,15,92,1969,243,243,243
4,72,16,92,1970,244,244,244
4,72,17,92,1971,245,245,245
4,72,18,92,1972,248,248,248
4,72,19,92,1973,244,244,244
4,72,20,92,1974,240,240,240
4,72,21,92,1975,247,247,247
4,72,22,92,1976,246,246,246
4,72,23,92,1977,243,243,243
4,72,24,92,1978,244,244,244
4,72,25,92,1979,245,245,245
4,72,26,92,1980,248,248,248
4,72,27,92,1981,248,248,248
4,72,28,92,1982,250,250,250
4,72,29,92,1983,250,250,250
4,72,30,92,1984,250,250,250
4,72,31,92,1985,251,251,251
4,72,32,92,1986,253,253,253
4,72,33,92,1987,252,252,252
4,72,34,92,1988,253,253,253
4,72,35,92,1989,252,252,252
4,72,36,92,1990,252,252,252
4,72,37,92,1991,253,253,253
4,72,38,92,1992,253,253,253
4,72,39,92,1993,254,254,254
4,72,40,92,1994,253,253,253
4,72,41,92,1995,254,254,254
4,72,42,92,1996,254,254,254
4,72,43,92,1997,255,255,255
4,72,44,92,1998,255,255,255
4,72,45,92,1999,255,255,255
4,72,46,92,2000,255,255,255
4,72,47,92,2001,255,255,255
4,72,48,92,2002,254,254,254
4,72,49,92,2003,254,254,254
4,72,50,92,2004,255,255,255
4,72,51,92,2005,255,255,255
4,72,52,92,2006,255,255,255
4,72,53,92,2007,255,255,255
4,72,54,92,2008,255,255,255
4,72,55,92,2009,255,255,255
4,72,56,92,2010,255,255,255
4,72,57,92,2011,255,255,255
4,72,58,92,2012,255,255,255
4,72,59,92,2013,255,255,255
4,72,60,92,2014,255,255,255
4,72,61,92,2015,255,255,255
4,72,62,92,2016,255,255,255
4,72,63,92,2017,255,255,255
4,72,64,92,2018,255,255,255
4,72,65,92,2019,255,255,255
4,72,66,92,2020,255,255,255
4,72,67,92,2021,255,255,255
4,72,68,92,2022,253,253,253
4,73,0,93,1954,224,224,224
4,73,1,93,1955,230,230,230
4,73,2,93,1956,232,232,232
4,73,3,93,1957,228,228,228
4,73,4,93,1958,232,232,232
4,73,5,93,1959,232,232,232
4,73,6,93,1960,230,230,230
4,73,7,93,1961,238,238,238
4,73,8,93,1962,238,238,238
4,73,9,93,1963,240,240,240
4,73,10,93,1964,240,240,240
4,73,11,93,1965,245,245,245
4,73,12,93,1966,240,240,240
4,73,13,93,1967,242,242,242
4,73,14,93,1968,245,245,245
4,73,15,93,1969,239,239,239
4,73,16,93,1970,239,239,239
4,73,17,93,1971,243,243,243
4,73,18,93,1972,246,246,246
4,73,19,93,1973,240,240,240
4,73,20,93,1974,234,234,234
4,73,21,93,1975,242,242,242
4,73,22,93,1976,244,244,244
4,73,23,93,1977,238,238,238
4,73,24,93,1978,245,245,245
4,73,25,93,1979,244,244,244
4,73,26,93,1980,247,247,247
4,73,27,93,1981,248,248,248
4,73,28,93,1982,249,249,249
4,73,29,93,1983,248,248,248
4,73,30,93,1984,249,249,249
4,73,31,93,1985,250,250,250
4,73,32,93,1986,251,251,251
4,73,33,93,1987,250,250,250
4,73,34,93,1988,253,253,253
4,73,35,93,1989,252,252,252
4,73,36,93,1990,252,252,252
4,73,37,93,1991,252,252,252
4,73,38,93,1992,253,253,253
4,73,39,93,1993,254,254,254
4,73,40,93,1994,253,253,253
4,73,41,93,1995,254,254,254
4,73,42,93,1996,254,254,254
4,73,43,93,1997,255,255,255
4,73,44,93,1998,255,255,255
4,73,45,93,1999,255,255,255
4,73,46,93,2000,255,255,255
4,73,47,93,2001,255,255,255
4,73,48,93,2002,254,254,254
4,73,49,93,2003,254,254,254
4,73,50,93,2004,255,255,255
4,73,51,93,2005,255,255,255
4,73,52,93,2006,255,255,255
4,73,53,93,2007,255,255,255
4,73,54,93,2008,255,255,255
4,73,55,93,2009,255,255,255
4,73,56,93,2010,255,255,255
4,73,57,93,2011,255,255,255
4,73,58,93,2012,255,255,255
4,73,59,93,2013,255,255,255
4,73,60,93,2014,255,255,255
4,73,61,93,2015,255,255,255
4,73,62,93,2016,255,255,255
4,73,63,93,2017,255,255,255
4,73,64,93,2018,255,255,255
4,73,65,93,2019,255,255,255
4,73,66,93,2020,255,255,255
4,73,67,93,2021,255,255,255
4,73,68,93,2022,253,253,253
4,74,0,94,1954,228,228,228
4,74,1,94,1955,234,234,234
4,74,2,94,1956,235,235,235
4,74,3,94,1957,231,231,231
4,74,4,94,1958,236,236,236
4,74,5,94,1959,235,235,235
4,74,6,94,1960,233,233,233
4,74,7,94,1961,240,240,240
4,74,8,94,1962,239,239,239
4,74,9,94,1963,240,240,240
4,74,10,94,1964,241,241,241
4,74,11,94,1965,243,243,243
4,74,12,94,1966,242,242,242
4,74,13,94,1967,244,244,244
4,74,14,94,1968,247,247,247
4,74,15,94,1969,240,240,240
4,74,16,94,1970,240,240,240
4,74,17,94,1971,245,245,245
4,74,18,94,1972,248,248,248
4,74,19,94,1973,246,246,246
4,74,20,94,1974,239,239,239
4,74,21,94,1975,243,243,243
4,74,22,94,1976,245,245,245
4,74,23,94,1977,239,239,239
4,74,24,94,1978,245,245,245
4,74,25,94,1979,247,247,247
4,74,26,94,1980,247,247,247
4,74,27,94,1981,246,246,246
4,74,28,94,1982,249,249,249
4,74,29,94,1983,249,249,249
4,74,30,94,1984,249,249,249
4,74,31,94,1985,251,251,251
4,74,32,94,1986,252,252,252
4,74,33,94,1987,251,251,251
4,74,34,94,1988,252,252,252
4,74,35,94,1989,253,253,253
4,74,36,94,1990,253,253,253
4,74,37,94,1991,253,253,253
4,74,38,94,1992,253,253,253
4,74,39,94,1993,255,255,255
4,74,40,94,1994,253,253,253
4,74,41,94,1995,254,254,254
4,74,42,94,1996,255,255,255
4,74,43,94,1997,255,255,255
4,74,44,94,1998,255,255,255
4,74,45,94,1999,255,255,255
4,74,46,94,2000,255,255,255
4,74,47,94,2001,255,255,255
4,74,48,94,2002,254,254,254
4,74,49,94,2003,254,254,254
4,74,50,94,2004,255,255,255
4,74,51,94,2005,255,255,255
4,74,52,94,2006,255,255,255
4,74,53,94,2007,255,255,255
4,74,54,94,2008,255,255,255
4,74,55,94,2009,255,255,255
4,74,56,94,2010,255,255,255
4,74,57,94,2011,255,255,255
4,74,58,94,2012,255,255,255
4,74,59,94,2013,255,255,255
4,74,60,94,2014,255,255,255
4,74,61,94,2015,255,255,255
4,74,62,94,2016,255,255,255
4,74,63,94,2017,255,255,255
4,74,64,94,2018,255,255,255
4,74,65,94,2019,255,255,255
4,74,66,94,2020,255,255,255
4,74,67,94,2021,255,255,255
4,74,68,94,2022,253,253,253
4,75,0,95,1954,230,230,230
4,75,1,95,1955,234,234,234
4,75,2,95,1956,230,230,230
4,75,3,95,1957,225,225,225
4,75,4,95,1958,236,236,236
4,75,5,95,1959,236,236,236
4,75,6,95,1960,234,234,234
4,75,7,95,1961,244,244,244
4,75,8,95,1962,241,241,241
4,75,9,95,1963,245,245,245
4,75,10,95,1964,246,246,246
4,75,11,95,1965,247,247,247
4,75,12,95,1966,246,246,246
4,75,13,95,1967,247,247,247
4,75,14,95,1968,246,246,246
4,75,15,95,1969,243,243,243
4,75,16,95,1970,244,244,244
4,75,17,95,1971,245,245,245
4,75,18,95,1972,248,248,248
4,75,19,95,1973,245,245,245
4,75,20,95,1974,241,241,241
4,75,21,95,1975,247,247,247
4,75,22,95,1976,248,248,248
4,75,23,95,1977,247,247,247
4,75,24,95,1978,247,247,247
4,75,25,95,1979,247,247,247
4,75,26,95,1980,249,249,249
4,75,27,95,1981,247,247,247
4,75,28,95,1982,249,249,249
4,75,29,95,1983,249,249,249
4,75,30,95,1984,249,249,249
4,75,31,95,1985,252,252,252
4,75,32,95,1986,253,253,253
4,75,33,95,1987,252,252,252
4,75,34,95,1988,252,252,252
4,75,35,95,1989,254,254,254
4,75,36,95,1990,254,254,254
4,75,37,95,1991,254,254,254
4,75,38,95,1992,254,254,254
4,75,39,95,1993,255,255,255
4,75,40,95,1994,254,254,254
4,75,41,95,1995,255,255,255
4,75,42,95,1996,254,254,254
4,75,43,95,1997,255,255,255
4,75,44,95,1998,255,255,255
4,75,45,95,1999,255,255,255
4,75,46,95,2000,255,255,255
4,75,47,95,2001,255,255,255
4,75,48,95,2002,255,255,255
4,75,49,95,2003,255,255,255
4,75,50,95,2004,255,255,255
4,75,51,95,2005,255,255,255
4,75,52,95,2006,255,255,255
4,75,53,95,2007,255,255,255
4,75,54,95,2008,255,255,255
4,75,55,95,2009,255,255,255
4,75,56,95,2010,255,255,255
4,75,57,95,2011,255,255,255
4,75,58,95,2012,255,255,255
4,75,59,95,2013,255,255,255
4,75,60,95,2014,255,255,255
4,75,61,95,2015,255,255,255
4,75,62,95,2016,255,255,255
4,75,63,95,2017,255,255,255
4,75,64,95,2018,255,255,255
4,75,65,95,2019,255,255,255
4,75,66,95,2020,255,255,255
4,75,67,95,2021,255,255,255
4,75,68,95,2022,253,253,253
4,76,0,96,1954,234,234,234
4,76,1,96,1955,241,241,241
4,76,2,96,1956,235,235,235
4,76,3,96,1957,233,233,233
4,76,4,96,1958,240,240,240
4,76,5,96,1959,239,239,239
4,76,6,96,1960,240,240,240
4,76,7,96,1961,244,244,244
4,76,8,96,1962,244,244,244
4,76,9,96,1963,246,246,246
4,76,10,96,1964,246,246,246
4,76,11,96,1965,246,246,246
4,76,12,96,1966,244,244,244
4,76,13,96,1967,247,247,247
4,76,14,96,1968,247,247,247
4,76,15,96,1969,244,244,244
4,76,16,96,1970,244,244,244
4,76,17,96,1971,247,247,247
4,76,18,96,1972,248,248,248
4,76,19,96,1973,246,246,246
4,76,20,96,1974,241,241,241
4,76,21,96,1975,246,246,246
4,76,22,96,1976,248,248,248
4,76,23,96,1977,247,247,247
4,76,24,96,1978,248,248,248
4,76,25,96,1979,247,247,247
4,76,26,96,1980,250,250,250
4,76,27,96,1981,248,248,248
4,76,28,96,1982,249,249,249
4,76,29,96,1983,251,251,251
4,76,30,96,1984,250,250,250
4,76,31,96,1985,251,251,251
4,76,32,96,1986,251,251,251
4,76,33,96,1987,252,252,252
4,76,34,96,1988,253,253,253
4,76,35,96,1989,252,252,252
4,76,36,96,1990,253,253,253
4,76,37,96,1991,253,253,253
4,76,38,96,1992,253,253,253
4,76,39,96,1993,255,255,255
4,76,40,96,1994,253,253,253
4,76,41,96,1995,254,254,254
4,76,42,96,1996,254,254,254
4,76,43,96,1997,255,255,255
4,76,44,96,1998,255,255,255
4,76,45,96,1999,255,255,255
4,76,46,96,2000,255,255,255
4,76,47,96,2001,255,255,255
4,76,48,96,2002,254,254,254
4,76,49,96,2003,254,254,254
4,76,50,96,2004,255,255,255
4,76,51,96,2005,255,255,255
4,76,52,96,2006,255,255,255
4,76,53,96,2007,255,255,255
4,76,54,96,2008,255,255,255
4,76,55,96,2009,255,255,255
4,76,56,96,2010,255,255,255
4,76,57,96,2011,255,255,255
4,76,58,96,2012,255,255,255
4,76,59,96,2013,255,255,255
4,76,60,96,2014,255,255,255
4,76,61,96,2015,255,255,255
4,76,62,96,2016,255,255,255
4,76,63,96,2017,255,255,255
4,76,64,96,2018,255,255,255
4,76,65,96,2019,255,255,255
4,76,66,96,2020,255,255,255
4,76,67,96,2021,255,255,255
4,76,68,96,2022,253,253,253
4,77,0,97,1954,227,227,227
4,77,1,97,1955,233,233,233
4,77,2,97,1956,230,230,230
4,77,3,97,1957,224,224,224
4,77,4,97,1958,238,238,238
4,77,5,97,1959,239,239,239
4,77,6,97,1960,239,239,239
4,77,7,97,1961,244,244,244
4,77,8,97,1962,240,240,240
4,77,9,97,1963,242,242,242
4,77,10,97,1964,243,243,243
4,77,11,97,1965,243,243,243
4,77,12,97,1966,240,240,240
4,77,13,97,1967,244,244,244
4,77,14,97,1968,245,245,245
4,77,15,97,1969,245,245,245
4,77,16,97,1970,245,245,245
4,77,17,97,1971,244,244,244
4,77,18,97,1972,246,246,246
4,77,19,97,1973,245,245,245
4,77,20,97,1974,240,240,240
4,77,21,97,1975,245,245,245
4,77,22,97,1976,244,244,244
4,77,23,97,1977,246,246,246
4,77,24,97,1978,245,245,245
4,77,25,97,1979,246,246,246
4,77,26,97,1980,247,247,247
4,77,27,97,1981,246,246,246
4,77,28,97,1982,250,250,250
4,77,29,97,1983,248,248,248
4,77,30,97,1984,249,249,249
4,77,31,97,1985,251,251,251
4,77,32,97,1986,250,250,250
4,77,33,97,1987,252,252,252
4,77,34,97,1988,252,252,252
4,77,35,97,1989,252,252,252
4,77,36,97,1990,252,252,252
4,77,37,97,1991,253,253,253
4,77,38,97,1992,253,253,253
4,77,39,97,1993,255,255,255
4,77,40,97,1994,253,253,253
4,77,41,97,1995,254,254,254
4,77,42,97,1996,255,255,255
4,77,43,97,1997,255,255,255
4,77,44,97,1998,255,255,255
4,77,45,97,1999,255,255,255
4,77,46,97,2000,255,255,255
4,77,47,97,2001,255,255,255
4,77,48,97,2002,255,255,255
4,77,49,97,2003,255,255,255
4,77,50,97,2004,255,255,255
4,77,51,97,2005,255,255,255
4,77,52,97,2006,255,255,255
4,77,53,97,2007,255,255,255
4,77,54,97,2008,255,255,255
4,77,55,97,2009,255,255,255
4,77,56,97,2010,255,255,255
4,77,57,97,2011,255,255,255
4,77,58,97,2012,255,255,255
4,77,59,97,2013,255,255,255
4,77,60,97,2014,255,255,255
4,77,61,97,2015,255,255,255
4,77,62,97,2016,255,255,255
4,77,63,97,2017,255,255,255
4,77,64,97,2018,255,255,255
4,77,65,97,2019,255,255,255
4,77,66,97,2020,255,255,255
4,77,67,97,2021,255,255,255
4,77,68,97,2022,253,253,253
4,78,0,98,1954,228,228,228
4,78,1,98,1955,234,234,234
4,78,2,98,1956,235,235,235
4,78,3,98,1957,232,232,232
4,78,4,98,1958,236,236,236
4,78,5,98,1959,235,235,235
4,78,6,98,1960,234,234,234
4,78,7,98,1961,238,238,238
4,78,8,98,1962,236,236,236
4,78,9,98,1963,240,240,240
4,78,10,98,1964,245,245,245
4,78,11,98,1965,246,246,246
4,78,12,98,1966,246,246,246
4,78,13,98,1967,243,243,243
4,78,14,98,1968,247,247,247
4,78,15,98,1969,242,242,242
4,78,16,98,1970,243,243,243
4,78,17,98,1971,245,245,245
4,78,18,98,1972,248,248,248
4,78,19,98,1973,247,247,247
4,78,20,98,1974,241,241,241
4,78,21,98,1975,244,244,244
4,78,22,98,1976,244,244,244
4,78,23,98,1977,240,240,240
4,78,24,98,1978,246,246,246
4,78,25,98,1979,248,248,248
4,78,26,98,1980,249,249,249
4,78,27,98,1981,246,246,246
4,78,28,98,1982,250,250,250
4,78,29,98,1983,250,250,250
4,78,30,98,1984,249,249,249
4,78,31,98,1985,252,252,252
4,78,32,98,1986,252,252,252
4,78,33,98,1987,252,252,252
4,78,34,98,1988,252,252,252
4,78,35,98,1989,253,253,253
4,78,36,98,1990,252,252,252
4,78,37,98,1991,253,253,253
4,78,38,98,1992,253,253,253
4,78,39,98,1993,255,255,255
4,78,40,98,1994,253,253,253
4,78,41,98,1995,255,255,255
4,78,42,98,1996,254,254,254
4,78,43,98,1997,254,254,254
4,78,44,98,1998,255,255,255
4,78,45,98,1999,255,255,255
4,78,46,98,2000,255,255,255
4,78,47,98,2001,255,255,255
4,78,48,98,2002,255,255,255
4,78,49,98,2003,255,255,255
4,78,50,98,2004,255,255,255
4,78,51,98,2005,255,255,255
4,78,52,98,2006,255,255,255
4,78,53,98,2007,255,255,255
4,78,54,98,2008,255,255,255
4,78,55,98,2009,254,254,254
4,78,56,98,2010,255,255,255
4,78,57,98,2011,255,255,255
4,78,58,98,2012,255,255,255
4,78,59,98,2013,255,255,255
4,78,60,98,2014,255,255,255
4,78,61,98,2015,255,255,255
4,78,62,98,2016,255,255,255
4,78,63,98,2017,255,255,255
4,78,64,98,2018,255,255,255
4,78,65,98,2019,255,255,255
4,78,66,98,2020,255,255,255
4,78,67,98,2021,255,255,255
4,78,68,98,2022,254,254,254
4,79,0,99,1954,87,87,87
4,79,1,99,1955,87,87,87
4,79,2,99,1956,88,88,88
4,79,3,99,1957,87,87,87
4,79,4,99,1958,86,86,86
4,79,5,99,1959,83,83,83
4,79,6,99,1960,85,85,85
4,79,7,99,1961,87,87,87
4,79,8,99,1962,87,87,87
4,79,9,99,1963,86,86,86
4,79,10,99,1964,86,86,86
4,79,11,99,1965,86,86,86
4,79,12,99,1966,87,87,87
4,79,13,99,1967,86,86,86
4,79,14,99,1968,87,87,87
4,79,15,99,1969,87,87,87
4,79,16,99,1970,83,83,83
4,79,17,99,1971,86,86,86
4,79,18,99,1972,86,86,86
4,79,19,99,1973,86,86,86
4,79,20,99,1974,85,85,85
4,79,21,99,1975,86,86,86
4,79,22,99,1976,85,85,85
4,79,23,99,1977,87,87,87
4,79,24,99,1978,87,87,87
4,79,25,99,1979,85,85,85
4,79,26,99,1980,89,89,89
4,79,27,99,1981,85,85,85
4,79,28,99,1982,86,86,86
4,79,29,99,1983,86,86,86
4,79,30,99,1984,86,86,86
4,79,31,99,1985,87,87,87
4,79,32,99,1986,88,88,88
4,79,33,99,1987,85,85,85
4,79,34,99,1988,85,85,85
4,79,35,99,1989,87,87,87
4,79,36,99,1990,86,86,86
4,79,37,99,1991,89,89,89
4,79,38,99,1992,86,86,86
4,79,39,99,1993,88,88,88
4,79,40,99,1994,86,86,86
4,79,41,99,1995,89,89,89
4,79,42,99,1996,88,88,88
4,79,43,99,1997,86,86,86
4,79,44,99,1998,86,86,86
4,79,45,99,1999,88,88,88
4,79,46,99,2000,94,94,94
4,79,47,99,2001,89,89,89
4,79,48,99,2002,88,88,88
4,79,49,99,2003,86,86,86
4,79,50,99,2004,87,87,87
4,79,51,99,2005,86,86,86
4,79,52,99,2006,87,87,87
4,79,53,99,2007,91,91,91
4,79,54,99,2008,89,89,89
4,79,55,99,2009,88,88,88
4,79,56,99,2010,89,89,89
4,79,57,99,2011,90,90,90
4,79,58,99,2012,90,90,90
4,79,59,99,2013,86,86,86
4,79,60,99,2014,86,86,86
4,79,61,99,2015,83,83,83
4,79,62,99,2016,86,86,86
4,79,63,99,2017,84,84,84
4,79,64,99,2018,85,85,85
4,79,65,99,2019,90,90,90
4,79,66,99,2020,90,90,90
4,79,67,99,2021,86,86,86
4,79,68,99,2022,87,87,87
