row,column,date,red,green,blue
0,0,2007-09-01,243,245,246
0,1,2007-10-01,250,152,142
0,2,2007-11-01,248,187,176
0,3,2007-12-01,209,232,238
0,4,2008-01-01,250,170,160
0,5,2008-02-01,249,169,159
0,6,2008-03-01,164,210,223
0,7,2008-04-01,190,225,233
0,8,2008-05-01,174,217,228
0,9,2008-06-01,143,198,215
0,10,2008-07-01,221,237,241
0,11,2008-08-01,166,212,224
0,12,2008-09-01,249,177,166
0,13,2008-10-01,248,125,119
0,14,2008-11-01,233,241,242
0,15,2008-12-01,210,233,238
0,16,2009-01-01,249,157,147
0,17,2009-02-01,249,156,147
0,18,2009-03-01,210,233,238
0,19,2009-04-01,244,246,246
0,20,2009-05-01,205,230,237
0,21,2009-06-01,217,235,240
0,22,2009-07-01,250,166,155
0,23,2009-08-01,245,237,235
0,24,2009-09-01,244,72,56
0,25,2009-10-01,243,66,49
0,26,2009-11-01,240,46,25
0,27,2009-12-01,243,69,54
0,28,2010-01-01,245,88,77
0,29,2010-02-01,244,72,56
0,30,2010-03-01,244,83,71
0,31,2010-04-01,244,78,65
0,32,2010-05-01,245,90,79
0,33,2010-06-01,245,91,80
0,34,2010-07-01,247,219,215
0,35,2010-08-01,246,228,223
0,36,2010-09-01,246,221,216
0,37,2010-10-01,249,148,139
0,38,2010-11-01,249,151,141
0,39,2010-12-01,250,154,144
0,40,2011-01-01,246,95,87
0,41,2011-02-01,247,121,114
0,42,2011-03-01,247,218,213
0,43,2011-04-01,249,151,141
0,44,2011-05-01,237,243,244
0,45,2011-06-01,250,173,163
0,46,2011-07-01,225,239,242
0,47,2011-08-01,249,167,156
0,48,2011-09-01,250,171,161
0,49,2011-10-01,248,189,178
1,0,2007-09-01,246,230,227
1,1,2007-10-01,248,200,190
1,2,2007-11-01,247,215,209
1,3,2007-12-01,216,235,240
1,4,2008-01-01,245,236,234
1,5,2008-02-01,245,239,238
1,6,2008-03-01,170,214,226
1,7,2008-04-01,195,227,235
1,8,2008-05-01,175,217,228
1,9,2008-06-01,158,208,221
1,10,2008-07-01,183,221,232
1,11,2008-08-01,165,211,224
1,12,2008-09-01,209,232,238
1,13,2008-10-01,207,231,237
1,14,2008-11-01,171,215,227
1,15,2008-12-01,240,244,244
1,16,2009-01-01,191,225,234
1,17,2009-02-01,195,227,235
1,18,2009-03-01,140,196,212
1,19,2009-04-01,161,208,222
1,20,2009-05-01,174,217,228
1,21,2009-06-01,185,223,233
1,22,2009-07-01,246,223,218
1,23,2009-08-01,217,235,240
1,24,2009-09-01,250,172,162
1,25,2009-10-01,248,133,126
1,26,2009-11-01,243,70,54
1,27,2009-12-01,244,82,70
1,28,2010-01-01,246,228,224
1,29,2010-02-01,245,237,234
1,30,2010-03-01,248,210,203
1,31,2010-04-01,247,119,111
1,32,2010-05-01,250,172,162
1,33,2010-06-01,249,160,149
1,34,2010-07-01,193,226,234
1,35,2010-08-01,172,216,227
1,36,2010-09-01,179,219,230
1,37,2010-10-01,200,229,236
1,38,2010-11-01,241,244,245
1,39,2010-12-01,245,239,238
1,40,2011-01-01,244,243,243
1,41,2011-02-01,211,233,238
1,42,2011-03-01,221,236,241
1,43,2011-04-01,212,234,239
1,44,2011-05-01,170,214,226
1,45,2011-06-01,179,220,231
1,46,2011-07-01,190,225,233
1,47,2011-08-01,200,229,236
1,48,2011-09-01,242,245,245
1,49,2011-10-01,248,208,201
2,0,2007-09-01,227,239,242
2,1,2007-10-01,248,208,201
2,2,2007-11-01,247,212,206
2,3,2007-12-01,216,235,240
2,4,2008-01-01,247,215,209
2,5,2008-02-01,248,212,205
2,6,2008-03-01,164,210,223
2,7,2008-04-01,180,220,231
2,8,2008-05-01,164,210,223
2,9,2008-06-01,137,195,213
2,10,2008-07-01,165,211,224
2,11,2008-08-01,153,205,219
2,12,2008-09-01,222,238,241
2,13,2008-10-01,201,230,236
2,14,2008-11-01,188,224,234
2,15,2008-12-01,178,219,230
2,16,2009-01-01,208,232,237
2,17,2009-02-01,245,239,237
2,18,2009-03-01,154,205,219
2,19,2009-04-01,155,205,219
2,20,2009-05-01,132,192,210
2,21,2009-06-01,161,208,222
2,22,2009-07-01,230,240,242
2,23,2009-08-01,194,227,235
2,24,2009-09-01,241,245,245
2,25,2009-10-01,250,139,130
2,26,2009-11-01,246,106,100
2,27,2009-12-01,250,141,132
2,28,2010-01-01,246,227,223
2,29,2010-02-01,250,163,152
2,30,2010-03-01,250,163,152
2,31,2010-04-01,247,122,114
2,32,2010-05-01,250,165,154
2,33,2010-06-01,250,164,153
2,34,2010-07-01,184,222,233
2,35,2010-08-01,171,215,227
2,36,2010-09-01,210,233,238
2,37,2010-10-01,244,245,245
2,38,2010-11-01,248,200,192
2,39,2010-12-01,245,233,230
2,40,2011-01-01,248,194,183
2,41,2011-02-01,248,209,202
2,42,2011-03-01,220,236,240
2,43,2011-04-01,241,245,245
2,44,2011-05-01,178,219,230
2,45,2011-06-01,242,245,246
2,46,2011-07-01,210,233,238
2,47,2011-08-01,214,233,239
2,48,2011-09-01,238,244,244
2,49,2011-10-01,198,228,235
3,0,2007-09-01,205,230,237
3,1,2007-10-01,221,237,241
3,2,2007-11-01,248,190,179
3,3,2007-12-01,229,240,242
3,4,2008-01-01,248,182,171
3,5,2008-02-01,250,155,145
3,6,2008-03-01,165,212,224
3,7,2008-04-01,225,238,242
3,8,2008-05-01,170,215,227
3,9,2008-06-01,163,209,223
3,10,2008-07-01,184,222,233
3,11,2008-08-01,157,207,220
3,12,2008-09-01,208,231,237
3,13,2008-10-01,248,199,189
3,14,2008-11-01,226,239,242
3,15,2008-12-01,200,229,236
3,16,2009-01-01,222,238,241
3,17,2009-02-01,248,197,187
3,18,2009-03-01,209,232,238
3,19,2009-04-01,237,243,243
3,20,2009-05-01,160,208,222
3,21,2009-06-01,202,229,236
3,22,2009-07-01,222,238,241
3,23,2009-08-01,207,231,237
3,24,2009-09-01,248,212,205
3,25,2009-10-01,248,124,118
3,26,2009-11-01,245,82,69
3,27,2009-12-01,244,83,71
3,28,2010-01-01,248,132,126
3,29,2010-02-01,248,135,127
3,30,2010-03-01,250,169,159
3,31,2010-04-01,245,98,90
3,32,2010-05-01,247,121,114
3,33,2010-06-01,249,150,141
3,34,2010-07-01,245,233,230
3,35,2010-08-01,185,222,233
3,36,2010-09-01,233,241,243
3,37,2010-10-01,241,245,245
3,38,2010-11-01,248,135,128
3,39,2010-12-01,249,160,149
3,40,2011-01-01,249,151,141
3,41,2011-02-01,248,137,128
3,42,2011-03-01,248,193,182
3,43,2011-04-01,245,235,233
3,44,2011-05-01,234,241,243
3,45,2011-06-01,244,244,244
3,46,2011-07-01,191,225,234
3,47,2011-08-01,243,246,246
3,48,2011-09-01,248,204,196
3,49,2011-10-01,248,188,177
4,0,2007-09-01,216,235,240
4,1,2007-10-01,248,188,177
4,2,2007-11-01,245,235,232
4,3,2007-12-01,233,241,242
4,4,2008-01-01,241,244,245
4,5,2008-02-01,246,226,221
4,6,2008-03-01,210,233,238
4,7,2008-04-01,198,228,235
4,8,2008-05-01,203,230,236
4,9,2008-06-01,152,204,218
4,10,2008-07-01,170,215,227
4,11,2008-08-01,135,194,211
4,12,2008-09-01,169,214,226
4,13,2008-10-01,160,208,221
4,14,2008-11-01,145,200,215
4,15,2008-12-01,156,206,220
4,16,2009-01-01,157,207,220
4,17,2009-02-01,161,209,222
4,18,2009-03-01,137,195,213
4,19,2009-04-01,145,199,215
4,20,2009-05-01,130,191,210
4,21,2009-06-01,134,194,211
4,22,2009-07-01,183,222,233
4,23,2009-08-01,151,203,218
4,24,2009-09-01,189,224,234
4,25,2009-10-01,246,230,226
4,26,2009-11-01,250,171,161
4,27,2009-12-01,250,145,135
4,28,2010-01-01,244,246,246
4,29,2010-02-01,242,245,246
4,30,2010-03-01,225,238,242
4,31,2010-04-01,230,240,242
4,32,2010-05-01,215,234,239
4,33,2010-06-01,215,234,239
4,34,2010-07-01,128,190,209
4,35,2010-08-01,114,180,202
4,36,2010-09-01,144,199,214
4,37,2010-10-01,134,193,211
4,38,2010-11-01,174,216,228
4,39,2010-12-01,194,227,234
4,40,2011-01-01,202,229,236
4,41,2011-02-01,181,220,232
4,42,2011-03-01,147,201,216
4,43,2011-04-01,179,219,230
4,44,2011-05-01,145,200,215
4,45,2011-06-01,139,196,212
4,46,2011-07-01,164,210,223
4,47,2011-08-01,161,209,222
4,48,2011-09-01,169,214,226
4,49,2011-10-01,144,199,216
5,0,2007-09-01,228,239,241
5,1,2007-10-01,246,222,218
5,2,2007-11-01,247,218,213
5,3,2007-12-01,208,232,238
5,4,2008-01-01,246,231,227
5,5,2008-02-01,248,193,182
5,6,2008-03-01,187,224,234
5,7,2008-04-01,181,220,232
5,8,2008-05-01,169,214,226
5,9,2008-06-01,150,203,217
5,10,2008-07-01,146,200,215
5,11,2008-08-01,123,187,206
5,12,2008-09-01,200,229,236
5,13,2008-10-01,235,242,243
5,14,2008-11-01,180,220,232
5,15,2008-12-01,191,225,234
5,16,2009-01-01,174,217,228
5,17,2009-02-01,169,214,226
5,18,2009-03-01,129,191,209
5,19,2009-04-01,156,206,220
5,20,2009-05-01,128,190,209
5,21,2009-06-01,152,204,218
5,22,2009-07-01,199,229,236
5,23,2009-08-01,152,204,218
5,24,2009-09-01,247,219,214
5,25,2009-10-01,249,181,170
5,26,2009-11-01,246,101,95
5,27,2009-12-01,246,120,113
5,28,2010-01-01,248,193,182
5,29,2010-02-01,229,240,242
5,30,2010-03-01,226,239,242
5,31,2010-04-01,248,208,201
5,32,2010-05-01,246,227,222
5,33,2010-06-01,235,242,243
5,34,2010-07-01,157,207,220
5,35,2010-08-01,119,183,204
5,36,2010-09-01,163,209,223
5,37,2010-10-01,170,215,227
5,38,2010-11-01,207,231,237
5,39,2010-12-01,248,192,181
5,40,2011-01-01,246,230,226
5,41,2011-02-01,242,245,245
5,42,2011-03-01,183,221,233
5,43,2011-04-01,228,239,241
5,44,2011-05-01,175,217,229
5,45,2011-06-01,183,221,232
5,46,2011-07-01,180,220,231
5,47,2011-08-01,191,225,234
5,48,2011-09-01,229,240,242
5,49,2011-10-01,214,234,239
6,0,2007-09-01,226,239,242
6,1,2007-10-01,247,217,211
6,2,2007-11-01,247,214,207
6,3,2007-12-01,244,240,240
6,4,2008-01-01,248,200,192
6,5,2008-02-01,248,198,188
6,6,2008-03-01,178,219,230
6,7,2008-04-01,233,241,242
6,8,2008-05-01,179,219,230
6,9,2008-06-01,147,201,216
6,10,2008-07-01,195,227,235
6,11,2008-08-01,152,204,218
6,12,2008-09-01,203,230,237
6,13,2008-10-01,196,228,235
6,14,2008-11-01,194,227,235
6,15,2008-12-01,192,226,234
6,16,2009-01-01,179,219,230
6,17,2009-02-01,224,238,241
6,18,2009-03-01,160,208,222
6,19,2009-04-01,164,210,223
6,20,2009-05-01,136,194,212
6,21,2009-06-01,179,219,230
6,22,2009-07-01,245,232,228
6,23,2009-08-01,174,216,228
6,24,2009-09-01,245,239,238
6,25,2009-10-01,250,164,153
6,26,2009-11-01,247,124,117
6,27,2009-12-01,248,193,182
6,28,2010-01-01,215,234,239
6,29,2010-02-01,242,245,245
6,30,2010-03-01,244,240,240
6,31,2010-04-01,250,172,162
6,32,2010-05-01,250,152,142
6,33,2010-06-01,247,216,210
6,34,2010-07-01,186,223,234
6,35,2010-08-01,132,192,210
6,36,2010-09-01,171,215,227
6,37,2010-10-01,186,223,233
6,38,2010-11-01,222,238,241
6,39,2010-12-01,217,235,240
6,40,2011-01-01,244,243,243
6,41,2011-02-01,236,243,243
6,42,2011-03-01,214,233,239
6,43,2011-04-01,229,239,242
6,44,2011-05-01,167,213,225
6,45,2011-06-01,164,211,224
6,46,2011-07-01,169,214,226
6,47,2011-08-01,169,214,226
6,48,2011-09-01,217,235,240
6,49,2011-10-01,183,221,232
7,0,2007-09-01,244,243,242
7,1,2007-10-01,248,209,202
7,2,2007-11-01,245,237,234
7,3,2007-12-01,237,243,244
7,4,2008-01-01,245,239,237
7,5,2008-02-01,248,191,180
7,6,2008-03-01,203,230,236
7,7,2008-04-01,205,230,237
7,8,2008-05-01,164,211,224
7,9,2008-06-01,157,207,220
7,10,2008-07-01,221,237,241
7,11,2008-08-01,143,198,215
7,12,2008-09-01,200,229,236
7,13,2008-10-01,205,231,237
7,14,2008-11-01,174,217,228
7,15,2008-12-01,184,222,233
7,16,2009-01-01,167,212,225
7,17,2009-02-01,210,233,238
7,18,2009-03-01,153,205,219
7,19,2009-04-01,169,214,226
7,20,2009-05-01,137,195,213
7,21,2009-06-01,144,199,214
7,22,2009-07-01,221,237,241
7,23,2009-08-01,178,219,230
7,24,2009-09-01,247,218,212
7,25,2009-10-01,249,150,141
7,26,2009-11-01,248,133,127
7,27,2009-12-01,245,102,96
7,28,2010-01-01,247,218,212
7,29,2010-02-01,244,243,242
7,30,2010-03-01,246,227,222
7,31,2010-04-01,250,173,163
7,32,2010-05-01,243,245,246
7,33,2010-06-01,245,234,231
7,34,2010-07-01,163,209,223
7,35,2010-08-01,116,182,203
7,36,2010-09-01,165,210,224
7,37,2010-10-01,148,202,216
7,38,2010-11-01,209,232,238
7,39,2010-12-01,244,245,245
7,40,2011-01-01,226,239,242
7,41,2011-02-01,233,241,243
7,42,2011-03-01,185,222,233
7,43,2011-04-01,187,223,234
7,44,2011-05-01,152,204,218
7,45,2011-06-01,164,210,223
7,46,2011-07-01,155,206,220
7,47,2011-08-01,159,208,221
7,48,2011-09-01,213,234,239
7,49,2011-10-01,170,214,226
8,0,2007-09-01,232,240,242
8,1,2007-10-01,248,196,187
8,2,2007-11-01,246,224,218
8,3,2007-12-01,240,244,244
8,4,2008-01-01,247,220,216
8,5,2008-02-01,248,195,184
8,6,2008-03-01,176,218,229
8,7,2008-04-01,179,219,230
8,8,2008-05-01,183,221,232
8,9,2008-06-01,140,196,214
8,10,2008-07-01,174,217,228
8,11,2008-08-01,150,203,218
8,12,2008-09-01,194,227,234
8,13,2008-10-01,192,226,234
8,14,2008-11-01,170,214,226
8,15,2008-12-01,187,224,234
8,16,2009-01-01,172,216,227
8,17,2009-02-01,183,221,232
8,18,2009-03-01,153,205,219
8,19,2009-04-01,163,209,223
8,20,2009-05-01,144,199,214
8,21,2009-06-01,159,208,221
8,22,2009-07-01,187,223,234
8,23,2009-08-01,181,221,232
8,24,2009-09-01,248,182,171
8,25,2009-10-01,250,139,130
8,26,2009-11-01,244,74,59
8,27,2009-12-01,245,98,91
8,28,2010-01-01,249,183,172
8,29,2010-02-01,250,153,144
8,30,2010-03-01,248,190,179
8,31,2010-04-01,250,172,161
8,32,2010-05-01,249,178,168
8,33,2010-06-01,246,221,216
8,34,2010-07-01,171,215,227
8,35,2010-08-01,154,205,219
8,36,2010-09-01,179,219,230
8,37,2010-10-01,220,236,240
8,38,2010-11-01,246,221,216
8,39,2010-12-01,247,212,206
8,40,2011-01-01,249,179,168
8,41,2011-02-01,248,208,201
8,42,2011-03-01,244,245,244
8,43,2011-04-01,238,244,244
8,44,2011-05-01,205,230,237
8,45,2011-06-01,200,229,236
8,46,2011-07-01,173,216,228
8,47,2011-08-01,213,234,239
8,48,2011-09-01,249,177,166
8,49,2011-10-01,237,243,244
9,0,2007-09-01,241,244,245
9,1,2007-10-01,245,238,236
9,2,2007-11-01,247,215,209
9,3,2007-12-01,225,239,242
9,4,2008-01-01,242,245,245
9,5,2008-02-01,246,221,216
9,6,2008-03-01,167,213,225
9,7,2008-04-01,196,228,235
9,8,2008-05-01,196,228,235
9,9,2008-06-01,145,200,215
9,10,2008-07-01,228,239,241
9,11,2008-08-01,153,204,218
9,12,2008-09-01,223,237,241
9,13,2008-10-01,193,226,234
9,14,2008-11-01,163,210,223
9,15,2008-12-01,156,206,220
9,16,2009-01-01,176,218,229
9,17,2009-02-01,194,227,234
9,18,2009-03-01,128,190,209
9,19,2009-04-01,156,207,220
9,20,2009-05-01,146,201,216
9,21,2009-06-01,145,200,215
9,22,2009-07-01,215,234,239
9,23,2009-08-01,181,220,232
9,24,2009-09-01,245,233,229
9,25,2009-10-01,250,161,150
9,26,2009-11-01,246,95,86
9,27,2009-12-01,245,96,88
9,28,2010-01-01,237,243,243
9,29,2010-02-01,250,160,149
9,30,2010-03-01,246,228,224
9,31,2010-04-01,249,167,156
9,32,2010-05-01,247,214,207
9,33,2010-06-01,249,176,165
9,34,2010-07-01,169,214,226
9,35,2010-08-01,137,195,211
9,36,2010-09-01,176,218,229
9,37,2010-10-01,201,228,236
9,38,2010-11-01,222,238,241
9,39,2010-12-01,199,229,236
9,40,2011-01-01,203,229,236
9,41,2011-02-01,216,235,240
9,42,2011-03-01,227,239,241
9,43,2011-04-01,185,222,233
9,44,2011-05-01,179,219,230
9,45,2011-06-01,175,217,228
9,46,2011-07-01,179,219,230
9,47,2011-08-01,241,245,245
9,48,2011-09-01,214,233,239
9,49,2011-10-01,222,238,241
10,0,2007-09-01,235,242,243
10,1,2007-10-01,229,240,242
10,2,2007-11-01,248,208,201
10,3,2007-12-01,242,245,245
10,4,2008-01-01,248,206,199
10,5,2008-02-01,244,244,243
10,6,2008-03-01,163,209,223
10,7,2008-04-01,189,225,233
10,8,2008-05-01,160,208,222
10,9,2008-06-01,158,208,221
10,10,2008-07-01,180,220,231
10,11,2008-08-01,160,208,222
10,12,2008-09-01,194,227,235
10,13,2008-10-01,172,216,227
10,14,2008-11-01,184,222,233
10,15,2008-12-01,201,228,236
10,16,2009-01-01,179,219,230
10,17,2009-02-01,217,235,240
10,18,2009-03-01,171,215,227
10,19,2009-04-01,143,198,215
10,20,2009-05-01,136,195,211
10,21,2009-06-01,163,209,223
10,22,2009-07-01,221,237,241
10,23,2009-08-01,211,233,238
10,24,2009-09-01,241,245,245
10,25,2009-10-01,250,141,132
10,26,2009-11-01,246,100,93
10,27,2009-12-01,250,141,132
10,28,2010-01-01,248,137,128
10,29,2010-02-01,249,185,174
10,30,2010-03-01,244,244,243
10,31,2010-04-01,249,181,170
10,32,2010-05-01,245,236,234
10,33,2010-06-01,249,160,149
10,34,2010-07-01,194,227,235
10,35,2010-08-01,141,197,213
10,36,2010-09-01,215,234,239
10,37,2010-10-01,174,217,228
10,38,2010-11-01,246,225,219
10,39,2010-12-01,244,245,245
10,40,2011-01-01,249,202,193
10,41,2011-02-01,248,189,178
10,42,2011-03-01,226,239,242
10,43,2011-04-01,202,229,236
10,44,2011-05-01,173,216,228
10,45,2011-06-01,195,227,235
10,46,2011-07-01,164,211,224
10,47,2011-08-01,211,233,238
10,48,2011-09-01,225,239,242
10,49,2011-10-01,238,244,244
11,0,2007-09-01,228,239,241
11,1,2007-10-01,244,245,245
11,2,2007-11-01,248,196,186
11,3,2007-12-01,219,236,240
11,4,2008-01-01,248,186,175
11,5,2008-02-01,248,209,202
11,6,2008-03-01,180,220,231
11,7,2008-04-01,220,237,241
11,8,2008-05-01,172,216,227
11,9,2008-06-01,153,204,218
11,10,2008-07-01,196,228,235
11,11,2008-08-01,157,207,220
11,12,2008-09-01,201,228,236
11,13,2008-10-01,195,227,235
11,14,2008-11-01,165,210,224
11,15,2008-12-01,187,224,234
11,16,2009-01-01,154,205,219
11,17,2009-02-01,234,242,243
11,18,2009-03-01,161,208,222
11,19,2009-04-01,145,199,215
11,20,2009-05-01,152,204,218
11,21,2009-06-01,160,208,222
11,22,2009-07-01,183,222,233
11,23,2009-08-01,168,212,225
11,24,2009-09-01,247,215,209
11,25,2009-10-01,249,167,156
11,26,2009-11-01,250,139,130
11,27,2009-12-01,247,130,124
11,28,2010-01-01,221,237,241
11,29,2010-02-01,246,227,222
11,30,2010-03-01,245,235,233
11,31,2010-04-01,248,203,195
11,32,2010-05-01,217,235,240
11,33,2010-06-01,226,239,242
11,34,2010-07-01,179,220,231
11,35,2010-08-01,146,201,216
11,36,2010-09-01,171,215,227
11,37,2010-10-01,147,201,216
11,38,2010-11-01,207,231,237
11,39,2010-12-01,217,235,240
11,40,2011-01-01,240,244,244
11,41,2011-02-01,244,240,240
11,42,2011-03-01,221,236,241
11,43,2011-04-01,195,227,235
11,44,2011-05-01,160,208,222
11,45,2011-06-01,167,212,225
11,46,2011-07-01,152,204,218
11,47,2011-08-01,188,224,234
11,48,2011-09-01,180,220,232
11,49,2011-10-01,170,215,227
12,0,2007-09-01,247,215,209
12,1,2007-10-01,244,242,241
12,2,2007-11-01,248,209,202
12,3,2007-12-01,233,241,242
12,4,2008-01-01,246,226,221
12,5,2008-02-01,249,179,169
12,6,2008-03-01,181,221,232
12,7,2008-04-01,198,228,235
12,8,2008-05-01,165,210,224
12,9,2008-06-01,167,212,225
12,10,2008-07-01,205,231,237
12,11,2008-08-01,147,201,216
12,12,2008-09-01,215,234,239
12,13,2008-10-01,218,235,240
12,14,2008-11-01,199,229,236
12,15,2008-12-01,192,226,234
12,16,2009-01-01,205,231,237
12,17,2009-02-01,211,233,238
12,18,2009-03-01,158,207,221
12,19,2009-04-01,159,208,221
12,20,2009-05-01,126,189,208
12,21,2009-06-01,188,224,234
12,22,2009-07-01,205,231,237
12,23,2009-08-01,183,222,233
12,24,2009-09-01,247,210,204
12,25,2009-10-01,246,100,94
12,26,2009-11-01,246,93,83
12,27,2009-12-01,248,131,124
12,28,2010-01-01,248,200,190
12,29,2010-02-01,248,192,180
12,30,2010-03-01,248,187,176
12,31,2010-04-01,247,117,110
12,32,2010-05-01,248,189,178
12,33,2010-06-01,249,167,156
12,34,2010-07-01,156,206,220
12,35,2010-08-01,127,189,208
12,36,2010-09-01,190,225,233
12,37,2010-10-01,169,213,226
12,38,2010-11-01,246,228,224
12,39,2010-12-01,247,212,206
12,40,2011-01-01,247,218,212
12,41,2011-02-01,248,194,183
12,42,2011-03-01,211,233,238
12,43,2011-04-01,186,223,234
12,44,2011-05-01,176,218,229
12,45,2011-06-01,175,217,229
12,46,2011-07-01,159,208,221
12,47,2011-08-01,244,246,246
12,48,2011-09-01,223,237,241
12,49,2011-10-01,203,229,236
13,0,2007-09-01,230,240,242
13,1,2007-10-01,244,242,241
13,2,2007-11-01,248,196,187
13,3,2007-12-01,226,239,242
13,4,2008-01-01,247,210,204
13,5,2008-02-01,250,161,150
13,6,2008-03-01,193,226,234
13,7,2008-04-01,200,229,236
13,8,2008-05-01,167,212,225
13,9,2008-06-01,153,204,218
13,10,2008-07-01,213,234,239
13,11,2008-08-01,147,201,216
13,12,2008-09-01,205,231,237
13,13,2008-10-01,190,225,233
13,14,2008-11-01,190,225,235
13,15,2008-12-01,199,229,236
13,16,2009-01-01,193,227,234
13,17,2009-02-01,228,239,241
13,18,2009-03-01,154,205,219
13,19,2009-04-01,158,208,221
13,20,2009-05-01,141,197,213
13,21,2009-06-01,156,207,220
13,22,2009-07-01,245,238,236
13,23,2009-08-01,219,236,240
13,24,2009-09-01,248,182,170
13,25,2009-10-01,249,168,157
13,26,2009-11-01,245,82,69
13,27,2009-12-01,246,101,95
13,28,2010-01-01,247,216,210
13,29,2010-02-01,248,196,187
13,30,2010-03-01,246,223,217
13,31,2010-04-01,249,201,193
13,32,2010-05-01,248,196,187
13,33,2010-06-01,249,159,148
13,34,2010-07-01,212,234,239
13,35,2010-08-01,142,198,214
13,36,2010-09-01,184,222,233
13,37,2010-10-01,181,220,232
13,38,2010-11-01,248,200,190
13,39,2010-12-01,215,234,239
13,40,2011-01-01,249,181,170
13,41,2011-02-01,247,219,215
13,42,2011-03-01,246,230,226
13,43,2011-04-01,214,234,239
13,44,2011-05-01,186,223,234
13,45,2011-06-01,183,221,233
13,46,2011-07-01,165,211,224
13,47,2011-08-01,241,244,245
13,48,2011-09-01,218,236,240
13,49,2011-10-01,193,226,234
14,0,2007-09-01,245,234,232
14,1,2007-10-01,246,229,224
14,2,2007-11-01,249,183,171
14,3,2007-12-01,240,244,244
14,4,2008-01-01,248,187,176
14,5,2008-02-01,250,166,155
14,6,2008-03-01,156,206,220
14,7,2008-04-01,208,232,238
14,8,2008-05-01,167,212,225
14,9,2008-06-01,185,222,233
14,10,2008-07-01,190,225,233
14,11,2008-08-01,145,200,215
14,12,2008-09-01,236,243,243
14,13,2008-10-01,207,231,237
14,14,2008-11-01,198,228,235
14,15,2008-12-01,200,229,236
14,16,2009-01-01,244,240,239
14,17,2009-02-01,248,204,196
14,18,2009-03-01,169,214,226
14,19,2009-04-01,199,229,235
14,20,2009-05-01,140,196,214
14,21,2009-06-01,176,218,229
14,22,2009-07-01,248,211,204
14,23,2009-08-01,183,221,233
14,24,2009-09-01,247,124,117
14,25,2009-10-01,247,111,105
14,26,2009-11-01,244,74,59
14,27,2009-12-01,246,101,95
14,28,2010-01-01,247,123,117
14,29,2010-02-01,249,149,139
14,30,2010-03-01,249,156,147
14,31,2010-04-01,246,95,87
14,32,2010-05-01,248,200,190
14,33,2010-06-01,250,171,160
14,34,2010-07-01,184,222,233
14,35,2010-08-01,181,220,232
14,36,2010-09-01,245,235,233
14,37,2010-10-01,224,238,241
14,38,2010-11-01,248,193,182
14,39,2010-12-01,250,163,152
14,40,2011-01-01,249,151,141
14,41,2011-02-01,250,171,161
14,42,2011-03-01,248,210,203
14,43,2011-04-01,199,229,236
14,44,2011-05-01,221,237,241
14,45,2011-06-01,242,245,245
14,46,2011-07-01,191,225,234
14,47,2011-08-01,247,216,210
14,48,2011-09-01,249,168,157
14,49,2011-10-01,245,234,231
15,0,2007-09-01,231,241,242
15,1,2007-10-01,246,221,216
15,2,2007-11-01,246,223,217
15,3,2007-12-01,189,224,234
15,4,2008-01-01,247,218,214
15,5,2008-02-01,247,214,207
15,6,2008-03-01,171,216,227
15,7,2008-04-01,220,237,241
15,8,2008-05-01,195,227,235
15,9,2008-06-01,158,208,221
15,10,2008-07-01,207,231,237
15,11,2008-08-01,149,202,217
15,12,2008-09-01,209,232,238
15,13,2008-10-01,188,224,234
15,14,2008-11-01,154,205,219
15,15,2008-12-01,144,199,216
15,16,2009-01-01,157,207,220
15,17,2009-02-01,180,220,231
15,18,2009-03-01,145,200,215
15,19,2009-04-01,125,188,208
15,20,2009-05-01,122,186,206
15,21,2009-06-01,134,193,211
15,22,2009-07-01,191,225,234
15,23,2009-08-01,162,209,222
15,24,2009-09-01,246,224,218
15,25,2009-10-01,247,217,210
15,26,2009-11-01,245,103,97
15,27,2009-12-01,247,219,214
15,28,2010-01-01,242,245,245
15,29,2010-02-01,245,240,239
15,30,2010-03-01,242,245,245
15,31,2010-04-01,245,235,232
15,32,2010-05-01,236,242,243
15,33,2010-06-01,235,242,243
15,34,2010-07-01,157,207,220
15,35,2010-08-01,105,175,197
15,36,2010-09-01,161,208,222
15,37,2010-10-01,166,212,224
15,38,2010-11-01,191,225,234
15,39,2010-12-01,206,230,237
15,40,2011-01-01,199,229,236
15,41,2011-02-01,223,237,241
15,42,2011-03-01,170,215,227
15,43,2011-04-01,189,224,234
15,44,2011-05-01,160,208,222
15,45,2011-06-01,179,219,230
15,46,2011-07-01,148,202,216
15,47,2011-08-01,176,218,229
15,48,2011-09-01,179,219,230
15,49,2011-10-01,158,208,221
16,0,2007-09-01,244,246,246
16,1,2007-10-01,245,238,236
16,2,2007-11-01,246,230,226
16,3,2007-12-01,221,237,241
16,4,2008-01-01,249,174,164
16,5,2008-02-01,250,152,142
16,6,2008-03-01,175,218,229
16,7,2008-04-01,194,227,235
16,8,2008-05-01,161,208,222
16,9,2008-06-01,156,206,220
16,10,2008-07-01,221,237,241
16,11,2008-08-01,150,203,218
16,12,2008-09-01,213,234,239
16,13,2008-10-01,229,240,242
16,14,2008-11-01,202,229,236
16,15,2008-12-01,192,226,234
16,16,2009-01-01,242,245,245
16,17,2009-02-01,225,239,242
16,18,2009-03-01,169,214,226
16,19,2009-04-01,164,211,224
16,20,2009-05-01,147,201,216
16,21,2009-06-01,167,212,225
16,22,2009-07-01,245,233,229
16,23,2009-08-01,225,239,242
16,24,2009-09-01,248,208,201
16,25,2009-10-01,246,108,101
16,26,2009-11-01,244,79,66
16,27,2009-12-01,244,86,74
16,28,2010-01-01,248,200,190
16,29,2010-02-01,245,232,228
16,30,2010-03-01,250,171,161
16,31,2010-04-01,250,170,158
16,32,2010-05-01,250,171,161
16,33,2010-06-01,248,192,181
16,34,2010-07-01,178,219,230
16,35,2010-08-01,147,201,216
16,36,2010-09-01,201,230,236
16,37,2010-10-01,217,235,240
16,38,2010-11-01,233,241,242
16,39,2010-12-01,248,199,189
16,40,2011-01-01,245,233,230
16,41,2011-02-01,248,209,203
16,42,2011-03-01,247,219,214
16,43,2011-04-01,236,242,243
16,44,2011-05-01,208,232,238
16,45,2011-06-01,183,221,232
16,46,2011-07-01,180,220,232
16,47,2011-08-01,220,237,241
16,48,2011-09-01,234,242,243
16,49,2011-10-01,195,227,235
17,0,2007-09-01,243,245,246
17,1,2007-10-01,248,188,177
17,2,2007-11-01,248,206,199
17,3,2007-12-01,245,239,237
17,4,2008-01-01,244,246,246
17,5,2008-02-01,248,197,187
17,6,2008-03-01,194,227,235
17,7,2008-04-01,219,236,240
17,8,2008-05-01,163,209,223
17,9,2008-06-01,157,207,220
17,10,2008-07-01,198,228,235
17,11,2008-08-01,148,202,216
17,12,2008-09-01,189,224,234
17,13,2008-10-01,167,212,225
17,14,2008-11-01,155,205,219
17,15,2008-12-01,180,220,231
17,16,2009-01-01,163,209,223
17,17,2009-02-01,191,225,234
17,18,2009-03-01,122,186,206
17,19,2009-04-01,145,200,215
17,20,2009-05-01,115,180,202
17,21,2009-06-01,143,199,214
17,22,2009-07-01,159,208,221
17,23,2009-08-01,166,212,224
17,24,2009-09-01,215,234,239
17,25,2009-10-01,247,220,215
17,26,2009-11-01,249,148,137
17,27,2009-12-01,250,169,159
17,28,2010-01-01,246,227,223
17,29,2010-02-01,238,243,244
17,30,2010-03-01,231,241,242
17,31,2010-04-01,247,219,214
17,32,2010-05-01,188,224,234
17,33,2010-06-01,229,239,242
17,34,2010-07-01,170,215,227
17,35,2010-08-01,118,183,203
17,36,2010-09-01,154,205,219
17,37,2010-10-01,143,198,215
17,38,2010-11-01,189,224,234
17,39,2010-12-01,188,224,234
17,40,2011-01-01,209,232,238
17,41,2011-02-01,245,232,228
17,42,2011-03-01,214,233,239
17,43,2011-04-01,179,219,230
17,44,2011-05-01,151,203,218
17,45,2011-06-01,160,208,222
17,46,2011-07-01,154,205,219
17,47,2011-08-01,167,213,225
17,48,2011-09-01,176,218,229
17,49,2011-10-01,165,211,224
18,0,2007-09-01,248,210,203
18,1,2007-10-01,247,212,206
18,2,2007-11-01,249,185,174
18,3,2007-12-01,207,231,237
18,4,2008-01-01,245,231,228
18,5,2008-02-01,248,196,186
18,6,2008-03-01,198,228,235
18,7,2008-04-01,202,229,236
18,8,2008-05-01,163,210,223
18,9,2008-06-01,153,204,218
18,10,2008-07-01,194,227,234
18,11,2008-08-01,143,199,214
18,12,2008-09-01,187,223,234
18,13,2008-10-01,228,239,241
18,14,2008-11-01,186,223,233
18,15,2008-12-01,164,211,224
18,16,2009-01-01,183,221,232
18,17,2009-02-01,194,227,235
18,18,2009-03-01,138,195,213
18,19,2009-04-01,136,194,212
18,20,2009-05-01,126,189,208
18,21,2009-06-01,150,203,218
18,22,2009-07-01,191,225,234
18,23,2009-08-01,150,203,217
18,24,2009-09-01,224,238,241
18,25,2009-10-01,243,246,246
18,26,2009-11-01,246,100,94
18,27,2009-12-01,249,150,140
18,28,2010-01-01,205,231,237
18,29,2010-02-01,217,235,240
18,30,2010-03-01,226,239,242
18,31,2010-04-01,248,209,202
18,32,2010-05-01,216,235,240
18,33,2010-06-01,248,189,178
18,34,2010-07-01,136,195,211
18,35,2010-08-01,113,179,201
18,36,2010-09-01,149,202,217
18,37,2010-10-01,146,200,215
18,38,2010-11-01,177,218,229
18,39,2010-12-01,226,239,242
18,40,2011-01-01,218,235,240
18,41,2011-02-01,205,230,237
18,42,2011-03-01,174,217,228
18,43,2011-04-01,171,215,227
18,44,2011-05-01,137,195,211
18,45,2011-06-01,122,186,206
18,46,2011-07-01,131,192,210
18,47,2011-08-01,159,208,221
18,48,2011-09-01,167,212,225
18,49,2011-10-01,157,207,220
19,0,2007-09-01,242,245,246
19,1,2007-10-01,245,238,236
19,2,2007-11-01,248,187,176
19,3,2007-12-01,245,239,238
19,4,2008-01-01,246,225,220
19,5,2008-02-01,247,220,216
19,6,2008-03-01,160,208,222
19,7,2008-04-01,183,221,233
19,8,2008-05-01,152,204,218
19,9,2008-06-01,157,207,220
19,10,2008-07-01,227,239,241
19,11,2008-08-01,150,203,217
19,12,2008-09-01,212,233,239
19,13,2008-10-01,200,229,236
19,14,2008-11-01,170,215,227
19,15,2008-12-01,171,216,227
19,16,2009-01-01,174,217,228
19,17,2009-02-01,210,232,238
19,18,2009-03-01,131,192,210
19,19,2009-04-01,148,201,216
19,20,2009-05-01,121,186,206
19,21,2009-06-01,171,216,227
19,22,2009-07-01,235,242,243
19,23,2009-08-01,158,208,221
19,24,2009-09-01,246,230,226
19,25,2009-10-01,248,208,201
19,26,2009-11-01,250,141,132
19,27,2009-12-01,246,106,100
19,28,2010-01-01,247,217,210
19,29,2010-02-01,248,198,188
19,30,2010-03-01,245,235,232
19,31,2010-04-01,249,179,169
19,32,2010-05-01,246,223,217
19,33,2010-06-01,247,218,212
19,34,2010-07-01,161,209,222
19,35,2010-08-01,150,203,218
19,36,2010-09-01,191,225,234
19,37,2010-10-01,173,216,228
19,38,2010-11-01,210,233,238
19,39,2010-12-01,244,246,246
19,40,2011-01-01,248,192,181
19,41,2011-02-01,248,200,192
19,42,2011-03-01,198,228,235
19,43,2011-04-01,198,228,235
19,44,2011-05-01,169,213,226
19,45,2011-06-01,164,210,223
19,46,2011-07-01,149,202,217
19,47,2011-08-01,194,227,234
19,48,2011-09-01,203,230,236
19,49,2011-10-01,201,230,236
20,0,2007-09-01,208,232,238
20,1,2007-10-01,230,240,242
20,2,2007-11-01,234,241,243
20,3,2007-12-01,244,240,240
20,4,2008-01-01,247,220,216
20,5,2008-02-01,249,159,148
20,6,2008-03-01,189,224,234
20,7,2008-04-01,210,233,238
20,8,2008-05-01,155,206,219
20,9,2008-06-01,161,209,222
20,10,2008-07-01,218,236,240
20,11,2008-08-01,150,203,217
20,12,2008-09-01,208,232,238
20,13,2008-10-01,170,215,227
20,14,2008-11-01,156,206,220
20,15,2008-12-01,165,210,224
20,16,2009-01-01,185,222,233
20,17,2009-02-01,178,219,230
20,18,2009-03-01,146,201,216
20,19,2009-04-01,143,198,215
20,20,2009-05-01,110,178,199
20,21,2009-06-01,141,197,213
20,22,2009-07-01,190,225,233
20,23,2009-08-01,142,198,213
20,24,2009-09-01,193,226,234
20,25,2009-10-01,236,243,243
20,26,2009-11-01,249,169,159
20,27,2009-12-01,241,245,245
20,28,2010-01-01,209,232,238
20,29,2010-02-01,245,238,236
20,30,2010-03-01,189,224,234
20,31,2010-04-01,222,238,241
20,32,2010-05-01,202,229,236
20,33,2010-06-01,198,228,235
20,34,2010-07-01,126,189,208
20,35,2010-08-01,36,123,162
20,36,2010-09-01,154,205,219
20,37,2010-10-01,152,204,218
20,38,2010-11-01,164,211,224
20,39,2010-12-01,212,233,238
20,40,2011-01-01,187,224,234
20,41,2011-02-01,208,232,237
20,42,2011-03-01,169,214,226
20,43,2011-04-01,152,204,218
20,44,2011-05-01,142,198,214
20,45,2011-06-01,141,197,213
20,46,2011-07-01,129,190,209
20,47,2011-08-01,145,200,215
20,48,2011-09-01,195,227,235
20,49,2011-10-01,160,208,222
21,0,2007-09-01,247,217,211
21,1,2007-10-01,249,169,159
21,2,2007-11-01,249,157,147
21,3,2007-12-01,214,233,239
21,4,2008-01-01,247,211,205
21,5,2008-02-01,249,168,157
21,6,2008-03-01,174,216,228
21,7,2008-04-01,198,228,235
21,8,2008-05-01,165,211,224
21,9,2008-06-01,147,201,216
21,10,2008-07-01,202,229,236
21,11,2008-08-01,164,210,223
21,12,2008-09-01,214,234,239
21,13,2008-10-01,208,232,238
21,14,2008-11-01,180,220,232
21,15,2008-12-01,198,228,235
21,16,2009-01-01,211,233,238
21,17,2009-02-01,241,245,245
21,18,2009-03-01,164,211,224
21,19,2009-04-01,168,212,225
21,20,2009-05-01,156,207,220
21,21,2009-06-01,169,213,225
21,22,2009-07-01,243,246,246
21,23,2009-08-01,179,219,230
21,24,2009-09-01,248,191,180
21,25,2009-10-01,248,129,121
21,26,2009-11-01,247,111,105
21,27,2009-12-01,246,120,113
21,28,2010-01-01,248,189,178
21,29,2010-02-01,250,141,132
21,30,2010-03-01,248,188,177
21,31,2010-04-01,249,178,168
21,32,2010-05-01,245,234,231
21,33,2010-06-01,249,156,147
21,34,2010-07-01,183,221,232
21,35,2010-08-01,157,207,220
21,36,2010-09-01,205,231,237
21,37,2010-10-01,186,223,233
21,38,2010-11-01,246,230,226
21,39,2010-12-01,246,230,226
21,40,2011-01-01,249,185,174
21,41,2011-02-01,248,196,186
21,42,2011-03-01,230,240,242
21,43,2011-04-01,214,234,239
21,44,2011-05-01,183,222,233
21,45,2011-06-01,155,206,219
21,46,2011-07-01,170,215,227
21,47,2011-08-01,237,243,243
21,48,2011-09-01,216,235,240
21,49,2011-10-01,205,230,237
22,0,2007-09-01,245,233,230
22,1,2007-10-01,248,194,183
22,2,2007-11-01,250,173,163
22,3,2007-12-01,230,240,242
22,4,2008-01-01,248,209,203
22,5,2008-02-01,248,203,194
22,6,2008-03-01,169,213,226
22,7,2008-04-01,217,235,240
22,8,2008-05-01,169,214,226
22,9,2008-06-01,161,208,222
22,10,2008-07-01,186,223,234
22,11,2008-08-01,175,217,229
22,12,2008-09-01,221,237,241
22,13,2008-10-01,229,240,242
22,14,2008-11-01,181,221,232
22,15,2008-12-01,195,227,235
22,16,2009-01-01,179,219,230
22,17,2009-02-01,218,236,240
22,18,2009-03-01,167,213,225
22,19,2009-04-01,156,207,220
22,20,2009-05-01,141,197,213
22,21,2009-06-01,175,217,228
22,22,2009-07-01,248,200,190
22,23,2009-08-01,208,232,238
22,24,2009-09-01,249,202,193
22,25,2009-10-01,250,172,162
22,26,2009-11-01,244,82,70
22,27,2009-12-01,244,83,70
22,28,2010-01-01,247,217,211
22,29,2010-02-01,248,204,196
22,30,2010-03-01,245,234,231
22,31,2010-04-01,250,165,154
22,32,2010-05-01,248,191,180
22,33,2010-06-01,248,136,128
22,34,2010-07-01,174,217,228
22,35,2010-08-01,142,198,214
22,36,2010-09-01,200,229,236
22,37,2010-10-01,229,240,242
22,38,2010-11-01,248,193,182
22,39,2010-12-01,248,199,188
22,40,2011-01-01,249,177,167
22,41,2011-02-01,248,193,182
22,42,2011-03-01,242,245,246
22,43,2011-04-01,238,243,244
22,44,2011-05-01,206,230,237
22,45,2011-06-01,200,229,236
22,46,2011-07-01,183,221,233
22,47,2011-08-01,232,240,242
22,48,2011-09-01,246,223,217
22,49,2011-10-01,219,236,240
23,0,2007-09-01,244,240,239
23,1,2007-10-01,246,229,225
23,2,2007-11-01,249,177,166
23,3,2007-12-01,201,230,236
23,4,2008-01-01,241,245,245
23,5,2008-02-01,248,206,199
23,6,2008-03-01,213,234,239
23,7,2008-04-01,217,235,240
23,8,2008-05-01,174,217,228
23,9,2008-06-01,169,214,226
23,10,2008-07-01,195,227,235
23,11,2008-08-01,162,209,222
23,12,2008-09-01,177,218,229
23,13,2008-10-01,173,216,228
23,14,2008-11-01,155,205,219
23,15,2008-12-01,157,207,220
23,16,2009-01-01,176,218,229
23,17,2009-02-01,193,226,234
23,18,2009-03-01,154,205,219
23,19,2009-04-01,144,199,214
23,20,2009-05-01,121,186,206
23,21,2009-06-01,136,195,211
23,22,2009-07-01,224,238,241
23,23,2009-08-01,160,208,222
23,24,2009-09-01,221,237,241
23,25,2009-10-01,246,227,223
23,26,2009-11-01,248,128,121
23,27,2009-12-01,248,206,198
23,28,2010-01-01,220,237,241
23,29,2010-02-01,225,238,242
23,30,2010-03-01,245,231,228
23,31,2010-04-01,244,244,243
23,32,2010-05-01,214,233,239
23,33,2010-06-01,228,239,241
23,34,2010-07-01,134,193,211
23,35,2010-08-01,121,186,206
23,36,2010-09-01,161,208,222
23,37,2010-10-01,144,199,216
23,38,2010-11-01,176,218,229
23,39,2010-12-01,212,233,238
23,40,2011-01-01,221,236,241
23,41,2011-02-01,219,236,240
23,42,2011-03-01,180,220,232
23,43,2011-04-01,192,226,234
23,44,2011-05-01,123,187,207
23,45,2011-06-01,143,198,215
23,46,2011-07-01,148,202,216
23,47,2011-08-01,172,216,227
23,48,2011-09-01,171,215,227
23,49,2011-10-01,171,215,227
24,0,2007-09-01,247,215,209
24,1,2007-10-01,248,206,198
24,2,2007-11-01,249,183,172
24,3,2007-12-01,220,237,241
24,4,2008-01-01,249,178,168
24,5,2008-02-01,250,166,155
24,6,2008-03-01,194,227,234
24,7,2008-04-01,210,233,238
24,8,2008-05-01,167,212,225
24,9,2008-06-01,198,228,235
24,10,2008-07-01,218,235,240
24,11,2008-08-01,151,203,218
24,12,2008-09-01,216,234,240
24,13,2008-10-01,215,234,239
24,14,2008-11-01,161,208,222
24,15,2008-12-01,181,221,232
24,16,2009-01-01,213,234,239
24,17,2009-02-01,181,221,232
24,18,2009-03-01,169,214,226
24,19,2009-04-01,169,214,226
24,20,2009-05-01,132,192,210
24,21,2009-06-01,154,205,219
24,22,2009-07-01,202,229,236
24,23,2009-08-01,226,239,242
24,24,2009-09-01,246,223,217
24,25,2009-10-01,249,151,142
24,26,2009-11-01,245,89,78
24,27,2009-12-01,250,156,146
24,28,2010-01-01,246,227,222
24,29,2010-02-01,248,209,203
24,30,2010-03-01,248,195,184
24,31,2010-04-01,248,182,171
24,32,2010-05-01,250,171,161
24,33,2010-06-01,246,229,225
24,34,2010-07-01,174,217,228
24,35,2010-08-01,131,192,210
24,36,2010-09-01,190,225,233
24,37,2010-10-01,164,211,224
24,38,2010-11-01,226,239,242
24,39,2010-12-01,221,236,241
24,40,2011-01-01,247,215,209
24,41,2011-02-01,228,239,241
24,42,2011-03-01,203,230,237
24,43,2011-04-01,205,231,237
24,44,2011-05-01,157,207,220
24,45,2011-06-01,157,207,220
24,46,2011-07-01,171,215,227
24,47,2011-08-01,201,230,236
24,48,2011-09-01,224,238,241
24,49,2011-10-01,202,229,236
25,0,2007-09-01,249,202,194
25,1,2007-10-01,245,232,228
25,2,2007-11-01,248,205,198
25,3,2007-12-01,240,244,244
25,4,2008-01-01,248,188,177
25,5,2008-02-01,248,190,179
25,6,2008-03-01,243,246,246
25,7,2008-04-01,244,244,244
25,8,2008-05-01,208,232,238
25,9,2008-06-01,199,228,235
25,10,2008-07-01,205,230,237
25,11,2008-08-01,157,207,220
25,12,2008-09-01,217,235,240
25,13,2008-10-01,208,232,238
25,14,2008-11-01,184,222,233
25,15,2008-12-01,196,228,235
25,16,2009-01-01,202,229,236
25,17,2009-02-01,226,239,242
25,18,2009-03-01,158,208,221
25,19,2009-04-01,183,221,233
25,20,2009-05-01,144,199,214
25,21,2009-06-01,164,210,223
25,22,2009-07-01,246,221,216
25,23,2009-08-01,174,216,228
25,24,2009-09-01,246,223,217
25,25,2009-10-01,248,190,179
25,26,2009-11-01,246,93,83
25,27,2009-12-01,247,119,112
25,28,2010-01-01,250,172,162
25,29,2010-02-01,247,214,207
25,30,2010-03-01,248,189,178
25,31,2010-04-01,248,182,171
25,32,2010-05-01,242,245,245
25,33,2010-06-01,248,194,182
25,34,2010-07-01,157,207,220
25,35,2010-08-01,139,196,212
25,36,2010-09-01,174,217,228
25,37,2010-10-01,179,220,231
25,38,2010-11-01,241,245,245
25,39,2010-12-01,247,210,204
25,40,2011-01-01,246,225,220
25,41,2011-02-01,248,198,188
25,42,2011-03-01,221,237,241
25,43,2011-04-01,227,239,241
25,44,2011-05-01,180,220,231
25,45,2011-06-01,186,223,234
25,46,2011-07-01,165,211,224
25,47,2011-08-01,216,234,239
25,48,2011-09-01,246,230,226
25,49,2011-10-01,211,233,238
26,0,2007-09-01,246,228,223
26,1,2007-10-01,247,217,211
26,2,2007-11-01,249,179,169
26,3,2007-12-01,243,246,246
26,4,2008-01-01,247,216,210
26,5,2008-02-01,246,225,220
26,6,2008-03-01,194,227,234
26,7,2008-04-01,228,239,241
26,8,2008-05-01,236,243,243
26,9,2008-06-01,158,208,221
26,10,2008-07-01,209,232,238
26,11,2008-08-01,167,212,225
26,12,2008-09-01,201,228,236
26,13,2008-10-01,207,231,237
26,14,2008-11-01,163,209,223
26,15,2008-12-01,169,213,225
26,16,2009-01-01,169,214,226
26,17,2009-02-01,203,230,237
26,18,2009-03-01,134,193,211
26,19,2009-04-01,142,198,214
26,20,2009-05-01,132,192,210
26,21,2009-06-01,161,208,222
26,22,2009-07-01,187,223,234
26,23,2009-08-01,156,206,220
26,24,2009-09-01,245,233,230
26,25,2009-10-01,250,173,163
26,26,2009-11-01,247,124,117
26,27,2009-12-01,248,188,177
26,28,2010-01-01,246,226,221
26,29,2010-02-01,246,225,219
26,30,2010-03-01,246,229,224
26,31,2010-04-01,248,190,179
26,32,2010-05-01,238,244,244
26,33,2010-06-01,245,234,231
26,34,2010-07-01,142,198,214
26,35,2010-08-01,130,191,210
26,36,2010-09-01,164,210,223
26,37,2010-10-01,164,210,223
26,38,2010-11-01,240,244,244
26,39,2010-12-01,207,231,237
26,40,2011-01-01,245,237,234
26,41,2011-02-01,246,225,220
26,42,2011-03-01,179,219,230
26,43,2011-04-01,173,216,228
26,44,2011-05-01,171,215,227
26,45,2011-06-01,154,205,219
26,46,2011-07-01,158,207,221
26,47,2011-08-01,183,221,232
26,48,2011-09-01,212,233,238
26,49,2011-10-01,170,215,227
27,0,2007-09-01,230,240,242
27,1,2007-10-01,249,185,174
27,2,2007-11-01,248,205,197
27,3,2007-12-01,232,240,242
27,4,2008-01-01,248,203,194
27,5,2008-02-01,249,202,193
27,6,2008-03-01,184,222,233
27,7,2008-04-01,189,224,234
27,8,2008-05-01,171,215,227
27,9,2008-06-01,169,214,226
27,10,2008-07-01,183,222,233
27,11,2008-08-01,141,197,213
27,12,2008-09-01,201,230,236
27,13,2008-10-01,201,230,236
27,14,2008-11-01,176,218,229
27,15,2008-12-01,169,214,226
27,16,2009-01-01,189,224,234
27,17,2009-02-01,236,242,243
27,18,2009-03-01,150,203,217
27,19,2009-04-01,155,205,219
27,20,2009-05-01,115,182,202
27,21,2009-06-01,160,208,222
27,22,2009-07-01,228,239,242
27,23,2009-08-01,180,220,232
27,24,2009-09-01,247,215,209
27,25,2009-10-01,250,173,163
27,26,2009-11-01,247,118,111
27,27,2009-12-01,249,169,157
27,28,2010-01-01,244,246,246
27,29,2010-02-01,246,227,223
27,30,2010-03-01,248,207,200
27,31,2010-04-01,245,238,237
27,32,2010-05-01,226,239,242
27,33,2010-06-01,240,244,244
27,34,2010-07-01,150,203,217
27,35,2010-08-01,120,184,205
27,36,2010-09-01,175,217,229
27,37,2010-10-01,175,217,228
27,38,2010-11-01,245,233,230
27,39,2010-12-01,229,240,242
27,40,2011-01-01,246,228,224
27,41,2011-02-01,230,240,242
27,42,2011-03-01,187,223,234
27,43,2011-04-01,193,226,234
27,44,2011-05-01,188,224,234
27,45,2011-06-01,195,227,235
27,46,2011-07-01,150,203,217
27,47,2011-08-01,208,232,238
27,48,2011-09-01,176,218,229
27,49,2011-10-01,198,228,235
28,0,2007-09-01,246,225,220
28,1,2007-10-01,247,217,211
28,2,2007-11-01,249,177,166
28,3,2007-12-01,222,238,241
28,4,2008-01-01,248,206,198
28,5,2008-02-01,249,179,169
28,6,2008-03-01,202,229,236
28,7,2008-04-01,234,241,243
28,8,2008-05-01,171,215,227
28,9,2008-06-01,158,208,221
28,10,2008-07-01,183,222,233
28,11,2008-08-01,154,205,219
28,12,2008-09-01,196,228,235
28,13,2008-10-01,192,226,234
28,14,2008-11-01,169,213,225
28,15,2008-12-01,169,214,226
28,16,2009-01-01,169,213,226
28,17,2009-02-01,215,234,239
28,18,2009-03-01,137,195,211
28,19,2009-04-01,148,202,216
28,20,2009-05-01,112,178,200
28,21,2009-06-01,159,208,221
28,22,2009-07-01,208,231,237
28,23,2009-08-01,194,227,234
28,24,2009-09-01,216,234,240
28,25,2009-10-01,250,152,142
28,26,2009-11-01,250,141,132
28,27,2009-12-01,246,100,93
28,28,2010-01-01,248,193,182
28,29,2010-02-01,248,191,180
28,30,2010-03-01,250,171,161
28,31,2010-04-01,250,166,155
28,32,2010-05-01,244,246,246
28,33,2010-06-01,245,231,228
28,34,2010-07-01,186,223,234
28,35,2010-08-01,127,189,208
28,36,2010-09-01,201,230,236
28,37,2010-10-01,150,203,218
28,38,2010-11-01,201,230,236
28,39,2010-12-01,233,241,242
28,40,2011-01-01,245,232,229
28,41,2011-02-01,246,229,224
28,42,2011-03-01,218,236,240
28,43,2011-04-01,185,222,233
28,44,2011-05-01,147,201,216
28,45,2011-06-01,168,212,225
28,46,2011-07-01,155,206,219
28,47,2011-08-01,200,229,236
28,48,2011-09-01,199,229,235
28,49,2011-10-01,180,220,232
29,0,2007-09-01,246,221,216
29,1,2007-10-01,248,203,195
29,2,2007-11-01,250,173,163
29,3,2007-12-01,235,242,243
29,4,2008-01-01,248,192,181
29,5,2008-02-01,250,163,152
29,6,2008-03-01,186,223,234
29,7,2008-04-01,203,230,236
29,8,2008-05-01,174,217,228
29,9,2008-06-01,156,206,220
29,10,2008-07-01,198,228,235
29,11,2008-08-01,167,213,225
29,12,2008-09-01,243,245,246
29,13,2008-10-01,215,234,239
29,14,2008-11-01,168,212,225
29,15,2008-12-01,189,224,234
29,16,2009-01-01,193,226,234
29,17,2009-02-01,211,233,238
29,18,2009-03-01,136,194,212
29,19,2009-04-01,146,200,215
29,20,2009-05-01,105,175,197
29,21,2009-06-01,143,199,214
29,22,2009-07-01,193,226,234
29,23,2009-08-01,149,202,217
29,24,2009-09-01,244,245,245
29,25,2009-10-01,249,157,147
29,26,2009-11-01,248,128,120
29,27,2009-12-01,246,115,107
29,28,2010-01-01,245,239,238
29,29,2010-02-01,248,186,175
29,30,2010-03-01,246,230,226
29,31,2010-04-01,248,195,184
29,32,2010-05-01,233,241,242
29,33,2010-06-01,240,244,244
29,34,2010-07-01,150,203,217
29,35,2010-08-01,134,193,211
29,36,2010-09-01,185,222,233
29,37,2010-10-01,196,228,235
29,38,2010-11-01,230,240,242
29,39,2010-12-01,244,240,240
29,40,2011-01-01,246,226,221
29,41,2011-02-01,247,219,215
29,42,2011-03-01,212,233,238
29,43,2011-04-01,183,222,233
29,44,2011-05-01,169,214,226
29,45,2011-06-01,194,227,234
29,46,2011-07-01,167,212,225
29,47,2011-08-01,183,221,232
29,48,2011-09-01,234,242,243
29,49,2011-10-01,209,232,238
30,0,2007-09-01,227,239,242
30,1,2007-10-01,233,241,243
30,2,2007-11-01,248,191,180
30,3,2007-12-01,225,239,242
30,4,2008-01-01,248,201,191
30,5,2008-02-01,249,185,174
30,6,2008-03-01,200,229,236
30,7,2008-04-01,214,234,239
30,8,2008-05-01,159,208,221
30,9,2008-06-01,151,203,218
30,10,2008-07-01,181,221,232
30,11,2008-08-01,152,204,218
30,12,2008-09-01,203,230,237
30,13,2008-10-01,177,218,229
30,14,2008-11-01,164,210,223
30,15,2008-12-01,193,226,234
30,16,2009-01-01,183,221,233
30,17,2009-02-01,208,232,237
30,18,2009-03-01,135,194,212
30,19,2009-04-01,154,205,219
30,20,2009-05-01,144,199,216
30,21,2009-06-01,163,209,223
30,22,2009-07-01,181,221,232
30,23,2009-08-01,168,212,225
30,24,2009-09-01,234,242,243
30,25,2009-10-01,250,170,160
30,26,2009-11-01,246,106,99
30,27,2009-12-01,250,140,131
30,28,2010-01-01,230,240,242
30,29,2010-02-01,242,245,245
30,30,2010-03-01,216,235,240
30,31,2010-04-01,218,236,240
30,32,2010-05-01,234,241,243
30,33,2010-06-01,245,232,228
30,34,2010-07-01,156,206,220
30,35,2010-08-01,49,133,170
30,36,2010-09-01,179,219,230
30,37,2010-10-01,167,212,225
30,38,2010-11-01,226,239,242
30,39,2010-12-01,205,230,237
30,40,2011-01-01,247,212,206
30,41,2011-02-01,195,227,235
30,42,2011-03-01,199,229,235
30,43,2011-04-01,186,223,234
30,44,2011-05-01,150,203,218
30,45,2011-06-01,148,202,216
30,46,2011-07-01,158,208,221
30,47,2011-08-01,164,211,224
30,48,2011-09-01,180,220,231
30,49,2011-10-01,217,235,240
31,0,2007-09-01,244,244,243
31,1,2007-10-01,248,198,188
31,2,2007-11-01,250,166,155
31,3,2007-12-01,216,234,239
31,4,2008-01-01,248,186,175
31,5,2008-02-01,249,179,168
31,6,2008-03-01,184,222,233
31,7,2008-04-01,232,240,242
31,8,2008-05-01,191,225,234
31,9,2008-06-01,198,228,235
31,10,2008-07-01,213,234,239
31,11,2008-08-01,161,209,222
31,12,2008-09-01,189,224,234
31,13,2008-10-01,205,231,237
31,14,2008-11-01,191,225,234
31,15,2008-12-01,165,211,224
31,16,2009-01-01,237,243,243
31,17,2009-02-01,207,231,237
31,18,2009-03-01,149,202,217
31,19,2009-04-01,158,208,221
31,20,2009-05-01,126,189,208
31,21,2009-06-01,160,208,222
31,22,2009-07-01,242,245,246
31,23,2009-08-01,171,215,227
31,24,2009-09-01,224,238,241
31,25,2009-10-01,249,174,164
31,26,2009-11-01,246,108,101
31,27,2009-12-01,250,156,146
31,28,2010-01-01,246,224,218
31,29,2010-02-01,246,221,216
31,30,2010-03-01,248,198,188
31,31,2010-04-01,246,229,225
31,32,2010-05-01,216,234,240
31,33,2010-06-01,243,246,246
31,34,2010-07-01,136,194,212
31,35,2010-08-01,127,189,208
31,36,2010-09-01,156,206,220
31,37,2010-10-01,167,213,225
31,38,2010-11-01,235,242,243
31,39,2010-12-01,232,240,242
31,40,2011-01-01,246,231,227
31,41,2011-02-01,247,218,213
31,42,2011-03-01,186,223,234
31,43,2011-04-01,163,209,223
31,44,2011-05-01,164,211,224
31,45,2011-06-01,164,211,224
31,46,2011-07-01,155,206,220
31,47,2011-08-01,169,214,226
31,48,2011-09-01,221,237,241
31,49,2011-10-01,181,221,232
32,0,2007-09-01,247,212,206
32,1,2007-10-01,244,243,242
32,2,2007-11-01,248,195,186
32,3,2007-12-01,216,234,239
32,4,2008-01-01,246,223,217
32,5,2008-02-01,248,192,181
32,6,2008-03-01,173,216,228
32,7,2008-04-01,209,232,238
32,8,2008-05-01,149,202,217
32,9,2008-06-01,169,214,226
32,10,2008-07-01,199,229,236
32,11,2008-08-01,145,200,215
32,12,2008-09-01,210,233,238
32,13,2008-10-01,171,215,227
32,14,2008-11-01,171,215,227
32,15,2008-12-01,181,221,232
32,16,2009-01-01,217,235,240
32,17,2009-02-01,212,234,239
32,18,2009-03-01,151,203,218
32,19,2009-04-01,160,208,222
32,20,2009-05-01,118,183,203
32,21,2009-06-01,145,200,215
32,22,2009-07-01,199,229,236
32,23,2009-08-01,186,223,233
32,24,2009-09-01,248,208,201
32,25,2009-10-01,249,151,142
32,26,2009-11-01,245,104,98
32,27,2009-12-01,246,115,107
32,28,2010-01-01,250,172,162
32,29,2010-02-01,249,157,147
32,30,2010-03-01,247,218,213
32,31,2010-04-01,249,183,172
32,32,2010-05-01,210,233,238
32,33,2010-06-01,240,244,244
32,34,2010-07-01,177,218,229
32,35,2010-08-01,164,210,223
32,36,2010-09-01,176,218,229
32,37,2010-10-01,171,215,227
32,38,2010-11-01,247,220,216
32,39,2010-12-01,248,186,175
32,40,2011-01-01,248,188,177
32,41,2011-02-01,248,189,178
32,42,2011-03-01,219,236,240
32,43,2011-04-01,219,236,240
32,44,2011-05-01,184,222,233
32,45,2011-06-01,179,220,231
32,46,2011-07-01,181,221,232
32,47,2011-08-01,212,234,239
32,48,2011-09-01,248,207,200
32,49,2011-10-01,241,245,245
33,0,2007-09-01,248,198,188
33,1,2007-10-01,245,238,237
33,2,2007-11-01,248,204,196
33,3,2007-12-01,244,242,240
33,4,2008-01-01,247,214,208
33,5,2008-02-01,248,193,182
33,6,2008-03-01,205,230,237
33,7,2008-04-01,226,239,242
33,8,2008-05-01,157,207,220
33,9,2008-06-01,164,210,223
33,10,2008-07-01,202,229,236
33,11,2008-08-01,142,197,214
33,12,2008-09-01,228,239,241
33,13,2008-10-01,192,226,234
33,14,2008-11-01,154,205,219
33,15,2008-12-01,169,214,226
33,16,2009-01-01,180,220,232
33,17,2009-02-01,205,231,237
33,18,2009-03-01,142,198,214
33,19,2009-04-01,156,206,220
33,20,2009-05-01,145,200,215
33,21,2009-06-01,137,195,213
33,22,2009-07-01,213,234,239
33,23,2009-08-01,168,212,225
33,24,2009-09-01,248,196,187
33,25,2009-10-01,248,194,183
33,26,2009-11-01,245,96,88
33,27,2009-12-01,248,129,121
33,28,2010-01-01,246,221,216
33,29,2010-02-01,246,224,219
33,30,2010-03-01,248,209,203
33,31,2010-04-01,249,181,170
33,32,2010-05-01,245,236,234
33,33,2010-06-01,248,207,199
33,34,2010-07-01,186,223,234
33,35,2010-08-01,135,194,212
33,36,2010-09-01,202,229,236
33,37,2010-10-01,146,200,215
33,38,2010-11-01,235,242,243
33,39,2010-12-01,208,232,237
33,40,2011-01-01,245,235,233
33,41,2011-02-01,245,232,229
33,42,2011-03-01,181,220,232
33,43,2011-04-01,207,231,237
33,44,2011-05-01,180,220,232
33,45,2011-06-01,181,221,232
33,46,2011-07-01,168,212,225
33,47,2011-08-01,202,229,236
33,48,2011-09-01,226,239,242
33,49,2011-10-01,212,233,238
34,0,2007-09-01,218,236,240
34,1,2007-10-01,228,239,241
34,2,2007-11-01,249,184,173
34,3,2007-12-01,236,242,243
34,4,2008-01-01,248,207,200
34,5,2008-02-01,250,155,145
34,6,2008-03-01,202,229,236
34,7,2008-04-01,246,230,226
34,8,2008-05-01,220,237,241
34,9,2008-06-01,173,216,228
34,10,2008-07-01,234,241,243
34,11,2008-08-01,174,216,228
34,12,2008-09-01,225,238,242
34,13,2008-10-01,235,242,243
34,14,2008-11-01,189,224,234
34,15,2008-12-01,196,228,235
34,16,2009-01-01,218,235,240
34,17,2009-02-01,243,245,246
34,18,2009-03-01,170,215,227
34,19,2009-04-01,169,214,226
34,20,2009-05-01,144,199,214
34,21,2009-06-01,186,223,234
34,22,2009-07-01,209,232,238
34,23,2009-08-01,221,236,241
34,24,2009-09-01,248,206,199
34,25,2009-10-01,247,130,122
34,26,2009-11-01,246,95,87
34,27,2009-12-01,247,119,111
34,28,2010-01-01,249,179,169
34,29,2010-02-01,248,187,175
34,30,2010-03-01,248,188,177
34,31,2010-04-01,249,178,168
34,32,2010-05-01,250,154,144
34,33,2010-06-01,248,182,171
34,34,2010-07-01,175,217,229
34,35,2010-08-01,142,198,213
34,36,2010-09-01,214,234,239
34,37,2010-10-01,180,220,232
34,38,2010-11-01,245,234,232
34,39,2010-12-01,246,226,220
34,40,2011-01-01,247,218,212
34,41,2011-02-01,247,214,207
34,42,2011-03-01,198,228,235
34,43,2011-04-01,219,236,240
34,44,2011-05-01,165,211,224
34,45,2011-06-01,175,217,229
34,46,2011-07-01,161,209,222
34,47,2011-08-01,208,231,237
34,48,2011-09-01,215,234,239
34,49,2011-10-01,192,226,234
35,0,2007-09-01,218,235,240
35,1,2007-10-01,246,225,220
35,2,2007-11-01,249,178,167
35,3,2007-12-01,240,244,244
35,4,2008-01-01,245,231,228
35,5,2008-02-01,247,216,210
35,6,2008-03-01,187,224,234
35,7,2008-04-01,196,228,235
35,8,2008-05-01,191,225,234
35,9,2008-06-01,160,208,222
35,10,2008-07-01,189,224,234
35,11,2008-08-01,143,199,214
35,12,2008-09-01,200,229,236
35,13,2008-10-01,185,223,233
35,14,2008-11-01,165,212,224
35,15,2008-12-01,194,227,234
35,16,2009-01-01,178,219,230
35,17,2009-02-01,207,231,237
35,18,2009-03-01,154,205,219
35,19,2009-04-01,143,199,214
35,20,2009-05-01,122,186,206
35,21,2009-06-01,164,210,223
35,22,2009-07-01,218,235,240
35,23,2009-08-01,187,224,234
35,24,2009-09-01,247,212,206
35,25,2009-10-01,248,208,201
35,26,2009-11-01,247,129,122
35,27,2009-12-01,250,154,144
35,28,2010-01-01,225,239,242
35,29,2010-02-01,245,235,232
35,30,2010-03-01,243,245,246
35,31,2010-04-01,246,222,218
35,32,2010-05-01,215,234,239
35,33,2010-06-01,196,228,235
35,34,2010-07-01,148,202,216
35,35,2010-08-01,124,187,207
35,36,2010-09-01,167,213,225
35,37,2010-10-01,156,206,220
35,38,2010-11-01,192,226,234
35,39,2010-12-01,234,241,243
35,40,2011-01-01,246,228,224
35,41,2011-02-01,218,236,240
35,42,2011-03-01,183,221,232
35,43,2011-04-01,176,218,229
35,44,2011-05-01,149,202,217
35,45,2011-06-01,144,199,214
35,46,2011-07-01,154,205,219
35,47,2011-08-01,146,200,215
35,48,2011-09-01,209,232,238
35,49,2011-10-01,190,225,233
36,0,2007-09-01,246,228,224
36,1,2007-10-01,248,190,179
36,2,2007-11-01,247,210,204
36,3,2007-12-01,215,234,239
36,4,2008-01-01,248,203,195
36,5,2008-02-01,248,190,179
36,6,2008-03-01,195,227,235
36,7,2008-04-01,228,239,242
36,8,2008-05-01,198,228,235
36,9,2008-06-01,164,210,223
36,10,2008-07-01,221,236,241
36,11,2008-08-01,169,214,226
36,12,2008-09-01,202,229,236
36,13,2008-10-01,206,230,237
36,14,2008-11-01,176,218,229
36,15,2008-12-01,185,223,233
36,16,2009-01-01,205,230,237
36,17,2009-02-01,228,239,241
36,18,2009-03-01,164,210,223
36,19,2009-04-01,176,218,229
36,20,2009-05-01,142,197,214
36,21,2009-06-01,189,225,233
36,22,2009-07-01,242,245,245
36,23,2009-08-01,192,226,234
36,24,2009-09-01,246,228,224
36,25,2009-10-01,250,172,162
36,26,2009-11-01,245,96,88
36,27,2009-12-01,245,103,97
36,28,2010-01-01,244,244,244
36,29,2010-02-01,246,229,225
36,30,2010-03-01,248,205,197
36,31,2010-04-01,248,188,176
36,32,2010-05-01,224,238,241
36,33,2010-06-01,248,193,182
36,34,2010-07-01,169,214,226
36,35,2010-08-01,102,173,196
36,36,2010-09-01,179,220,231
36,37,2010-10-01,174,216,228
36,38,2010-11-01,207,231,237
36,39,2010-12-01,246,229,225
36,40,2011-01-01,245,235,233
36,41,2011-02-01,245,235,232
36,42,2011-03-01,195,227,235
36,43,2011-04-01,199,229,236
36,44,2011-05-01,171,215,227
36,45,2011-06-01,174,216,228
36,46,2011-07-01,159,208,221
36,47,2011-08-01,189,224,234
36,48,2011-09-01,176,218,229
36,49,2011-10-01,184,222,233
37,0,2007-09-01,238,244,244
37,1,2007-10-01,248,200,190
37,2,2007-11-01,249,181,170
37,3,2007-12-01,226,239,242
37,4,2008-01-01,248,192,181
37,5,2008-02-01,248,188,177
37,6,2008-03-01,212,234,239
37,7,2008-04-01,219,236,240
37,8,2008-05-01,192,226,234
37,9,2008-06-01,171,215,227
37,10,2008-07-01,193,226,234
37,11,2008-08-01,156,206,220
37,12,2008-09-01,216,235,240
37,13,2008-10-01,211,233,238
37,14,2008-11-01,169,214,226
37,15,2008-12-01,174,217,228
37,16,2009-01-01,180,220,231
37,17,2009-02-01,213,234,239
37,18,2009-03-01,142,198,214
37,19,2009-04-01,146,200,215
37,20,2009-05-01,126,189,208
37,21,2009-06-01,169,213,226
37,22,2009-07-01,220,237,241
37,23,2009-08-01,203,230,237
37,24,2009-09-01,245,237,235
37,25,2009-10-01,248,206,199
37,26,2009-11-01,245,96,88
37,27,2009-12-01,248,190,179
37,28,2010-01-01,247,219,214
37,29,2010-02-01,228,239,241
37,30,2010-03-01,245,235,233
37,31,2010-04-01,250,164,153
37,32,2010-05-01,244,246,246
37,33,2010-06-01,248,206,199
37,34,2010-07-01,161,208,222
37,35,2010-08-01,145,199,215
37,36,2010-09-01,192,226,234
37,37,2010-10-01,167,212,225
37,38,2010-11-01,208,232,238
37,39,2010-12-01,236,243,243
37,40,2011-01-01,245,236,234
37,41,2011-02-01,241,245,245
37,42,2011-03-01,207,231,237
37,43,2011-04-01,159,208,221
37,44,2011-05-01,172,216,227
37,45,2011-06-01,156,206,220
37,46,2011-07-01,175,217,229
37,47,2011-08-01,186,223,234
37,48,2011-09-01,211,233,238
37,49,2011-10-01,165,212,224
38,0,2007-09-01,247,220,216
38,1,2007-10-01,248,190,179
38,2,2007-11-01,247,212,206
38,3,2007-12-01,219,236,240
38,4,2008-01-01,245,231,228
38,5,2008-02-01,248,187,176
38,6,2008-03-01,213,234,239
38,7,2008-04-01,183,222,233
38,8,2008-05-01,161,208,222
38,9,2008-06-01,142,198,214
38,10,2008-07-01,194,227,234
38,11,2008-08-01,152,204,218
38,12,2008-09-01,180,220,232
38,13,2008-10-01,180,220,232
38,14,2008-11-01,150,203,217
38,15,2008-12-01,150,203,217
38,16,2009-01-01,167,213,225
38,17,2009-02-01,191,225,234
38,18,2009-03-01,161,208,222
38,19,2009-04-01,140,196,212
38,20,2009-05-01,115,180,202
38,21,2009-06-01,142,198,213
38,22,2009-07-01,176,218,229
38,23,2009-08-01,171,215,227
38,24,2009-09-01,205,230,237
38,25,2009-10-01,233,241,243
38,26,2009-11-01,250,163,152
38,27,2009-12-01,248,188,177
38,28,2010-01-01,198,228,235
38,29,2010-02-01,230,240,242
38,30,2010-03-01,195,227,235
38,31,2010-04-01,246,227,222
38,32,2010-05-01,217,235,240
38,33,2010-06-01,230,240,242
38,34,2010-07-01,118,183,203
38,35,2010-08-01,115,180,202
38,36,2010-09-01,160,208,222
38,37,2010-10-01,126,189,208
38,38,2010-11-01,190,225,235
38,39,2010-12-01,188,224,234
38,40,2011-01-01,225,238,242
38,41,2011-02-01,218,236,240
38,42,2011-03-01,179,219,230
38,43,2011-04-01,159,208,221
38,44,2011-05-01,141,197,213
38,45,2011-06-01,114,180,202
38,46,2011-07-01,136,194,212
38,47,2011-08-01,164,210,223
38,48,2011-09-01,156,206,220
38,49,2011-10-01,154,205,219
39,0,2007-09-01,246,230,226
39,1,2007-10-01,245,239,237
39,2,2007-11-01,247,214,208
39,3,2007-12-01,212,233,238
39,4,2008-01-01,248,192,181
39,5,2008-02-01,249,168,157
39,6,2008-03-01,220,237,241
39,7,2008-04-01,229,240,242
39,8,2008-05-01,215,234,239
39,9,2008-06-01,174,216,228
39,10,2008-07-01,225,238,242
39,11,2008-08-01,164,211,224
39,12,2008-09-01,205,230,237
39,13,2008-10-01,203,230,236
39,14,2008-11-01,167,213,225
39,15,2008-12-01,165,212,224
39,16,2009-01-01,169,214,226
39,17,2009-02-01,192,226,234
39,18,2009-03-01,140,196,212
39,19,2009-04-01,142,198,213
39,20,2009-05-01,122,186,206
39,21,2009-06-01,153,205,219
39,22,2009-07-01,198,228,235
39,23,2009-08-01,184,222,233
39,24,2009-09-01,244,245,245
39,25,2009-10-01,247,217,211
39,26,2009-11-01,246,95,87
39,27,2009-12-01,249,174,164
39,28,2010-01-01,233,241,242
39,29,2010-02-01,241,244,245
39,30,2010-03-01,240,244,244
39,31,2010-04-01,247,219,214
39,32,2010-05-01,244,243,242
39,33,2010-06-01,247,220,216
39,34,2010-07-01,133,192,211
39,35,2010-08-01,129,190,209
39,36,2010-09-01,149,202,217
39,37,2010-10-01,164,211,224
39,38,2010-11-01,199,229,236
39,39,2010-12-01,243,246,246
39,40,2011-01-01,244,244,243
39,41,2011-02-01,228,239,241
39,42,2011-03-01,203,230,236
39,43,2011-04-01,171,215,227
39,44,2011-05-01,158,207,221
39,45,2011-06-01,163,209,223
39,46,2011-07-01,139,196,212
39,47,2011-08-01,159,208,221
39,48,2011-09-01,205,231,237
39,49,2011-10-01,171,214,227
40,0,2007-09-01,222,238,241
40,1,2007-10-01,248,191,180
40,2,2007-11-01,235,242,243
40,3,2007-12-01,233,241,242
40,4,2008-01-01,246,221,216
40,5,2008-02-01,247,212,206
40,6,2008-03-01,205,230,237
40,7,2008-04-01,203,230,236
40,8,2008-05-01,174,216,228
40,9,2008-06-01,169,213,225
40,10,2008-07-01,199,229,236
40,11,2008-08-01,160,208,222
40,12,2008-09-01,175,217,228
40,13,2008-10-01,185,223,233
40,14,2008-11-01,157,207,220
40,15,2008-12-01,165,211,224
40,16,2009-01-01,164,211,224
40,17,2009-02-01,183,221,232
40,18,2009-03-01,137,195,213
40,19,2009-04-01,139,196,212
40,20,2009-05-01,129,190,209
40,21,2009-06-01,133,192,211
40,22,2009-07-01,191,226,234
40,23,2009-08-01,149,202,217
40,24,2009-09-01,246,223,217
40,25,2009-10-01,211,233,238
40,26,2009-11-01,250,164,153
40,27,2009-12-01,248,192,181
40,28,2010-01-01,232,240,242
40,29,2010-02-01,234,242,243
40,30,2010-03-01,246,226,221
40,31,2010-04-01,237,243,244
40,32,2010-05-01,205,230,237
40,33,2010-06-01,247,218,212
40,34,2010-07-01,135,194,212
40,35,2010-08-01,101,172,195
40,36,2010-09-01,169,214,226
40,37,2010-10-01,153,204,218
40,38,2010-11-01,184,222,233
40,39,2010-12-01,179,219,230
40,40,2011-01-01,212,233,238
40,41,2011-02-01,225,238,242
40,42,2011-03-01,184,222,233
40,43,2011-04-01,176,218,229
40,44,2011-05-01,174,216,228
40,45,2011-06-01,156,207,220
40,46,2011-07-01,148,201,216
40,47,2011-08-01,154,205,219
40,48,2011-09-01,177,218,229
40,49,2011-10-01,158,208,221
41,0,2007-09-01,244,242,241
41,1,2007-10-01,248,210,203
41,2,2007-11-01,246,226,220
41,3,2007-12-01,244,246,245
41,4,2008-01-01,248,195,184
41,5,2008-02-01,250,162,151
41,6,2008-03-01,176,218,229
41,7,2008-04-01,205,230,237
41,8,2008-05-01,171,215,227
41,9,2008-06-01,180,220,231
41,10,2008-07-01,234,242,243
41,11,2008-08-01,164,210,223
41,12,2008-09-01,206,230,237
41,13,2008-10-01,196,228,235
41,14,2008-11-01,163,209,223
41,15,2008-12-01,165,211,224
41,16,2009-01-01,167,213,225
41,17,2009-02-01,176,218,229
41,18,2009-03-01,125,188,208
41,19,2009-04-01,155,205,219
41,20,2009-05-01,122,186,206
41,21,2009-06-01,137,195,213
41,22,2009-07-01,190,225,233
41,23,2009-08-01,158,207,221
41,24,2009-09-01,238,244,244
41,25,2009-10-01,245,238,236
41,26,2009-11-01,249,148,137
41,27,2009-12-01,248,186,175
41,28,2010-01-01,227,239,241
41,29,2010-02-01,237,243,243
41,30,2010-03-01,222,238,241
41,31,2010-04-01,238,243,244
41,32,2010-05-01,198,228,235
41,33,2010-06-01,244,245,244
41,34,2010-07-01,150,203,217
41,35,2010-08-01,102,173,196
41,36,2010-09-01,161,208,222
41,37,2010-10-01,159,208,221
41,38,2010-11-01,183,221,232
41,39,2010-12-01,198,228,235
41,40,2011-01-01,205,230,237
41,41,2011-02-01,217,235,240
41,42,2011-03-01,175,217,229
41,43,2011-04-01,163,209,223
41,44,2011-05-01,154,205,219
41,45,2011-06-01,146,200,215
41,46,2011-07-01,135,194,212
41,47,2011-08-01,144,199,216
41,48,2011-09-01,190,225,233
41,49,2011-10-01,147,201,216
42,0,2007-09-01,246,231,227
42,1,2007-10-01,242,245,245
42,2,2007-11-01,248,188,177
42,3,2007-12-01,225,238,242
42,4,2008-01-01,248,194,183
42,5,2008-02-01,247,218,212
42,6,2008-03-01,195,227,235
42,7,2008-04-01,188,224,234
42,8,2008-05-01,181,221,232
42,9,2008-06-01,169,214,226
42,10,2008-07-01,188,224,234
42,11,2008-08-01,153,205,219
42,12,2008-09-01,212,234,239
42,13,2008-10-01,181,221,232
42,14,2008-11-01,148,202,216
42,15,2008-12-01,159,208,221
42,16,2009-01-01,183,221,233
42,17,2009-02-01,191,225,234
42,18,2009-03-01,143,198,215
42,19,2009-04-01,135,194,212
42,20,2009-05-01,116,182,203
42,21,2009-06-01,143,198,215
42,22,2009-07-01,202,229,236
42,23,2009-08-01,164,210,223
42,24,2009-09-01,244,243,242
42,25,2009-10-01,246,226,221
42,26,2009-11-01,246,106,100
42,27,2009-12-01,248,196,186
42,28,2010-01-01,235,242,243
42,29,2010-02-01,245,236,234
42,30,2010-03-01,215,234,239
42,31,2010-04-01,248,203,195
42,32,2010-05-01,248,211,204
42,33,2010-06-01,247,214,208
42,34,2010-07-01,143,198,215
42,35,2010-08-01,119,184,204
42,36,2010-09-01,171,215,227
42,37,2010-10-01,167,213,225
42,38,2010-11-01,194,227,234
42,39,2010-12-01,198,228,235
42,40,2011-01-01,246,223,217
42,41,2011-02-01,198,228,235
42,42,2011-03-01,175,217,229
42,43,2011-04-01,188,224,234
42,44,2011-05-01,134,193,211
42,45,2011-06-01,153,204,218
42,46,2011-07-01,150,203,217
42,47,2011-08-01,161,209,222
42,48,2011-09-01,196,228,235
42,49,2011-10-01,171,215,227
43,0,2007-09-01,245,238,237
43,1,2007-10-01,247,220,216
43,2,2007-11-01,248,195,184
43,3,2007-12-01,220,237,241
43,4,2008-01-01,248,208,201
43,5,2008-02-01,249,177,167
43,6,2008-03-01,206,230,237
43,7,2008-04-01,215,234,239
43,8,2008-05-01,193,226,234
43,9,2008-06-01,159,208,221
43,10,2008-07-01,234,241,243
43,11,2008-08-01,181,220,232
43,12,2008-09-01,193,226,234
43,13,2008-10-01,199,229,236
43,14,2008-11-01,159,208,221
43,15,2008-12-01,174,216,228
43,16,2009-01-01,208,232,238
43,17,2009-02-01,203,230,236
43,18,2009-03-01,170,214,226
43,19,2009-04-01,153,204,218
43,20,2009-05-01,134,193,211
43,21,2009-06-01,171,215,227
43,22,2009-07-01,230,240,242
43,23,2009-08-01,183,221,232
43,24,2009-09-01,248,182,171
43,25,2009-10-01,248,189,178
43,26,2009-11-01,248,127,120
43,27,2009-12-01,250,153,144
43,28,2010-01-01,244,243,242
43,29,2010-02-01,246,227,222
43,30,2010-03-01,245,237,235
43,31,2010-04-01,248,193,182
43,32,2010-05-01,221,237,241
43,33,2010-06-01,245,235,233
43,34,2010-07-01,158,208,221
43,35,2010-08-01,139,196,212
43,36,2010-09-01,196,228,235
43,37,2010-10-01,180,220,231
43,38,2010-11-01,215,234,239
43,39,2010-12-01,226,239,242
43,40,2011-01-01,245,234,232
43,41,2011-02-01,230,240,242
43,42,2011-03-01,189,224,234
43,43,2011-04-01,187,224,234
43,44,2011-05-01,154,205,219
43,45,2011-06-01,167,212,225
43,46,2011-07-01,157,207,220
43,47,2011-08-01,181,221,232
43,48,2011-09-01,209,232,238
43,49,2011-10-01,193,226,234
44,0,2007-09-01,246,223,218
44,1,2007-10-01,246,225,220
44,2,2007-11-01,245,239,237
44,3,2007-12-01,247,218,212
44,4,2008-01-01,246,231,227
44,5,2008-02-01,249,178,168
44,6,2008-03-01,222,238,241
44,7,2008-04-01,225,239,242
44,8,2008-05-01,179,220,231
44,9,2008-06-01,181,221,232
44,10,2008-07-01,214,233,239
44,11,2008-08-01,187,223,234
44,12,2008-09-01,214,234,239
44,13,2008-10-01,216,234,239
44,14,2008-11-01,169,214,226
44,15,2008-12-01,192,226,234
44,16,2009-01-01,193,226,234
44,17,2009-02-01,190,225,233
44,18,2009-03-01,146,200,216
44,19,2009-04-01,145,200,215
44,20,2009-05-01,146,201,216
44,21,2009-06-01,159,208,221
44,22,2009-07-01,233,241,243
44,23,2009-08-01,198,228,235
44,24,2009-09-01,248,189,178
44,25,2009-10-01,248,197,187
44,26,2009-11-01,250,170,158
44,27,2009-12-01,250,173,163
44,28,2010-01-01,210,233,238
44,29,2010-02-01,219,236,240
44,30,2010-03-01,247,219,215
44,31,2010-04-01,247,212,206
44,32,2010-05-01,209,232,238
44,33,2010-06-01,244,240,240
44,34,2010-07-01,150,203,217
44,35,2010-08-01,149,202,217
44,36,2010-09-01,157,207,220
44,37,2010-10-01,169,214,226
44,38,2010-11-01,194,227,235
44,39,2010-12-01,247,214,207
44,40,2011-01-01,234,242,243
44,41,2011-02-01,238,243,244
44,42,2011-03-01,185,223,233
44,43,2011-04-01,165,211,224
44,44,2011-05-01,155,206,220
44,45,2011-06-01,164,211,224
44,46,2011-07-01,164,210,223
44,47,2011-08-01,208,231,237
44,48,2011-09-01,195,227,235
44,49,2011-10-01,183,222,233
45,0,2007-09-01,218,236,240
45,1,2007-10-01,248,201,191
45,2,2007-11-01,248,196,186
45,3,2007-12-01,235,242,243
45,4,2008-01-01,250,154,144
45,5,2008-02-01,250,172,162
45,6,2008-03-01,191,225,234
45,7,2008-04-01,212,234,239
45,8,2008-05-01,210,233,238
45,9,2008-06-01,156,206,220
45,10,2008-07-01,209,232,238
45,11,2008-08-01,161,209,222
45,12,2008-09-01,224,238,241
45,13,2008-10-01,213,234,239
45,14,2008-11-01,179,219,230
45,15,2008-12-01,184,222,233
45,16,2009-01-01,171,215,227
45,17,2009-02-01,200,229,236
45,18,2009-03-01,164,211,224
45,19,2009-04-01,164,211,224
45,20,2009-05-01,125,188,208
45,21,2009-06-01,150,203,218
45,22,2009-07-01,214,233,239
45,23,2009-08-01,184,222,233
45,24,2009-09-01,242,245,245
45,25,2009-10-01,249,181,170
45,26,2009-11-01,249,156,147
45,27,2009-12-01,249,181,170
45,28,2010-01-01,241,244,245
45,29,2010-02-01,248,210,203
45,30,2010-03-01,246,225,220
45,31,2010-04-01,248,195,184
45,32,2010-05-01,225,239,242
45,33,2010-06-01,248,190,179
45,34,2010-07-01,149,202,217
45,35,2010-08-01,126,189,208
45,36,2010-09-01,165,212,224
45,37,2010-10-01,164,210,223
45,38,2010-11-01,233,241,242
45,39,2010-12-01,238,243,244
45,40,2011-01-01,225,239,242
45,41,2011-02-01,224,238,241
45,42,2011-03-01,213,234,239
45,43,2011-04-01,165,211,224
45,44,2011-05-01,174,217,228
45,45,2011-06-01,164,210,223
45,46,2011-07-01,183,221,232
45,47,2011-08-01,196,228,235
45,48,2011-09-01,216,234,239
45,49,2011-10-01,164,211,224
46,0,2007-09-01,244,246,246
46,1,2007-10-01,248,186,175
46,2,2007-11-01,246,224,218
46,3,2007-12-01,217,235,240
46,4,2008-01-01,248,188,177
46,5,2008-02-01,247,218,212
46,6,2008-03-01,191,226,234
46,7,2008-04-01,199,229,236
46,8,2008-05-01,169,213,226
46,9,2008-06-01,155,206,220
46,10,2008-07-01,218,236,240
46,11,2008-08-01,157,207,220
46,12,2008-09-01,206,230,237
46,13,2008-10-01,180,220,232
46,14,2008-11-01,149,202,217
46,15,2008-12-01,171,215,227
46,16,2009-01-01,172,216,227
46,17,2009-02-01,179,219,230
46,18,2009-03-01,147,201,216
46,19,2009-04-01,133,193,211
46,20,2009-05-01,123,187,206
46,21,2009-06-01,124,188,207
46,22,2009-07-01,186,223,233
46,23,2009-08-01,163,209,223
46,24,2009-09-01,225,239,242
46,25,2009-10-01,218,236,240
46,26,2009-11-01,250,170,160
46,27,2009-12-01,250,172,161
46,28,2010-01-01,220,237,241
46,29,2010-02-01,229,239,242
46,30,2010-03-01,208,232,238
46,31,2010-04-01,217,235,240
46,32,2010-05-01,195,227,235
46,33,2010-06-01,226,239,242
46,34,2010-07-01,147,201,216
46,35,2010-08-01,111,178,199
46,36,2010-09-01,159,208,221
46,37,2010-10-01,164,210,223
46,38,2010-11-01,200,229,236
46,39,2010-12-01,193,227,234
46,40,2011-01-01,193,227,234
46,41,2011-02-01,209,232,238
46,42,2011-03-01,174,216,228
46,43,2011-04-01,158,207,221
46,44,2011-05-01,135,194,212
46,45,2011-06-01,124,187,207
46,46,2011-07-01,136,194,212
46,47,2011-08-01,163,209,223
46,48,2011-09-01,170,214,226
46,49,2011-10-01,202,229,236
47,0,2007-09-01,242,245,245
47,1,2007-10-01,248,196,186
47,2,2007-11-01,248,191,180
47,3,2007-12-01,227,239,242
47,4,2008-01-01,247,214,208
47,5,2008-02-01,247,217,210
47,6,2008-03-01,191,226,234
47,7,2008-04-01,221,237,241
47,8,2008-05-01,181,221,232
47,9,2008-06-01,170,215,227
47,10,2008-07-01,207,231,237
47,11,2008-08-01,154,205,219
47,12,2008-09-01,179,220,231
47,13,2008-10-01,198,228,235
47,14,2008-11-01,167,212,225
47,15,2008-12-01,171,215,227
47,16,2009-01-01,196,228,235
47,17,2009-02-01,181,221,232
47,18,2009-03-01,130,191,210
47,19,2009-04-01,150,203,217
47,20,2009-05-01,123,187,207
47,21,2009-06-01,171,215,227
47,22,2009-07-01,200,229,236
47,23,2009-08-01,167,213,225
47,24,2009-09-01,245,237,235
47,25,2009-10-01,245,236,234
47,26,2009-11-01,249,177,167
47,27,2009-12-01,250,166,155
47,28,2010-01-01,218,235,240
47,29,2010-02-01,244,246,246
47,30,2010-03-01,207,231,237
47,31,2010-04-01,248,198,188
47,32,2010-05-01,248,194,184
47,33,2010-06-01,247,219,214
47,34,2010-07-01,129,191,209
47,35,2010-08-01,111,178,199
47,36,2010-09-01,170,215,227
47,37,2010-10-01,154,205,219
47,38,2010-11-01,217,235,240
47,39,2010-12-01,222,238,241
47,40,2011-01-01,218,235,240
47,41,2011-02-01,202,229,236
47,42,2011-03-01,180,220,231
47,43,2011-04-01,169,214,226
47,44,2011-05-01,152,204,218
47,45,2011-06-01,163,209,223
47,46,2011-07-01,134,193,211
47,47,2011-08-01,153,204,218
47,48,2011-09-01,224,238,241
47,49,2011-10-01,169,213,225
48,0,2007-09-01,233,241,242
48,1,2007-10-01,250,172,161
48,2,2007-11-01,248,211,204
48,3,2007-12-01,221,237,241
48,4,2008-01-01,247,217,211
48,5,2008-02-01,248,191,180
48,6,2008-03-01,215,234,239
48,7,2008-04-01,209,232,238
48,8,2008-05-01,178,219,230
48,9,2008-06-01,167,213,225
48,10,2008-07-01,189,224,234
48,11,2008-08-01,170,214,226
48,12,2008-09-01,195,227,235
48,13,2008-10-01,181,220,232
48,14,2008-11-01,160,208,221
48,15,2008-12-01,163,209,223
48,16,2009-01-01,180,220,232
48,17,2009-02-01,191,225,234
48,18,2009-03-01,166,212,224
48,19,2009-04-01,132,192,210
48,20,2009-05-01,120,184,205
48,21,2009-06-01,140,197,213
48,22,2009-07-01,175,217,229
48,23,2009-08-01,159,208,221
48,24,2009-09-01,208,232,238
48,25,2009-10-01,249,202,193
48,26,2009-11-01,248,190,179
48,27,2009-12-01,248,209,203
48,28,2010-01-01,213,234,239
48,29,2010-02-01,245,236,234
48,30,2010-03-01,211,233,238
48,31,2010-04-01,245,238,236
48,32,2010-05-01,203,229,236
48,33,2010-06-01,194,227,235
48,34,2010-07-01,139,196,212
48,35,2010-08-01,115,182,202
48,36,2010-09-01,137,195,213
48,37,2010-10-01,163,209,223
48,38,2010-11-01,170,215,227
48,39,2010-12-01,180,220,232
48,40,2011-01-01,242,245,245
48,41,2011-02-01,193,226,234
48,42,2011-03-01,159,208,221
48,43,2011-04-01,142,198,214
48,44,2011-05-01,147,201,216
48,45,2011-06-01,148,202,216
48,46,2011-07-01,133,192,211
48,47,2011-08-01,157,207,220
48,48,2011-09-01,205,231,237
48,49,2011-10-01,171,215,227
49,0,2007-09-01,221,236,241
49,1,2007-10-01,245,232,229
49,2,2007-11-01,247,215,209
49,3,2007-12-01,208,232,237
49,4,2008-01-01,246,228,224
49,5,2008-02-01,248,205,198
49,6,2008-03-01,191,225,234
49,7,2008-04-01,228,239,241
49,8,2008-05-01,195,227,235
49,9,2008-06-01,157,207,220
49,10,2008-07-01,218,236,240
49,11,2008-08-01,154,205,219
49,12,2008-09-01,192,226,234
49,13,2008-10-01,216,234,239
49,14,2008-11-01,169,214,226
49,15,2008-12-01,167,212,225
49,16,2009-01-01,167,213,225
49,17,2009-02-01,205,231,237
49,18,2009-03-01,149,202,217
49,19,2009-04-01,139,196,212
49,20,2009-05-01,128,190,209
49,21,2009-06-01,161,209,222
49,22,2009-07-01,214,234,239
49,23,2009-08-01,157,207,220
49,24,2009-09-01,225,239,242
49,25,2009-10-01,249,201,193
49,26,2009-11-01,248,137,128
49,27,2009-12-01,250,160,149
49,28,2010-01-01,241,245,245
49,29,2010-02-01,246,223,217
49,30,2010-03-01,244,242,241
49,31,2010-04-01,245,235,233
49,32,2010-05-01,229,240,242
49,33,2010-06-01,248,200,190
49,34,2010-07-01,142,198,213
49,35,2010-08-01,145,200,215
49,36,2010-09-01,170,214,226
49,37,2010-10-01,163,210,223
49,38,2010-11-01,202,229,236
49,39,2010-12-01,221,236,241
49,40,2011-01-01,242,245,245
49,41,2011-02-01,237,243,243
49,42,2011-03-01,173,216,228
49,43,2011-04-01,175,217,229
49,44,2011-05-01,149,202,217
49,45,2011-06-01,167,212,225
49,46,2011-07-01,163,209,223
49,47,2011-08-01,158,207,221
49,48,2011-09-01,217,235,240
49,49,2011-10-01,164,211,224
50,0,2007-09-01,223,237,241
50,1,2007-10-01,245,232,229
50,2,2007-11-01,248,190,179
50,3,2007-12-01,213,234,239
50,4,2008-01-01,248,209,202
50,5,2008-02-01,248,193,182
50,6,2008-03-01,203,230,237
50,7,2008-04-01,212,234,239
50,8,2008-05-01,176,218,229
50,9,2008-06-01,175,217,228
50,10,2008-07-01,215,234,239
50,11,2008-08-01,159,208,221
50,12,2008-09-01,192,226,234
50,13,2008-10-01,183,221,233
50,14,2008-11-01,155,206,220
50,15,2008-12-01,152,204,218
50,16,2009-01-01,171,214,227
50,17,2009-02-01,174,216,228
50,18,2009-03-01,153,204,218
50,19,2009-04-01,136,194,212
50,20,2009-05-01,115,180,202
50,21,2009-06-01,155,205,219
50,22,2009-07-01,215,234,239
50,23,2009-08-01,156,206,220
50,24,2009-09-01,211,233,238
50,25,2009-10-01,245,238,236
50,26,2009-11-01,249,169,157
50,27,2009-12-01,248,191,180
50,28,2010-01-01,205,230,237
50,29,2010-02-01,242,245,246
50,30,2010-03-01,233,241,243
50,31,2010-04-01,208,232,238
50,32,2010-05-01,216,235,240
50,33,2010-06-01,226,239,242
50,34,2010-07-01,129,190,209
50,35,2010-08-01,103,174,196
50,36,2010-09-01,169,213,226
50,37,2010-10-01,146,200,215
50,38,2010-11-01,220,237,241
50,39,2010-12-01,200,229,236
50,40,2011-01-01,230,240,242
50,41,2011-02-01,194,227,235
50,42,2011-03-01,183,222,233
50,43,2011-04-01,163,209,223
50,44,2011-05-01,123,187,206
50,45,2011-06-01,144,199,214
50,46,2011-07-01,142,198,213
50,47,2011-08-01,164,211,224
50,48,2011-09-01,190,225,235
50,49,2011-10-01,169,213,226
51,0,2007-09-01,248,200,190
51,1,2007-10-01,246,224,219
51,2,2007-11-01,248,205,197
51,3,2007-12-01,231,241,242
51,4,2008-01-01,249,179,169
51,5,2008-02-01,248,208,200
51,6,2008-03-01,210,233,238
51,7,2008-04-01,203,230,237
51,8,2008-05-01,200,229,236
51,9,2008-06-01,172,216,227
51,10,2008-07-01,225,238,242
51,11,2008-08-01,170,214,226
51,12,2008-09-01,201,230,236
51,13,2008-10-01,183,221,232
51,14,2008-11-01,156,206,220
51,15,2008-12-01,167,212,225
51,16,2009-01-01,180,220,231
51,17,2009-02-01,179,220,231
51,18,2009-03-01,153,205,219
51,19,2009-04-01,160,208,222
51,20,2009-05-01,133,193,211
51,21,2009-06-01,161,208,222
51,22,2009-07-01,188,224,234
51,23,2009-08-01,154,205,219
51,24,2009-09-01,236,243,243
51,25,2009-10-01,246,228,224
51,26,2009-11-01,248,191,180
51,27,2009-12-01,249,179,169
51,28,2010-01-01,237,243,243
51,29,2010-02-01,235,242,243
51,30,2010-03-01,210,233,238
51,31,2010-04-01,247,219,214
51,32,2010-05-01,196,228,235
51,33,2010-06-01,246,225,220
51,34,2010-07-01,140,196,212
51,35,2010-08-01,126,189,208
51,36,2010-09-01,163,209,223
51,37,2010-10-01,146,201,216
51,38,2010-11-01,211,233,238
51,39,2010-12-01,213,234,239
51,40,2011-01-01,229,239,242
51,41,2011-02-01,219,236,240
51,42,2011-03-01,183,221,233
51,43,2011-04-01,170,215,227
51,44,2011-05-01,164,210,223
51,45,2011-06-01,155,206,219
51,46,2011-07-01,155,205,219
51,47,2011-08-01,180,220,232
51,48,2011-09-01,194,227,234
51,49,2011-10-01,169,214,226
52,0,2007-09-01,246,228,224
52,1,2007-10-01,243,246,246
52,2,2007-11-01,245,236,233
52,3,2007-12-01,211,233,238
52,4,2008-01-01,249,202,193
52,5,2008-02-01,247,217,210
52,6,2008-03-01,176,218,229
52,7,2008-04-01,187,224,234
52,8,2008-05-01,160,208,222
52,9,2008-06-01,164,210,223
52,10,2008-07-01,190,225,235
52,11,2008-08-01,144,199,214
52,12,2008-09-01,180,220,232
52,13,2008-10-01,179,219,230
52,14,2008-11-01,161,208,222
52,15,2008-12-01,160,208,222
52,16,2009-01-01,179,219,230
52,17,2009-02-01,184,222,233
52,18,2009-03-01,139,196,212
52,19,2009-04-01,145,199,215
52,20,2009-05-01,122,186,206
52,21,2009-06-01,159,208,221
52,22,2009-07-01,221,237,241
52,23,2009-08-01,167,212,225
52,24,2009-09-01,235,242,243
52,25,2009-10-01,247,217,211
52,26,2009-11-01,249,150,140
52,27,2009-12-01,249,179,169
52,28,2010-01-01,246,223,218
52,29,2010-02-01,248,192,180
52,30,2010-03-01,246,227,222
52,31,2010-04-01,240,244,244
52,32,2010-05-01,245,232,229
52,33,2010-06-01,246,224,218
52,34,2010-07-01,127,190,209
52,35,2010-08-01,132,192,210
52,36,2010-09-01,169,214,226
52,37,2010-10-01,174,217,228
52,38,2010-11-01,220,237,241
52,39,2010-12-01,232,240,242
52,40,2011-01-01,245,236,233
52,41,2011-02-01,235,242,243
52,42,2011-03-01,199,229,236
52,43,2011-04-01,177,218,229
52,44,2011-05-01,158,208,221
52,45,2011-06-01,161,208,222
52,46,2011-07-01,164,211,224
52,47,2011-08-01,190,225,235
52,48,2011-09-01,221,237,241
52,49,2011-10-01,179,219,230
53,0,2007-09-01,244,246,246
53,1,2007-10-01,233,241,242
53,2,2007-11-01,248,209,202
53,3,2007-12-01,233,241,243
53,4,2008-01-01,248,209,202
53,5,2008-02-01,247,216,210
53,6,2008-03-01,192,226,234
53,7,2008-04-01,198,228,235
53,8,2008-05-01,174,216,228
53,9,2008-06-01,155,206,219
53,10,2008-07-01,199,229,236
53,11,2008-08-01,130,191,210
53,12,2008-09-01,185,222,233
53,13,2008-10-01,184,222,233
53,14,2008-11-01,165,211,224
53,15,2008-12-01,164,210,223
53,16,2009-01-01,176,218,229
53,17,2009-02-01,202,229,236
53,18,2009-03-01,152,204,218
53,19,2009-04-01,137,195,213
53,20,2009-05-01,123,187,207
53,21,2009-06-01,141,197,213
53,22,2009-07-01,169,214,226
53,23,2009-08-01,141,197,213
53,24,2009-09-01,208,231,237
53,25,2009-10-01,229,239,242
53,26,2009-11-01,249,143,133
53,27,2009-12-01,248,206,199
53,28,2010-01-01,220,237,241
53,29,2010-02-01,196,228,235
53,30,2010-03-01,181,220,232
53,31,2010-04-01,225,239,242
53,32,2010-05-01,193,226,234
53,33,2010-06-01,203,230,237
53,34,2010-07-01,127,189,208
53,35,2010-08-01,114,180,202
53,36,2010-09-01,169,214,226
53,37,2010-10-01,140,197,213
53,38,2010-11-01,194,227,234
53,39,2010-12-01,188,224,234
53,40,2011-01-01,200,229,236
53,41,2011-02-01,194,227,235
53,42,2011-03-01,163,210,223
53,43,2011-04-01,149,202,217
53,44,2011-05-01,140,196,212
53,45,2011-06-01,114,180,202
53,46,2011-07-01,114,180,202
53,47,2011-08-01,153,204,218
53,48,2011-09-01,158,207,221
53,49,2011-10-01,154,205,219
54,0,2007-09-01,244,244,244
54,1,2007-10-01,241,245,245
54,2,2007-11-01,247,215,209
54,3,2007-12-01,245,234,231
54,4,2008-01-01,247,218,211
54,5,2008-02-01,248,190,179
54,6,2008-03-01,198,228,235
54,7,2008-04-01,205,230,237
54,8,2008-05-01,188,224,234
54,9,2008-06-01,167,212,225
54,10,2008-07-01,205,230,237
54,11,2008-08-01,165,210,224
54,12,2008-09-01,228,239,241
54,13,2008-10-01,205,231,237
54,14,2008-11-01,169,214,226
54,15,2008-12-01,165,211,224
54,16,2009-01-01,175,217,229
54,17,2009-02-01,169,214,226
54,18,2009-03-01,127,190,209
54,19,2009-04-01,147,201,216
54,20,2009-05-01,127,189,208
54,21,2009-06-01,164,210,223
54,22,2009-07-01,199,229,236
54,23,2009-08-01,150,203,217
54,24,2009-09-01,219,236,240
54,25,2009-10-01,240,244,244
54,26,2009-11-01,249,151,141
54,27,2009-12-01,245,234,231
54,28,2010-01-01,246,221,216
54,29,2010-02-01,244,244,244
54,30,2010-03-01,232,240,242
54,31,2010-04-01,244,242,241
54,32,2010-05-01,220,237,241
54,33,2010-06-01,238,244,244
54,34,2010-07-01,141,197,213
54,35,2010-08-01,118,183,203
54,36,2010-09-01,161,209,222
54,37,2010-10-01,164,210,223
54,38,2010-11-01,200,229,236
54,39,2010-12-01,207,231,237
54,40,2011-01-01,243,246,246
54,41,2011-02-01,213,234,239
54,42,2011-03-01,169,213,225
54,43,2011-04-01,158,208,221
54,44,2011-05-01,139,196,212
54,45,2011-06-01,160,208,222
54,46,2011-07-01,165,211,224
54,47,2011-08-01,161,209,222
54,48,2011-09-01,224,238,241
54,49,2011-10-01,160,208,222
55,0,2007-09-01,246,227,223
55,1,2007-10-01,244,246,245
55,2,2007-11-01,248,206,199
55,3,2007-12-01,224,238,241
55,4,2008-01-01,242,245,246
55,5,2008-02-01,250,173,163
55,6,2008-03-01,195,227,235
55,7,2008-04-01,208,232,238
55,8,2008-05-01,171,215,227
55,9,2008-06-01,194,227,234
55,10,2008-07-01,200,229,236
55,11,2008-08-01,156,207,220
55,12,2008-09-01,207,231,237
55,13,2008-10-01,189,224,234
55,14,2008-11-01,144,199,216
55,15,2008-12-01,163,209,223
55,16,2009-01-01,173,216,228
55,17,2009-02-01,188,224,234
55,18,2009-03-01,146,200,215
55,19,2009-04-01,152,204,218
55,20,2009-05-01,144,199,216
55,21,2009-06-01,127,190,209
55,22,2009-07-01,189,224,234
55,23,2009-08-01,183,221,232
55,24,2009-09-01,226,239,242
55,25,2009-10-01,221,236,241
55,26,2009-11-01,249,150,140
55,27,2009-12-01,248,205,198
55,28,2010-01-01,224,238,241
55,29,2010-02-01,234,241,243
55,30,2010-03-01,237,243,243
55,31,2010-04-01,244,245,245
55,32,2010-05-01,221,236,241
55,33,2010-06-01,247,220,215
55,34,2010-07-01,149,202,217
55,35,2010-08-01,124,187,207
55,36,2010-09-01,175,217,229
55,37,2010-10-01,160,208,222
55,38,2010-11-01,220,237,241
55,39,2010-12-01,188,224,234
55,40,2011-01-01,207,231,237
55,41,2011-02-01,221,237,241
55,42,2011-03-01,179,219,230
55,43,2011-04-01,184,222,233
55,44,2011-05-01,148,201,216
55,45,2011-06-01,158,207,221
55,46,2011-07-01,136,194,212
55,47,2011-08-01,159,208,221
55,48,2011-09-01,207,231,237
55,49,2011-10-01,157,207,220
56,0,2007-09-01,246,226,220
56,1,2007-10-01,248,203,195
56,2,2007-11-01,247,219,214
56,3,2007-12-01,199,229,236
56,4,2008-01-01,248,211,204
56,5,2008-02-01,248,206,199
56,6,2008-03-01,178,219,230
56,7,2008-04-01,208,232,238
56,8,2008-05-01,165,211,224
56,9,2008-06-01,160,208,222
56,10,2008-07-01,176,218,229
56,11,2008-08-01,165,211,224
56,12,2008-09-01,211,233,238
56,13,2008-10-01,190,225,235
56,14,2008-11-01,165,212,224
56,15,2008-12-01,167,213,225
56,16,2009-01-01,160,208,222
56,17,2009-02-01,169,214,226
56,18,2009-03-01,135,194,212
56,19,2009-04-01,147,201,216
56,20,2009-05-01,119,184,204
56,21,2009-06-01,146,200,216
56,22,2009-07-01,184,222,233
56,23,2009-08-01,157,207,220
56,24,2009-09-01,235,242,243
56,25,2009-10-01,229,240,242
56,26,2009-11-01,249,167,156
56,27,2009-12-01,248,204,196
56,28,2010-01-01,193,226,234
56,29,2010-02-01,201,230,236
56,30,2010-03-01,207,231,237
56,31,2010-04-01,247,215,209
56,32,2010-05-01,222,238,241
56,33,2010-06-01,237,243,243
56,34,2010-07-01,150,203,217
56,35,2010-08-01,125,188,207
56,36,2010-09-01,164,210,223
56,37,2010-10-01,148,201,216
56,38,2010-11-01,181,221,232
56,39,2010-12-01,192,226,234
56,40,2011-01-01,218,236,240
56,41,2011-02-01,205,231,237
56,42,2011-03-01,169,213,226
56,43,2011-04-01,180,220,231
56,44,2011-05-01,154,205,219
56,45,2011-06-01,153,204,218
56,46,2011-07-01,152,204,218
56,47,2011-08-01,184,222,233
56,48,2011-09-01,186,223,233
56,49,2011-10-01,169,213,226
57,0,2007-09-01,229,239,242
57,1,2007-10-01,249,202,193
57,2,2007-11-01,248,205,198
57,3,2007-12-01,244,242,241
57,4,2008-01-01,248,196,187
57,5,2008-02-01,248,189,178
57,6,2008-03-01,205,230,237
57,7,2008-04-01,226,239,242
57,8,2008-05-01,198,228,235
57,9,2008-06-01,183,221,232
57,10,2008-07-01,218,236,240
57,11,2008-08-01,167,212,225
57,12,2008-09-01,205,230,237
57,13,2008-10-01,240,244,244
57,14,2008-11-01,176,218,229
57,15,2008-12-01,169,213,226
57,16,2009-01-01,168,212,225
57,17,2009-02-01,208,232,238
57,18,2009-03-01,158,207,221
57,19,2009-04-01,160,208,222
57,20,2009-05-01,123,187,207
57,21,2009-06-01,167,212,225
57,22,2009-07-01,224,238,241
57,23,2009-08-01,190,225,233
57,24,2009-09-01,244,243,242
57,25,2009-10-01,250,161,150
57,26,2009-11-01,247,123,116
57,27,2009-12-01,249,183,172
57,28,2010-01-01,242,245,246
57,29,2010-02-01,246,222,218
57,30,2010-03-01,248,210,203
57,31,2010-04-01,249,174,164
57,32,2010-05-01,246,223,218
57,33,2010-06-01,246,223,218
57,34,2010-07-01,158,208,221
57,35,2010-08-01,128,190,209
57,36,2010-09-01,186,223,234
57,37,2010-10-01,183,221,232
57,38,2010-11-01,219,236,240
57,39,2010-12-01,238,243,244
57,40,2011-01-01,246,231,227
57,41,2011-02-01,240,244,244
57,42,2011-03-01,228,239,241
57,43,2011-04-01,190,225,233
57,44,2011-05-01,176,218,229
57,45,2011-06-01,154,205,219
57,46,2011-07-01,166,212,224
57,47,2011-08-01,193,226,234
57,48,2011-09-01,186,223,233
57,49,2011-10-01,188,224,234
58,0,2007-09-01,246,226,222
58,1,2007-10-01,244,242,241
58,2,2007-11-01,248,182,171
58,3,2007-12-01,246,226,222
58,4,2008-01-01,244,240,239
58,5,2008-02-01,249,177,166
58,6,2008-03-01,195,227,235
58,7,2008-04-01,229,240,242
58,8,2008-05-01,184,222,233
58,9,2008-06-01,157,207,220
58,10,2008-07-01,231,241,242
58,11,2008-08-01,181,221,232
58,12,2008-09-01,208,232,238
58,13,2008-10-01,207,231,237
58,14,2008-11-01,174,217,228
58,15,2008-12-01,181,220,232
58,16,2009-01-01,194,227,234
58,17,2009-02-01,200,229,236
58,18,2009-03-01,135,194,212
58,19,2009-04-01,143,198,215
58,20,2009-05-01,135,194,212
58,21,2009-06-01,141,197,213
58,22,2009-07-01,217,235,240
58,23,2009-08-01,181,221,232
58,24,2009-09-01,248,189,178
58,25,2009-10-01,249,183,172
58,26,2009-11-01,249,143,133
58,27,2009-12-01,250,156,146
58,28,2010-01-01,225,238,242
58,29,2010-02-01,244,240,240
58,30,2010-03-01,245,235,232
58,31,2010-04-01,249,167,156
58,32,2010-05-01,214,234,239
58,33,2010-06-01,216,235,240
58,34,2010-07-01,147,201,216
58,35,2010-08-01,156,206,220
58,36,2010-09-01,224,238,241
58,37,2010-10-01,151,203,218
58,38,2010-11-01,219,236,240
58,39,2010-12-01,247,214,207
58,40,2011-01-01,246,225,220
58,41,2011-02-01,246,229,225
58,42,2011-03-01,189,224,234
58,43,2011-04-01,181,220,232
58,44,2011-05-01,165,211,224
58,45,2011-06-01,159,208,221
58,46,2011-07-01,174,216,228
58,47,2011-08-01,181,220,232
58,48,2011-09-01,245,236,233
58,49,2011-10-01,196,228,235
59,0,2007-09-01,248,190,179
59,1,2007-10-01,248,209,202
59,2,2007-11-01,245,235,232
59,3,2007-12-01,230,240,242
59,4,2008-01-01,227,239,241
59,5,2008-02-01,248,191,180
59,6,2008-03-01,200,229,236
59,7,2008-04-01,205,231,237
59,8,2008-05-01,171,215,227
59,9,2008-06-01,188,224,234
59,10,2008-07-01,191,225,234
59,11,2008-08-01,179,219,230
59,12,2008-09-01,221,237,241
59,13,2008-10-01,199,229,235
59,14,2008-11-01,149,202,217
59,15,2008-12-01,154,205,219
59,16,2009-01-01,176,218,229
59,17,2009-02-01,183,221,232
59,18,2009-03-01,155,206,219
59,19,2009-04-01,146,200,215
59,20,2009-05-01,128,190,209
59,21,2009-06-01,158,208,221
59,22,2009-07-01,201,230,236
59,23,2009-08-01,177,218,229
59,24,2009-09-01,246,227,223
59,25,2009-10-01,248,189,178
59,26,2009-11-01,249,159,148
59,27,2009-12-01,248,208,202
59,28,2010-01-01,195,227,235
59,29,2010-02-01,218,235,240
59,30,2010-03-01,217,235,240
59,31,2010-04-01,238,244,244
59,32,2010-05-01,181,221,232
59,33,2010-06-01,245,232,228
59,34,2010-07-01,148,202,216
59,35,2010-08-01,136,195,211
59,36,2010-09-01,174,217,228
59,37,2010-10-01,147,201,216
59,38,2010-11-01,194,227,234
59,39,2010-12-01,201,230,236
59,40,2011-01-01,242,245,245
59,41,2011-02-01,237,243,243
59,42,2011-03-01,198,228,235
59,43,2011-04-01,163,210,223
59,44,2011-05-01,166,212,224
59,45,2011-06-01,145,199,215
59,46,2011-07-01,200,229,236
59,47,2011-08-01,195,227,235
59,48,2011-09-01,192,226,234
59,49,2011-10-01,181,221,232
60,0,2007-09-01,224,238,241
60,1,2007-10-01,248,203,195
60,2,2007-11-01,245,239,237
60,3,2007-12-01,218,236,240
60,4,2008-01-01,245,231,228
60,5,2008-02-01,245,236,233
60,6,2008-03-01,194,227,234
60,7,2008-04-01,229,239,242
60,8,2008-05-01,183,221,232
60,9,2008-06-01,153,204,218
60,10,2008-07-01,196,228,235
60,11,2008-08-01,174,217,228
60,12,2008-09-01,199,229,236
60,13,2008-10-01,203,230,236
60,14,2008-11-01,164,210,223
60,15,2008-12-01,167,213,225
60,16,2009-01-01,175,217,228
60,17,2009-02-01,185,223,233
60,18,2009-03-01,141,197,213
60,19,2009-04-01,155,206,219
60,20,2009-05-01,133,193,211
60,21,2009-06-01,145,200,215
60,22,2009-07-01,201,230,236
60,23,2009-08-01,171,216,227
60,24,2009-09-01,249,177,166
60,25,2009-10-01,248,182,171
60,26,2009-11-01,247,117,110
60,27,2009-12-01,248,189,178
60,28,2010-01-01,240,244,244
60,29,2010-02-01,246,227,222
60,30,2010-03-01,245,237,235
60,31,2010-04-01,247,219,215
60,32,2010-05-01,229,239,242
60,33,2010-06-01,246,228,224
60,34,2010-07-01,141,197,213
60,35,2010-08-01,133,193,211
60,36,2010-09-01,163,209,223
60,37,2010-10-01,153,205,219
60,38,2010-11-01,210,233,238
60,39,2010-12-01,240,244,244
60,40,2011-01-01,232,240,242
60,41,2011-02-01,213,234,239
60,42,2011-03-01,193,226,234
60,43,2011-04-01,174,217,228
60,44,2011-05-01,155,206,219
60,45,2011-06-01,156,207,220
60,46,2011-07-01,142,197,214
60,47,2011-08-01,160,208,222
60,48,2011-09-01,205,230,237
60,49,2011-10-01,160,208,222
61,0,2007-09-01,246,229,225
61,1,2007-10-01,250,170,160
61,2,2007-11-01,243,246,246
61,3,2007-12-01,228,239,241
61,4,2008-01-01,244,242,241
61,5,2008-02-01,244,242,240
61,6,2008-03-01,188,224,234
61,7,2008-04-01,218,236,240
61,8,2008-05-01,179,219,230
61,9,2008-06-01,161,209,222
61,10,2008-07-01,221,237,241
61,11,2008-08-01,170,215,227
61,12,2008-09-01,198,228,235
61,13,2008-10-01,185,223,233
61,14,2008-11-01,164,211,224
61,15,2008-12-01,160,208,222
61,16,2009-01-01,156,206,220
61,17,2009-02-01,188,224,234
61,18,2009-03-01,145,200,215
61,19,2009-04-01,146,200,215
61,20,2009-05-01,126,189,208
61,21,2009-06-01,154,205,219
61,22,2009-07-01,208,232,237
61,23,2009-08-01,177,218,229
61,24,2009-09-01,229,240,242
61,25,2009-10-01,248,198,188
61,26,2009-11-01,250,152,143
61,27,2009-12-01,248,196,186
61,28,2010-01-01,215,234,239
61,29,2010-02-01,195,227,235
61,30,2010-03-01,236,243,243
61,31,2010-04-01,246,230,226
61,32,2010-05-01,209,232,238
61,33,2010-06-01,228,239,241
61,34,2010-07-01,136,195,211
61,35,2010-08-01,121,186,206
61,36,2010-09-01,152,204,218
61,37,2010-10-01,149,202,217
61,38,2010-11-01,185,222,233
61,39,2010-12-01,212,234,239
61,40,2011-01-01,201,230,236
61,41,2011-02-01,216,234,239
61,42,2011-03-01,169,213,226
61,43,2011-04-01,169,213,226
61,44,2011-05-01,144,199,216
61,45,2011-06-01,139,196,212
61,46,2011-07-01,129,191,210
61,47,2011-08-01,143,198,215
61,48,2011-09-01,183,221,232
61,49,2011-10-01,170,215,227
62,0,2007-09-01,245,238,236
62,1,2007-10-01,248,187,176
62,2,2007-11-01,246,228,224
62,3,2007-12-01,245,234,231
62,4,2008-01-01,245,236,234
62,5,2008-02-01,248,209,202
62,6,2008-03-01,193,227,234
62,7,2008-04-01,183,221,232
62,8,2008-05-01,164,210,223
62,9,2008-06-01,188,224,234
62,10,2008-07-01,208,232,238
62,11,2008-08-01,181,221,232
62,12,2008-09-01,205,231,237
62,13,2008-10-01,198,228,235
62,14,2008-11-01,156,206,220
62,15,2008-12-01,144,199,214
62,16,2009-01-01,176,218,229
62,17,2009-02-01,189,224,234
62,18,2009-03-01,150,203,217
62,19,2009-04-01,142,197,214
62,20,2009-05-01,134,193,211
62,21,2009-06-01,141,197,213
62,22,2009-07-01,220,237,241
62,23,2009-08-01,149,202,217
62,24,2009-09-01,223,237,241
62,25,2009-10-01,244,245,244
62,26,2009-11-01,249,159,148
62,27,2009-12-01,248,187,175
62,28,2010-01-01,198,228,235
62,29,2010-02-01,241,244,245
62,30,2010-03-01,183,222,233
62,31,2010-04-01,206,230,237
62,32,2010-05-01,230,240,242
62,33,2010-06-01,248,208,201
62,34,2010-07-01,144,199,216
62,35,2010-08-01,103,174,196
62,36,2010-09-01,170,215,227
62,37,2010-10-01,156,206,220
62,38,2010-11-01,199,229,235
62,39,2010-12-01,181,221,232
62,40,2011-01-01,217,235,240
62,41,2011-02-01,215,234,239
62,42,2011-03-01,187,223,234
62,43,2011-04-01,161,209,222
62,44,2011-05-01,153,204,218
62,45,2011-06-01,147,201,216
62,46,2011-07-01,141,197,213
62,47,2011-08-01,152,204,218
62,48,2011-09-01,214,234,239
62,49,2011-10-01,165,211,224
63,0,2007-09-01,246,230,226
63,1,2007-10-01,244,242,241
63,2,2007-11-01,250,165,154
63,3,2007-12-01,213,234,239
63,4,2008-01-01,244,244,244
63,5,2008-02-01,248,197,187
63,6,2008-03-01,195,227,235
63,7,2008-04-01,208,232,237
63,8,2008-05-01,214,233,239
63,9,2008-06-01,165,211,224
63,10,2008-07-01,172,216,227
63,11,2008-08-01,169,213,226
63,12,2008-09-01,191,225,234
63,13,2008-10-01,194,227,234
63,14,2008-11-01,176,218,229
63,15,2008-12-01,163,209,223
63,16,2009-01-01,175,217,228
63,17,2009-02-01,171,216,227
63,18,2009-03-01,126,189,208
63,19,2009-04-01,150,203,217
63,20,2009-05-01,140,196,214
63,21,2009-06-01,145,200,215
63,22,2009-07-01,180,220,232
63,23,2009-08-01,175,217,228
63,24,2009-09-01,202,229,236
63,25,2009-10-01,244,240,240
63,26,2009-11-01,249,174,164
63,27,2009-12-01,247,218,212
63,28,2010-01-01,226,239,242
63,29,2010-02-01,235,242,243
63,30,2010-03-01,221,237,241
63,31,2010-04-01,227,239,242
63,32,2010-05-01,196,228,235
63,33,2010-06-01,233,241,243
63,34,2010-07-01,124,187,207
63,35,2010-08-01,111,178,199
63,36,2010-09-01,175,217,229
63,37,2010-10-01,136,195,211
63,38,2010-11-01,170,215,227
63,39,2010-12-01,212,233,238
63,40,2011-01-01,233,241,242
63,41,2011-02-01,207,231,237
63,42,2011-03-01,158,208,221
63,43,2011-04-01,165,212,224
63,44,2011-05-01,137,195,213
63,45,2011-06-01,142,197,214
63,46,2011-07-01,144,199,216
63,47,2011-08-01,158,208,221
63,48,2011-09-01,150,203,217
63,49,2011-10-01,165,211,224
64,0,2007-09-01,244,240,240
64,1,2007-10-01,246,225,220
64,2,2007-11-01,247,218,213
64,3,2007-12-01,195,227,235
64,4,2008-01-01,246,228,224
64,5,2008-02-01,248,196,187
64,6,2008-03-01,179,219,230
64,7,2008-04-01,213,234,239
64,8,2008-05-01,164,210,223
64,9,2008-06-01,174,217,228
64,10,2008-07-01,178,219,230
64,11,2008-08-01,149,202,217
64,12,2008-09-01,200,229,236
64,13,2008-10-01,164,211,224
64,14,2008-11-01,150,203,218
64,15,2008-12-01,162,209,222
64,16,2009-01-01,168,212,225
64,17,2009-02-01,176,218,229
64,18,2009-03-01,147,201,216
64,19,2009-04-01,147,201,216
64,20,2009-05-01,122,187,206
64,21,2009-06-01,124,187,207
64,22,2009-07-01,169,214,226
64,23,2009-08-01,163,209,223
64,24,2009-09-01,221,237,241
64,25,2009-10-01,242,245,246
64,26,2009-11-01,249,185,174
64,27,2009-12-01,248,190,179
64,28,2010-01-01,227,239,241
64,29,2010-02-01,244,244,244
64,30,2010-03-01,235,242,243
64,31,2010-04-01,208,232,238
64,32,2010-05-01,190,225,235
64,33,2010-06-01,241,245,245
64,34,2010-07-01,150,203,217
64,35,2010-08-01,123,187,207
64,36,2010-09-01,165,210,224
64,37,2010-10-01,146,200,215
64,38,2010-11-01,212,234,239
64,39,2010-12-01,213,234,239
64,40,2011-01-01,201,230,236
64,41,2011-02-01,198,228,235
64,42,2011-03-01,171,215,227
64,43,2011-04-01,169,214,226
64,44,2011-05-01,141,197,213
64,45,2011-06-01,150,203,218
64,46,2011-07-01,133,193,211
64,47,2011-08-01,163,209,223
64,48,2011-09-01,181,221,232
64,49,2011-10-01,161,208,222
65,0,2007-09-01,244,246,246
65,1,2007-10-01,247,218,213
65,2,2007-11-01,240,244,244
65,3,2007-12-01,212,234,239
65,4,2008-01-01,236,243,243
65,5,2008-02-01,248,205,198
65,6,2008-03-01,190,225,235
65,7,2008-04-01,198,228,235
65,8,2008-05-01,205,231,237
65,9,2008-06-01,178,219,230
65,10,2008-07-01,187,223,234
65,11,2008-08-01,158,208,221
65,12,2008-09-01,224,238,241
65,13,2008-10-01,184,222,233
65,14,2008-11-01,153,204,218
65,15,2008-12-01,168,212,225
65,16,2009-01-01,169,214,226
65,17,2009-02-01,192,226,234
65,18,2009-03-01,145,200,215
65,19,2009-04-01,152,204,218
65,20,2009-05-01,121,186,206
65,21,2009-06-01,136,195,211
65,22,2009-07-01,172,216,227
65,23,2009-08-01,174,217,228
65,24,2009-09-01,218,236,240
65,25,2009-10-01,224,238,241
65,26,2009-11-01,248,193,182
65,27,2009-12-01,248,182,171
65,28,2010-01-01,244,246,246
65,29,2010-02-01,242,245,246
65,30,2010-03-01,214,234,239
65,31,2010-04-01,233,241,243
65,32,2010-05-01,216,234,240
65,33,2010-06-01,247,215,209
65,34,2010-07-01,140,197,213
65,35,2010-08-01,130,191,210
65,36,2010-09-01,155,205,219
65,37,2010-10-01,160,208,221
65,38,2010-11-01,213,234,239
65,39,2010-12-01,245,232,228
65,40,2011-01-01,230,240,242
65,41,2011-02-01,219,236,240
65,42,2011-03-01,194,227,234
65,43,2011-04-01,174,217,228
65,44,2011-05-01,157,207,220
65,45,2011-06-01,154,205,219
65,46,2011-07-01,161,208,222
65,47,2011-08-01,175,217,228
65,48,2011-09-01,205,231,237
65,49,2011-10-01,187,223,234
66,0,2007-09-01,232,240,242
66,1,2007-10-01,246,222,218
66,2,2007-11-01,249,168,157
66,3,2007-12-01,199,229,236
66,4,2008-01-01,249,185,174
66,5,2008-02-01,249,183,172
66,6,2008-03-01,207,231,237
66,7,2008-04-01,195,227,235
66,8,2008-05-01,194,227,234
66,9,2008-06-01,185,223,233
66,10,2008-07-01,227,239,241
66,11,2008-08-01,174,217,228
66,12,2008-09-01,224,238,241
66,13,2008-10-01,196,228,235
66,14,2008-11-01,193,226,234
66,15,2008-12-01,190,225,233
66,16,2009-01-01,192,226,234
66,17,2009-02-01,241,244,245
66,18,2009-03-01,154,205,219
66,19,2009-04-01,160,208,222
66,20,2009-05-01,143,199,214
66,21,2009-06-01,175,218,229
66,22,2009-07-01,246,227,222
66,23,2009-08-01,174,217,228
66,24,2009-09-01,248,196,187
66,25,2009-10-01,250,164,153
66,26,2009-11-01,245,105,98
66,27,2009-12-01,248,133,127
66,28,2010-01-01,248,199,188
66,29,2010-02-01,247,218,212
66,30,2010-03-01,248,196,187
66,31,2010-04-01,248,210,203
66,32,2010-05-01,245,238,236
66,33,2010-06-01,248,188,177
66,34,2010-07-01,160,208,222
66,35,2010-08-01,143,198,215
66,36,2010-09-01,190,225,233
66,37,2010-10-01,180,220,232
66,38,2010-11-01,249,201,193
66,39,2010-12-01,244,245,245
66,40,2011-01-01,248,203,194
66,41,2011-02-01,247,214,208
66,42,2011-03-01,218,236,240
66,43,2011-04-01,205,230,237
66,44,2011-05-01,170,215,227
66,45,2011-06-01,186,223,234
66,46,2011-07-01,180,220,231
66,47,2011-08-01,207,231,237
66,48,2011-09-01,206,230,237
66,49,2011-10-01,183,221,232
67,0,2007-09-01,245,234,231
67,1,2007-10-01,249,202,193
67,2,2007-11-01,249,185,174
67,3,2007-12-01,242,245,245
67,4,2008-01-01,248,200,192
67,5,2008-02-01,248,192,181
67,6,2008-03-01,201,230,236
67,7,2008-04-01,227,239,241
67,8,2008-05-01,199,229,236
67,9,2008-06-01,183,221,233
67,10,2008-07-01,196,228,235
67,11,2008-08-01,175,217,228
67,12,2008-09-01,185,223,233
67,13,2008-10-01,191,226,234
67,14,2008-11-01,175,217,228
67,15,2008-12-01,170,214,226
67,16,2009-01-01,179,219,230
67,17,2009-02-01,189,225,233
67,18,2009-03-01,160,208,222
67,19,2009-04-01,147,201,216
67,20,2009-05-01,136,195,211
67,21,2009-06-01,170,215,227
67,22,2009-07-01,246,230,225
67,23,2009-08-01,175,217,229
67,24,2009-09-01,247,220,216
67,25,2009-10-01,249,184,173
67,26,2009-11-01,248,124,118
67,27,2009-12-01,247,122,116
67,28,2010-01-01,237,243,243
67,29,2010-02-01,244,244,243
67,30,2010-03-01,244,244,244
67,31,2010-04-01,246,225,220
67,32,2010-05-01,246,227,223
67,33,2010-06-01,247,215,209
67,34,2010-07-01,175,217,229
67,35,2010-08-01,137,195,213
67,36,2010-09-01,178,219,230
67,37,2010-10-01,172,216,227
67,38,2010-11-01,227,239,242
67,39,2010-12-01,245,234,232
67,40,2011-01-01,244,240,239
67,41,2011-02-01,231,241,242
67,42,2011-03-01,194,227,234
67,43,2011-04-01,191,225,234
67,44,2011-05-01,190,225,233
67,45,2011-06-01,146,200,216
67,46,2011-07-01,167,212,225
67,47,2011-08-01,177,218,229
67,48,2011-09-01,207,231,237
67,49,2011-10-01,187,224,234
68,0,2007-09-01,226,239,242
68,1,2007-10-01,249,201,192
68,2,2007-11-01,249,185,174
68,3,2007-12-01,244,242,241
68,4,2008-01-01,248,188,177
68,5,2008-02-01,248,200,190
68,6,2008-03-01,186,223,233
68,7,2008-04-01,224,238,241
68,8,2008-05-01,196,228,235
68,9,2008-06-01,175,217,229
68,10,2008-07-01,209,232,238
68,11,2008-08-01,202,229,236
68,12,2008-09-01,188,224,234
68,13,2008-10-01,187,224,234
68,14,2008-11-01,158,207,221
68,15,2008-12-01,171,215,227
68,16,2009-01-01,169,213,226
68,17,2009-02-01,192,226,234
68,18,2009-03-01,161,208,222
68,19,2009-04-01,151,203,218
68,20,2009-05-01,140,197,213
68,21,2009-06-01,163,209,223
68,22,2009-07-01,213,234,239
68,23,2009-08-01,170,215,227
68,24,2009-09-01,246,224,219
68,25,2009-10-01,245,232,229
68,26,2009-11-01,250,141,132
68,27,2009-12-01,249,177,166
68,28,2010-01-01,230,240,242
68,29,2010-02-01,244,245,245
68,30,2010-03-01,242,245,246
68,31,2010-04-01,246,225,220
68,32,2010-05-01,243,245,246
68,33,2010-06-01,246,221,216
68,34,2010-07-01,161,209,222
68,35,2010-08-01,115,182,202
68,36,2010-09-01,174,216,228
68,37,2010-10-01,158,207,221
68,38,2010-11-01,225,239,242
68,39,2010-12-01,230,240,242
68,40,2011-01-01,236,242,243
68,41,2011-02-01,245,235,232
68,42,2011-03-01,213,234,239
68,43,2011-04-01,175,217,229
68,44,2011-05-01,168,212,225
68,45,2011-06-01,160,208,222
68,46,2011-07-01,175,217,228
68,47,2011-08-01,175,217,228
68,48,2011-09-01,216,234,240
68,49,2011-10-01,184,222,233
69,0,2007-09-01,241,245,245
69,1,2007-10-01,247,220,216
69,2,2007-11-01,249,183,172
69,3,2007-12-01,245,232,229
69,4,2008-01-01,249,159,148
69,5,2008-02-01,250,166,155
69,6,2008-03-01,244,245,244
69,7,2008-04-01,213,234,239
69,8,2008-05-01,191,225,234
69,9,2008-06-01,180,220,231
69,10,2008-07-01,243,246,246
69,11,2008-08-01,173,216,228
69,12,2008-09-01,234,242,243
69,13,2008-10-01,244,245,245
69,14,2008-11-01,196,228,235
69,15,2008-12-01,208,232,238
69,16,2009-01-01,193,227,234
69,17,2009-02-01,230,240,242
69,18,2009-03-01,175,217,228
69,19,2009-04-01,157,207,220
69,20,2009-05-01,129,191,209
69,21,2009-06-01,161,209,222
69,22,2009-07-01,234,241,243
69,23,2009-08-01,169,213,225
69,24,2009-09-01,249,168,157
69,25,2009-10-01,250,164,153
69,26,2009-11-01,246,109,103
69,27,2009-12-01,246,108,101
69,28,2010-01-01,248,207,200
69,29,2010-02-01,245,234,231
69,30,2010-03-01,237,243,243
69,31,2010-04-01,237,243,243
69,32,2010-05-01,246,221,216
69,33,2010-06-01,248,189,178
69,34,2010-07-01,167,213,225
69,35,2010-08-01,139,196,212
69,36,2010-09-01,215,234,239
69,37,2010-10-01,188,224,234
69,38,2010-11-01,219,236,240
69,39,2010-12-01,245,237,235
69,40,2011-01-01,246,228,224
69,41,2011-02-01,245,233,230
69,42,2011-03-01,212,234,239
69,43,2011-04-01,180,220,232
69,44,2011-05-01,164,210,223
69,45,2011-06-01,183,221,232
69,46,2011-07-01,180,220,231
69,47,2011-08-01,179,219,230
69,48,2011-09-01,220,237,241
69,49,2011-10-01,190,225,233
70,0,2007-09-01,247,220,216
70,1,2007-10-01,245,233,230
70,2,2007-11-01,246,226,222
70,3,2007-12-01,221,236,241
70,4,2008-01-01,244,244,243
70,5,2008-02-01,248,205,198
70,6,2008-03-01,213,234,239
70,7,2008-04-01,234,241,243
70,8,2008-05-01,199,229,235
70,9,2008-06-01,157,207,220
70,10,2008-07-01,217,235,240
70,11,2008-08-01,163,209,223
70,12,2008-09-01,224,238,241
70,13,2008-10-01,190,225,233
70,14,2008-11-01,174,217,228
70,15,2008-12-01,163,209,223
70,16,2009-01-01,195,227,235
70,17,2009-02-01,192,226,234
70,18,2009-03-01,149,202,217
70,19,2009-04-01,160,208,222
70,20,2009-05-01,141,197,213
70,21,2009-06-01,177,218,229
70,22,2009-07-01,212,234,239
70,23,2009-08-01,164,210,223
70,24,2009-09-01,237,243,243
70,25,2009-10-01,241,245,245
70,26,2009-11-01,248,128,121
70,27,2009-12-01,248,191,180
70,28,2010-01-01,240,244,244
70,29,2010-02-01,248,204,196
70,30,2010-03-01,248,207,200
70,31,2010-04-01,237,243,244
70,32,2010-05-01,226,239,242
70,33,2010-06-01,240,244,244
70,34,2010-07-01,150,203,218
70,35,2010-08-01,129,191,210
70,36,2010-09-01,211,233,238
70,37,2010-10-01,168,212,225
70,38,2010-11-01,206,230,237
70,39,2010-12-01,220,237,241
70,40,2011-01-01,246,231,227
70,41,2011-02-01,233,241,242
70,42,2011-03-01,202,229,236
70,43,2011-04-01,199,229,236
70,44,2011-05-01,169,213,225
70,45,2011-06-01,169,214,226
70,46,2011-07-01,163,209,223
70,47,2011-08-01,207,231,237
70,48,2011-09-01,222,238,241
70,49,2011-10-01,183,222,233
71,0,2007-09-01,245,238,237
71,1,2007-10-01,247,220,216
71,2,2007-11-01,248,211,204
71,3,2007-12-01,208,232,238
71,4,2008-01-01,244,240,240
71,5,2008-02-01,249,185,174
71,6,2008-03-01,188,224,234
71,7,2008-04-01,205,230,237
71,8,2008-05-01,170,214,226
71,9,2008-06-01,168,212,225
71,10,2008-07-01,193,226,234
71,11,2008-08-01,136,194,212
71,12,2008-09-01,209,232,238
71,13,2008-10-01,178,219,230
71,14,2008-11-01,158,207,221
71,15,2008-12-01,179,219,230
71,16,2009-01-01,173,216,228
71,17,2009-02-01,176,218,229
71,18,2009-03-01,136,194,212
71,19,2009-04-01,156,207,220
71,20,2009-05-01,122,186,206
71,21,2009-06-01,154,205,219
71,22,2009-07-01,186,223,233
71,23,2009-08-01,161,209,222
71,24,2009-09-01,244,244,243
71,25,2009-10-01,246,231,227
71,26,2009-11-01,248,135,128
71,27,2009-12-01,248,190,179
71,28,2010-01-01,243,246,246
71,29,2010-02-01,211,233,238
71,30,2010-03-01,245,236,233
71,31,2010-04-01,237,243,243
71,32,2010-05-01,236,242,243
71,33,2010-06-01,247,215,209
71,34,2010-07-01,133,192,211
71,35,2010-08-01,125,188,207
71,36,2010-09-01,164,210,223
71,37,2010-10-01,184,222,233
71,38,2010-11-01,212,233,238
71,39,2010-12-01,221,237,241
71,40,2011-01-01,242,245,246
71,41,2011-02-01,221,236,241
71,42,2011-03-01,169,213,226
71,43,2011-04-01,195,227,235
71,44,2011-05-01,164,210,223
71,45,2011-06-01,178,219,230
71,46,2011-07-01,151,203,218
71,47,2011-08-01,183,221,232
71,48,2011-09-01,170,215,227
71,49,2011-10-01,188,224,234
72,0,2007-09-01,248,205,197
72,1,2007-10-01,247,218,214
72,2,2007-11-01,248,204,196
72,3,2007-12-01,236,243,243
72,4,2008-01-01,249,202,193
72,5,2008-02-01,248,190,179
72,6,2008-03-01,177,218,229
72,7,2008-04-01,237,243,243
72,8,2008-05-01,183,221,232
72,9,2008-06-01,169,214,226
72,10,2008-07-01,208,232,238
72,11,2008-08-01,155,205,219
72,12,2008-09-01,196,228,235
72,13,2008-10-01,192,226,234
72,14,2008-11-01,185,222,233
72,15,2008-12-01,194,227,234
72,16,2009-01-01,167,212,225
72,17,2009-02-01,184,222,233
72,18,2009-03-01,144,199,214
72,19,2009-04-01,147,201,216
72,20,2009-05-01,122,186,206
72,21,2009-06-01,169,214,226
72,22,2009-07-01,217,235,240
72,23,2009-08-01,174,216,228
72,24,2009-09-01,235,242,243
72,25,2009-10-01,246,228,224
72,26,2009-11-01,249,151,141
72,27,2009-12-01,249,202,194
72,28,2010-01-01,194,227,235
72,29,2010-02-01,227,239,241
72,30,2010-03-01,237,243,243
72,31,2010-04-01,244,245,245
72,32,2010-05-01,225,238,242
72,33,2010-06-01,238,243,244
72,34,2010-07-01,142,198,214
72,35,2010-08-01,132,192,210
72,36,2010-09-01,171,216,227
72,37,2010-10-01,169,213,226
72,38,2010-11-01,198,228,235
72,39,2010-12-01,243,245,246
72,40,2011-01-01,243,246,246
72,41,2011-02-01,216,234,240
72,42,2011-03-01,193,226,234
72,43,2011-04-01,178,219,230
72,44,2011-05-01,164,211,224
72,45,2011-06-01,158,208,221
72,46,2011-07-01,167,213,225
72,47,2011-08-01,161,209,222
72,48,2011-09-01,188,224,234
72,49,2011-10-01,178,219,230
73,0,2007-09-01,248,182,171
73,1,2007-10-01,246,222,218
73,2,2007-11-01,245,239,237
73,3,2007-12-01,208,232,238
73,4,2008-01-01,245,238,236
73,5,2008-02-01,249,177,167
73,6,2008-03-01,192,226,234
73,7,2008-04-01,215,234,239
73,8,2008-05-01,200,229,236
73,9,2008-06-01,205,230,237
73,10,2008-07-01,202,229,236
73,11,2008-08-01,180,220,231
73,12,2008-09-01,234,242,243
73,13,2008-10-01,233,241,242
73,14,2008-11-01,189,224,234
73,15,2008-12-01,190,225,235
73,16,2009-01-01,194,227,234
73,17,2009-02-01,205,231,237
73,18,2009-03-01,174,217,228
73,19,2009-04-01,168,212,225
73,20,2009-05-01,164,210,223
73,21,2009-06-01,187,223,234
73,22,2009-07-01,188,224,234
73,23,2009-08-01,165,211,224
73,24,2009-09-01,242,245,246
73,25,2009-10-01,250,172,162
73,26,2009-11-01,245,98,91
73,27,2009-12-01,250,139,130
73,28,2010-01-01,230,240,242
73,29,2010-02-01,227,239,241
73,30,2010-03-01,244,245,245
73,31,2010-04-01,250,165,154
73,32,2010-05-01,232,240,242
73,33,2010-06-01,247,217,211
73,34,2010-07-01,155,206,219
73,35,2010-08-01,153,204,218
73,36,2010-09-01,165,211,224
73,37,2010-10-01,164,211,224
73,38,2010-11-01,199,229,235
73,39,2010-12-01,221,237,241
73,40,2011-01-01,225,239,242
73,41,2011-02-01,227,239,242
73,42,2011-03-01,198,228,235
73,43,2011-04-01,185,223,233
73,44,2011-05-01,147,201,216
73,45,2011-06-01,175,217,228
73,46,2011-07-01,164,211,224
73,47,2011-08-01,191,225,234
73,48,2011-09-01,213,234,239
73,49,2011-10-01,184,222,233
74,0,2007-09-01,233,241,243
74,1,2007-10-01,247,218,214
74,2,2007-11-01,249,184,173
74,3,2007-12-01,211,233,238
74,4,2008-01-01,245,236,234
74,5,2008-02-01,249,201,193
74,6,2008-03-01,201,230,236
74,7,2008-04-01,196,228,235
74,8,2008-05-01,180,220,232
74,9,2008-06-01,167,212,225
74,10,2008-07-01,196,228,235
74,11,2008-08-01,167,212,225
74,12,2008-09-01,219,236,240
74,13,2008-10-01,230,240,242
74,14,2008-11-01,179,220,231
74,15,2008-12-01,164,210,223
74,16,2009-01-01,165,212,224
74,17,2009-02-01,179,219,230
74,18,2009-03-01,151,203,218
74,19,2009-04-01,144,199,214
74,20,2009-05-01,123,187,206
74,21,2009-06-01,150,203,217
74,22,2009-07-01,188,224,234
74,23,2009-08-01,175,217,229
74,24,2009-09-01,246,230,226
74,25,2009-10-01,248,209,203
74,26,2009-11-01,249,143,133
74,27,2009-12-01,248,182,171
74,28,2010-01-01,242,245,245
74,29,2010-02-01,235,242,243
74,30,2010-03-01,246,221,216
74,31,2010-04-01,245,231,228
74,32,2010-05-01,246,230,226
74,33,2010-06-01,215,234,239
74,34,2010-07-01,169,213,226
74,35,2010-08-01,139,196,212
74,36,2010-09-01,200,229,236
74,37,2010-10-01,161,209,222
74,38,2010-11-01,208,231,237
74,39,2010-12-01,191,225,234
74,40,2011-01-01,248,207,200
74,41,2011-02-01,240,244,244
74,42,2011-03-01,193,227,234
74,43,2011-04-01,202,229,236
74,44,2011-05-01,151,203,218
74,45,2011-06-01,175,217,229
74,46,2011-07-01,149,202,217
74,47,2011-08-01,191,225,234
74,48,2011-09-01,213,234,239
74,49,2011-10-01,183,222,233
75,0,2007-09-01,248,206,199
75,1,2007-10-01,238,243,244
75,2,2007-11-01,248,186,175
75,3,2007-12-01,213,234,239
75,4,2008-01-01,249,176,165
75,5,2008-02-01,249,183,172
75,6,2008-03-01,188,224,234
75,7,2008-04-01,212,233,238
75,8,2008-05-01,181,221,232
75,9,2008-06-01,169,213,226
75,10,2008-07-01,179,219,230
75,11,2008-08-01,159,208,221
75,12,2008-09-01,221,237,241
75,13,2008-10-01,176,218,229
75,14,2008-11-01,153,204,218
75,15,2008-12-01,175,217,229
75,16,2009-01-01,173,216,228
75,17,2009-02-01,220,237,241
75,18,2009-03-01,155,206,219
75,19,2009-04-01,157,207,220
75,20,2009-05-01,115,182,202
75,21,2009-06-01,130,191,210
75,22,2009-07-01,198,228,235
75,23,2009-08-01,152,204,218
75,24,2009-09-01,217,235,240
75,25,2009-10-01,244,242,241
75,26,2009-11-01,249,178,168
75,27,2009-12-01,249,179,169
75,28,2010-01-01,244,243,242
75,29,2010-02-01,219,236,240
75,30,2010-03-01,248,209,202
75,31,2010-04-01,245,236,233
75,32,2010-05-01,245,233,229
75,33,2010-06-01,248,194,183
75,34,2010-07-01,135,194,211
75,35,2010-08-01,133,193,211
75,36,2010-09-01,157,207,220
75,37,2010-10-01,159,208,221
75,38,2010-11-01,233,241,242
75,39,2010-12-01,225,238,242
75,40,2011-01-01,228,239,242
75,41,2011-02-01,219,236,240
75,42,2011-03-01,224,238,241
75,43,2011-04-01,189,224,234
75,44,2011-05-01,167,213,225
75,45,2011-06-01,176,218,229
75,46,2011-07-01,158,208,221
75,47,2011-08-01,178,219,230
75,48,2011-09-01,176,218,229
75,49,2011-10-01,164,210,223
76,0,2007-09-01,244,246,246
76,1,2007-10-01,245,237,235
76,2,2007-11-01,247,215,209
76,3,2007-12-01,229,239,242
76,4,2008-01-01,248,201,191
76,5,2008-02-01,249,159,148
76,6,2008-03-01,188,224,234
76,7,2008-04-01,228,239,242
76,8,2008-05-01,221,237,241
76,9,2008-06-01,195,227,235
76,10,2008-07-01,221,237,241
76,11,2008-08-01,179,220,231
76,12,2008-09-01,245,238,236
76,13,2008-10-01,245,236,233
76,14,2008-11-01,169,213,226
76,15,2008-12-01,175,217,228
76,16,2009-01-01,198,228,235
76,17,2009-02-01,216,235,240
76,18,2009-03-01,164,211,224
76,19,2009-04-01,163,209,223
76,20,2009-05-01,155,206,220
76,21,2009-06-01,178,219,230
76,22,2009-07-01,192,226,234
76,23,2009-08-01,170,215,227
76,24,2009-09-01,249,167,156
76,25,2009-10-01,245,231,228
76,26,2009-11-01,249,151,142
76,27,2009-12-01,248,131,124
76,28,2010-01-01,245,238,236
76,29,2010-02-01,247,218,212
76,30,2010-03-01,217,235,240
76,31,2010-04-01,248,188,177
76,32,2010-05-01,249,168,157
76,33,2010-06-01,246,223,217
76,34,2010-07-01,181,220,232
76,35,2010-08-01,160,208,222
76,36,2010-09-01,195,227,235
76,37,2010-10-01,199,229,236
76,38,2010-11-01,246,229,225
76,39,2010-12-01,248,200,190
76,40,2011-01-01,248,209,202
76,41,2011-02-01,246,224,219
76,42,2011-03-01,240,244,244
76,43,2011-04-01,225,239,242
76,44,2011-05-01,178,219,230
76,45,2011-06-01,210,233,238
76,46,2011-07-01,203,230,237
76,47,2011-08-01,215,234,239
76,48,2011-09-01,209,232,238
76,49,2011-10-01,218,236,240
77,0,2007-09-01,245,238,236
77,1,2007-10-01,249,184,172
77,2,2007-11-01,248,205,198
77,3,2007-12-01,217,235,240
77,4,2008-01-01,247,218,213
77,5,2008-02-01,245,238,237
77,6,2008-03-01,180,220,232
77,7,2008-04-01,236,243,243
77,8,2008-05-01,194,227,235
77,9,2008-06-01,169,214,226
77,10,2008-07-01,187,223,234
77,11,2008-08-01,157,207,220
77,12,2008-09-01,209,232,238
77,13,2008-10-01,194,227,235
77,14,2008-11-01,158,208,221
77,15,2008-12-01,184,222,233
77,16,2009-01-01,171,215,227
77,17,2009-02-01,179,219,230
77,18,2009-03-01,151,203,218
77,19,2009-04-01,148,202,216
77,20,2009-05-01,135,194,212
77,21,2009-06-01,148,202,216
77,22,2009-07-01,210,233,238
77,23,2009-08-01,168,212,225
77,24,2009-09-01,215,234,239
77,25,2009-10-01,246,228,223
77,26,2009-11-01,250,139,130
77,27,2009-12-01,245,236,233
77,28,2010-01-01,212,234,239
77,29,2010-02-01,225,239,242
77,30,2010-03-01,243,245,246
77,31,2010-04-01,245,239,237
77,32,2010-05-01,241,244,245
77,33,2010-06-01,243,245,246
77,34,2010-07-01,158,207,221
77,35,2010-08-01,126,189,208
77,36,2010-09-01,159,208,221
77,37,2010-10-01,155,206,219
77,38,2010-11-01,181,221,232
77,39,2010-12-01,219,236,240
77,40,2011-01-01,217,235,240
77,41,2011-02-01,205,230,237
77,42,2011-03-01,169,214,226
77,43,2011-04-01,179,219,230
77,44,2011-05-01,129,190,209
77,45,2011-06-01,165,211,224
77,46,2011-07-01,132,192,210
77,47,2011-08-01,183,221,232
77,48,2011-09-01,179,219,230
77,49,2011-10-01,146,200,216
78,0,2007-09-01,232,240,242
78,1,2007-10-01,240,244,244
78,2,2007-11-01,249,185,174
78,3,2007-12-01,216,235,240
78,4,2008-01-01,248,210,203
78,5,2008-02-01,248,186,175
78,6,2008-03-01,208,232,237
78,7,2008-04-01,233,241,242
78,8,2008-05-01,176,218,229
78,9,2008-06-01,161,208,222
78,10,2008-07-01,215,234,239
78,11,2008-08-01,167,213,225
78,12,2008-09-01,194,227,235
78,13,2008-10-01,214,234,239
78,14,2008-11-01,157,207,220
78,15,2008-12-01,160,208,222
78,16,2009-01-01,165,211,224
78,17,2009-02-01,198,228,235
78,18,2009-03-01,142,198,214
78,19,2009-04-01,144,199,216
78,20,2009-05-01,136,195,211
78,21,2009-06-01,170,215,227
78,22,2009-07-01,195,227,235
78,23,2009-08-01,151,203,218
78,24,2009-09-01,219,236,240
78,25,2009-10-01,244,243,242
78,26,2009-11-01,250,169,159
78,27,2009-12-01,247,215,209
78,28,2010-01-01,198,228,235
78,29,2010-02-01,198,228,235
78,30,2010-03-01,227,239,242
78,31,2010-04-01,246,230,226
78,32,2010-05-01,223,237,241
78,33,2010-06-01,226,239,242
78,34,2010-07-01,140,197,213
78,35,2010-08-01,135,194,212
78,36,2010-09-01,164,210,223
78,37,2010-10-01,153,204,218
78,38,2010-11-01,190,225,235
78,39,2010-12-01,213,234,239
78,40,2011-01-01,225,239,242
78,41,2011-02-01,203,230,237
78,42,2011-03-01,209,232,238
78,43,2011-04-01,163,209,223
78,44,2011-05-01,155,206,219
78,45,2011-06-01,165,211,224
78,46,2011-07-01,155,205,219
78,47,2011-08-01,159,208,221
78,48,2011-09-01,176,218,229
78,49,2011-10-01,165,211,224
79,0,2007-09-01,244,246,246
79,1,2007-10-01,248,196,187
79,2,2007-11-01,244,242,241
79,3,2007-12-01,245,237,235
79,4,2008-01-01,247,217,211
79,5,2008-02-01,249,177,167
79,6,2008-03-01,165,210,224
79,7,2008-04-01,240,244,244
79,8,2008-05-01,180,220,231
79,9,2008-06-01,167,212,225
79,10,2008-07-01,199,229,236
79,11,2008-08-01,160,208,222
79,12,2008-09-01,207,231,237
79,13,2008-10-01,200,229,236
79,14,2008-11-01,179,219,230
79,15,2008-12-01,170,215,227
79,16,2009-01-01,180,220,232
79,17,2009-02-01,207,231,237
79,18,2009-03-01,155,206,219
79,19,2009-04-01,146,200,216
79,20,2009-05-01,134,193,211
79,21,2009-06-01,164,211,224
79,22,2009-07-01,215,234,239
79,23,2009-08-01,165,211,224
79,24,2009-09-01,246,228,223
79,25,2009-10-01,235,242,243
79,26,2009-11-01,250,161,150
79,27,2009-12-01,248,187,176
79,28,2010-01-01,229,239,242
79,29,2010-02-01,241,245,245
79,30,2010-03-01,227,239,242
79,31,2010-04-01,243,246,246
79,32,2010-05-01,207,231,237
79,33,2010-06-01,214,234,239
79,34,2010-07-01,140,196,214
79,35,2010-08-01,146,200,215
79,36,2010-09-01,174,217,228
79,37,2010-10-01,151,203,218
79,38,2010-11-01,207,231,237
79,39,2010-12-01,241,245,245
79,40,2011-01-01,244,242,242
79,41,2011-02-01,242,245,245
79,42,2011-03-01,199,229,236
79,43,2011-04-01,177,218,229
79,44,2011-05-01,153,204,218
79,45,2011-06-01,179,219,230
79,46,2011-07-01,175,217,228
79,47,2011-08-01,180,220,232
79,48,2011-09-01,185,222,233
79,49,2011-10-01,173,216,228
80,0,2007-09-01,245,235,232
80,1,2007-10-01,248,209,202
80,2,2007-11-01,244,245,245
80,3,2007-12-01,245,235,232
80,4,2008-01-01,247,215,209
80,5,2008-02-01,249,201,192
80,6,2008-03-01,198,228,235
80,7,2008-04-01,205,230,237
80,8,2008-05-01,199,229,236
80,9,2008-06-01,167,213,225
80,10,2008-07-01,246,228,224
80,11,2008-08-01,165,211,224
80,12,2008-09-01,191,225,234
80,13,2008-10-01,217,235,240
80,14,2008-11-01,161,209,222
80,15,2008-12-01,167,213,225
80,16,2009-01-01,181,221,232
80,17,2009-02-01,199,229,236
80,18,2009-03-01,164,210,223
80,19,2009-04-01,150,203,217
80,20,2009-05-01,119,183,204
80,21,2009-06-01,150,203,217
80,22,2009-07-01,207,231,237
80,23,2009-08-01,180,220,231
80,24,2009-09-01,215,234,239
80,25,2009-10-01,211,233,238
80,26,2009-11-01,249,151,141
80,27,2009-12-01,250,173,163
80,28,2010-01-01,227,239,241
80,29,2010-02-01,214,233,239
80,30,2010-03-01,226,239,242
80,31,2010-04-01,237,243,244
80,32,2010-05-01,205,230,237
80,33,2010-06-01,245,235,233
80,34,2010-07-01,158,208,221
80,35,2010-08-01,139,196,212
80,36,2010-09-01,187,223,234
80,37,2010-10-01,172,216,227
80,38,2010-11-01,207,231,237
80,39,2010-12-01,223,237,241
80,40,2011-01-01,235,242,243
80,41,2011-02-01,221,237,241
80,42,2011-03-01,188,224,234
80,43,2011-04-01,173,216,228
80,44,2011-05-01,171,215,227
80,45,2011-06-01,169,214,226
80,46,2011-07-01,155,206,219
80,47,2011-08-01,169,214,226
80,48,2011-09-01,193,226,234
80,49,2011-10-01,179,219,230
81,0,2007-09-01,242,245,246
81,1,2007-10-01,247,212,206
81,2,2007-11-01,246,229,225
81,3,2007-12-01,220,237,241
81,4,2008-01-01,246,224,218
81,5,2008-02-01,248,193,182
81,6,2008-03-01,179,219,230
81,7,2008-04-01,237,243,243
81,8,2008-05-01,181,221,232
81,9,2008-06-01,178,219,230
81,10,2008-07-01,203,230,237
81,11,2008-08-01,158,208,221
81,12,2008-09-01,195,227,235
81,13,2008-10-01,205,231,237
81,14,2008-11-01,169,214,226
81,15,2008-12-01,169,214,226
81,16,2009-01-01,175,217,229
81,17,2009-02-01,198,228,235
81,18,2009-03-01,145,200,215
81,19,2009-04-01,165,211,224
81,20,2009-05-01,145,200,215
81,21,2009-06-01,165,211,224
81,22,2009-07-01,233,241,242
81,23,2009-08-01,174,216,228
81,24,2009-09-01,248,190,179
81,25,2009-10-01,250,152,143
81,26,2009-11-01,249,149,139
81,27,2009-12-01,249,150,141
81,28,2010-01-01,243,246,246
81,29,2010-02-01,246,227,222
81,30,2010-03-01,245,233,230
81,31,2010-04-01,249,174,164
81,32,2010-05-01,248,195,186
81,33,2010-06-01,248,187,175
81,34,2010-07-01,159,208,221
81,35,2010-08-01,144,199,216
81,36,2010-09-01,183,221,232
81,37,2010-10-01,152,204,218
81,38,2010-11-01,217,235,240
81,39,2010-12-01,209,232,238
81,40,2011-01-01,244,240,239
81,41,2011-02-01,236,243,243
81,42,2011-03-01,209,232,238
81,43,2011-04-01,219,236,240
81,44,2011-05-01,175,217,229
81,45,2011-06-01,167,213,225
81,46,2011-07-01,171,215,227
81,47,2011-08-01,181,221,232
81,48,2011-09-01,223,237,241
81,49,2011-10-01,201,230,236
82,0,2007-09-01,217,235,240
82,1,2007-10-01,246,225,219
82,2,2007-11-01,245,233,230
82,3,2007-12-01,246,227,222
82,4,2008-01-01,246,227,223
82,5,2008-02-01,247,218,214
82,6,2008-03-01,205,231,237
82,7,2008-04-01,244,244,243
82,8,2008-05-01,192,226,234
82,9,2008-06-01,158,208,221
82,10,2008-07-01,223,237,241
82,11,2008-08-01,166,212,224
82,12,2008-09-01,183,222,233
82,13,2008-10-01,208,232,238
82,14,2008-11-01,167,212,225
82,15,2008-12-01,178,219,230
82,16,2009-01-01,174,217,228
82,17,2009-02-01,196,228,235
82,18,2009-03-01,144,199,214
82,19,2009-04-01,163,209,223
82,20,2009-05-01,133,192,211
82,21,2009-06-01,155,205,219
82,22,2009-07-01,205,230,237
82,23,2009-08-01,167,212,225
82,24,2009-09-01,226,239,242
82,25,2009-10-01,246,221,216
82,26,2009-11-01,248,191,180
82,27,2009-12-01,249,157,147
82,28,2010-01-01,217,235,240
82,29,2010-02-01,238,244,244
82,30,2010-03-01,238,244,244
82,31,2010-04-01,244,244,243
82,32,2010-05-01,231,241,242
82,33,2010-06-01,249,179,169
82,34,2010-07-01,169,214,226
82,35,2010-08-01,133,193,211
82,36,2010-09-01,161,208,222
82,37,2010-10-01,173,216,228
82,38,2010-11-01,218,235,240
82,39,2010-12-01,205,230,237
82,40,2011-01-01,234,242,243
82,41,2011-02-01,229,239,242
82,42,2011-03-01,181,221,232
82,43,2011-04-01,175,217,229
82,44,2011-05-01,155,205,219
82,45,2011-06-01,174,216,228
82,46,2011-07-01,160,208,222
82,47,2011-08-01,184,222,233
82,48,2011-09-01,213,234,239
82,49,2011-10-01,164,211,224
83,0,2007-09-01,244,242,241
83,1,2007-10-01,250,172,162
83,2,2007-11-01,248,194,183
83,3,2007-12-01,227,239,242
83,4,2008-01-01,248,194,183
83,5,2008-02-01,245,238,237
83,6,2008-03-01,184,222,233
83,7,2008-04-01,244,246,246
83,8,2008-05-01,178,219,230
83,9,2008-06-01,147,201,216
83,10,2008-07-01,205,231,237
83,11,2008-08-01,168,212,225
83,12,2008-09-01,228,239,241
83,13,2008-10-01,179,219,230
83,14,2008-11-01,170,215,227
83,15,2008-12-01,170,214,226
83,16,2009-01-01,170,215,227
83,17,2009-02-01,190,225,235
83,18,2009-03-01,154,205,219
83,19,2009-04-01,147,201,216
83,20,2009-05-01,128,190,209
83,21,2009-06-01,148,201,216
83,22,2009-07-01,185,222,233
83,23,2009-08-01,169,213,225
83,24,2009-09-01,245,235,232
83,25,2009-10-01,245,237,234
83,26,2009-11-01,247,217,211
83,27,2009-12-01,246,223,217
83,28,2010-01-01,208,232,238
83,29,2010-02-01,233,241,243
83,30,2010-03-01,221,237,241
83,31,2010-04-01,221,237,241
83,32,2010-05-01,194,227,234
83,33,2010-06-01,248,211,204
83,34,2010-07-01,143,198,215
83,35,2010-08-01,112,179,200
83,36,2010-09-01,181,221,232
83,37,2010-10-01,146,201,216
83,38,2010-11-01,193,226,234
83,39,2010-12-01,186,223,234
83,40,2011-01-01,187,224,234
83,41,2011-02-01,215,234,239
83,42,2011-03-01,179,219,230
83,43,2011-04-01,171,215,227
83,44,2011-05-01,165,211,224
83,45,2011-06-01,155,206,219
83,46,2011-07-01,147,201,216
83,47,2011-08-01,163,209,223
83,48,2011-09-01,167,213,225
83,49,2011-10-01,164,210,223
84,0,2007-09-01,245,233,230
84,1,2007-10-01,245,236,233
84,2,2007-11-01,248,209,202
84,3,2007-12-01,212,234,239
84,4,2008-01-01,248,186,175
84,5,2008-02-01,249,185,174
84,6,2008-03-01,225,238,242
84,7,2008-04-01,203,230,237
84,8,2008-05-01,210,233,238
84,9,2008-06-01,163,209,223
84,10,2008-07-01,205,231,237
84,11,2008-08-01,170,215,227
84,12,2008-09-01,194,227,235
84,13,2008-10-01,211,233,238
84,14,2008-11-01,165,211,224
84,15,2008-12-01,195,227,235
84,16,2009-01-01,186,223,234
84,17,2009-02-01,188,224,234
84,18,2009-03-01,149,202,217
84,19,2009-04-01,158,207,221
84,20,2009-05-01,143,198,215
84,21,2009-06-01,158,207,221
84,22,2009-07-01,211,233,238
84,23,2009-08-01,170,214,226
84,24,2009-09-01,247,212,206
84,25,2009-10-01,248,205,198
84,26,2009-11-01,250,162,151
84,27,2009-12-01,247,124,117
84,28,2010-01-01,245,236,234
84,29,2010-02-01,245,238,236
84,30,2010-03-01,242,245,246
84,31,2010-04-01,237,243,243
84,32,2010-05-01,245,238,236
84,33,2010-06-01,249,177,166
84,34,2010-07-01,171,215,227
84,35,2010-08-01,150,203,218
84,36,2010-09-01,176,218,229
84,37,2010-10-01,169,214,226
84,38,2010-11-01,244,243,242
84,39,2010-12-01,244,243,242
84,40,2011-01-01,231,241,242
84,41,2011-02-01,219,236,240
84,42,2011-03-01,194,227,234
84,43,2011-04-01,198,228,235
84,44,2011-05-01,164,210,223
84,45,2011-06-01,161,209,222
84,46,2011-07-01,159,208,221
84,47,2011-08-01,184,222,233
84,48,2011-09-01,211,233,238
84,49,2011-10-01,171,215,227
85,0,2007-09-01,247,219,215
85,1,2007-10-01,248,195,184
85,2,2007-11-01,249,181,170
85,3,2007-12-01,219,236,240
85,4,2008-01-01,248,191,180
85,5,2008-02-01,246,221,216
85,6,2008-03-01,195,227,235
85,7,2008-04-01,234,241,243
85,8,2008-05-01,189,224,234
85,9,2008-06-01,207,231,237
85,10,2008-07-01,236,243,243
85,11,2008-08-01,158,207,221
85,12,2008-09-01,224,238,241
85,13,2008-10-01,242,245,245
85,14,2008-11-01,181,221,232
85,15,2008-12-01,210,232,238
85,16,2009-01-01,185,223,233
85,17,2009-02-01,245,238,236
85,18,2009-03-01,168,212,225
85,19,2009-04-01,174,217,228
85,20,2009-05-01,159,208,221
85,21,2009-06-01,172,216,227
85,22,2009-07-01,201,230,236
85,23,2009-08-01,189,225,233
85,24,2009-09-01,247,210,204
85,25,2009-10-01,250,152,142
85,26,2009-11-01,250,140,131
85,27,2009-12-01,249,150,140
85,28,2010-01-01,247,219,215
85,29,2010-02-01,247,220,216
85,30,2010-03-01,246,225,219
85,31,2010-04-01,248,195,186
85,32,2010-05-01,247,218,214
85,33,2010-06-01,249,157,147
85,34,2010-07-01,168,212,225
85,35,2010-08-01,149,202,217
85,36,2010-09-01,209,232,238
85,37,2010-10-01,193,226,234
85,38,2010-11-01,238,243,244
85,39,2010-12-01,247,218,212
85,40,2011-01-01,248,209,202
85,41,2011-02-01,248,195,184
85,42,2011-03-01,196,228,235
85,43,2011-04-01,244,245,245
85,44,2011-05-01,211,233,238
85,45,2011-06-01,195,227,235
85,46,2011-07-01,169,213,225
85,47,2011-08-01,199,228,235
85,48,2011-09-01,246,226,221
85,49,2011-10-01,199,229,235
86,0,2007-09-01,245,234,231
86,1,2007-10-01,246,231,227
86,2,2007-11-01,248,195,186
86,3,2007-12-01,224,238,241
86,4,2008-01-01,248,194,183
86,5,2008-02-01,248,199,189
86,6,2008-03-01,198,228,235
86,7,2008-04-01,225,238,242
86,8,2008-05-01,186,223,233
86,9,2008-06-01,175,217,229
86,10,2008-07-01,222,238,241
86,11,2008-08-01,169,213,226
86,12,2008-09-01,237,243,243
86,13,2008-10-01,217,235,240
86,14,2008-11-01,221,236,241
86,15,2008-12-01,173,216,228
86,16,2009-01-01,186,223,234
86,17,2009-02-01,223,237,241
86,18,2009-03-01,163,209,223
86,19,2009-04-01,161,209,222
86,20,2009-05-01,152,204,218
86,21,2009-06-01,169,214,226
86,22,2009-07-01,244,242,241
86,23,2009-08-01,181,221,232
86,24,2009-09-01,221,237,241
86,25,2009-10-01,249,160,149
86,26,2009-11-01,247,119,111
86,27,2009-12-01,249,183,172
86,28,2010-01-01,248,209,202
86,29,2010-02-01,248,204,196
86,30,2010-03-01,247,214,207
86,31,2010-04-01,248,187,176
86,32,2010-05-01,226,239,242
86,33,2010-06-01,244,245,245
86,34,2010-07-01,178,219,230
86,35,2010-08-01,137,195,213
86,36,2010-09-01,216,234,239
86,37,2010-10-01,181,221,232
86,38,2010-11-01,247,216,210
86,39,2010-12-01,250,164,153
86,40,2011-01-01,240,244,244
86,41,2011-02-01,236,242,243
86,42,2011-03-01,203,230,237
86,43,2011-04-01,217,235,240
86,44,2011-05-01,174,217,228
86,45,2011-06-01,199,229,236
86,46,2011-07-01,192,226,234
86,47,2011-08-01,215,234,239
86,48,2011-09-01,237,243,244
86,49,2011-10-01,223,237,241
87,0,2007-09-01,245,238,236
87,1,2007-10-01,247,215,209
87,2,2007-11-01,249,177,167
87,3,2007-12-01,205,230,237
87,4,2008-01-01,246,224,219
87,5,2008-02-01,248,195,184
87,6,2008-03-01,200,229,236
87,7,2008-04-01,224,238,241
87,8,2008-05-01,195,227,235
87,9,2008-06-01,171,215,227
87,10,2008-07-01,234,242,243
87,11,2008-08-01,159,208,221
87,12,2008-09-01,205,231,237
87,13,2008-10-01,224,238,241
87,14,2008-11-01,174,217,228
87,15,2008-12-01,185,223,233
87,16,2009-01-01,179,219,230
87,17,2009-02-01,191,225,234
87,18,2009-03-01,155,206,219
87,19,2009-04-01,155,205,219
87,20,2009-05-01,130,191,210
87,21,2009-06-01,156,206,220
87,22,2009-07-01,207,231,237
87,23,2009-08-01,171,215,227
87,24,2009-09-01,243,246,246
87,25,2009-10-01,244,245,245
87,26,2009-11-01,249,174,164
87,27,2009-12-01,248,192,180
87,28,2010-01-01,226,239,242
87,29,2010-02-01,247,218,214
87,30,2010-03-01,208,232,238
87,31,2010-04-01,246,223,217
87,32,2010-05-01,245,233,230
87,33,2010-06-01,248,208,201
87,34,2010-07-01,183,221,232
87,35,2010-08-01,144,199,216
87,36,2010-09-01,200,229,236
87,37,2010-10-01,181,220,232
87,38,2010-11-01,234,241,243
87,39,2010-12-01,224,238,241
87,40,2011-01-01,248,188,177
87,41,2011-02-01,231,241,242
87,42,2011-03-01,234,241,243
87,43,2011-04-01,186,223,233
87,44,2011-05-01,174,217,228
87,45,2011-06-01,183,221,233
87,46,2011-07-01,158,208,221
87,47,2011-08-01,235,242,243
87,48,2011-09-01,233,241,242
87,49,2011-10-01,210,233,238
88,0,2007-09-01,248,203,195
88,1,2007-10-01,246,223,217
88,2,2007-11-01,245,237,235
88,3,2007-12-01,224,238,241
88,4,2008-01-01,244,244,243
88,5,2008-02-01,248,191,180
88,6,2008-03-01,183,221,232
88,7,2008-04-01,207,231,237
88,8,2008-05-01,194,227,234
88,9,2008-06-01,163,209,223
88,10,2008-07-01,209,232,238
88,11,2008-08-01,169,213,226
88,12,2008-09-01,205,230,237
88,13,2008-10-01,243,246,246
88,14,2008-11-01,174,216,228
88,15,2008-12-01,175,217,228
88,16,2009-01-01,157,207,220
88,17,2009-02-01,179,219,230
88,18,2009-03-01,143,198,215
88,19,2009-04-01,137,195,213
88,20,2009-05-01,127,190,209
88,21,2009-06-01,147,201,216
88,22,2009-07-01,196,228,235
88,23,2009-08-01,164,210,223
88,24,2009-09-01,196,228,235
88,25,2009-10-01,237,243,243
88,26,2009-11-01,248,196,186
88,27,2009-12-01,248,194,183
88,28,2010-01-01,217,235,240
88,29,2010-02-01,236,242,243
88,30,2010-03-01,227,239,242
88,31,2010-04-01,247,220,216
88,32,2010-05-01,179,219,230
88,33,2010-06-01,224,238,241
88,34,2010-07-01,164,210,223
88,35,2010-08-01,132,192,210
88,36,2010-09-01,169,213,226
88,37,2010-10-01,168,212,225
88,38,2010-11-01,189,224,234
88,39,2010-12-01,220,237,241
88,40,2011-01-01,221,237,241
88,41,2011-02-01,219,236,240
88,42,2011-03-01,165,211,224
88,43,2011-04-01,195,227,235
88,44,2011-05-01,150,203,217
88,45,2011-06-01,159,208,221
88,46,2011-07-01,144,199,214
88,47,2011-08-01,150,203,217
88,48,2011-09-01,192,226,234
88,49,2011-10-01,181,221,232
89,0,2007-09-01,245,235,232
89,1,2007-10-01,247,217,211
89,2,2007-11-01,248,194,183
89,3,2007-12-01,229,239,242
89,4,2008-01-01,248,212,205
89,5,2008-02-01,248,212,205
89,6,2008-03-01,193,226,234
89,7,2008-04-01,211,233,238
89,8,2008-05-01,207,231,237
89,9,2008-06-01,161,208,222
89,10,2008-07-01,205,231,237
89,11,2008-08-01,164,210,223
89,12,2008-09-01,217,235,240
89,13,2008-10-01,230,240,242
89,14,2008-11-01,163,209,223
89,15,2008-12-01,180,220,232
89,16,2009-01-01,184,222,233
89,17,2009-02-01,207,231,237
89,18,2009-03-01,150,203,218
89,19,2009-04-01,127,190,209
89,20,2009-05-01,143,199,214
89,21,2009-06-01,145,200,215
89,22,2009-07-01,196,228,235
89,23,2009-08-01,158,208,221
89,24,2009-09-01,246,229,225
89,25,2009-10-01,246,221,216
89,26,2009-11-01,250,139,130
89,27,2009-12-01,248,193,182
89,28,2010-01-01,249,179,169
89,29,2010-02-01,246,227,223
89,30,2010-03-01,187,224,234
89,31,2010-04-01,246,221,216
89,32,2010-05-01,207,231,237
89,33,2010-06-01,244,242,241
89,34,2010-07-01,161,209,222
89,35,2010-08-01,127,190,209
89,36,2010-09-01,173,216,228
89,37,2010-10-01,174,216,228
89,38,2010-11-01,214,234,239
89,39,2010-12-01,243,246,246
89,40,2011-01-01,240,244,244
89,41,2011-02-01,245,234,231
89,42,2011-03-01,207,231,237
89,43,2011-04-01,185,223,233
89,44,2011-05-01,158,207,221
89,45,2011-06-01,169,213,226
89,46,2011-07-01,169,214,226
89,47,2011-08-01,157,207,220
89,48,2011-09-01,214,233,239
89,49,2011-10-01,180,220,232
90,0,2007-09-01,241,244,245
90,1,2007-10-01,245,237,235
90,2,2007-11-01,245,239,237
90,3,2007-12-01,227,239,241
90,4,2008-01-01,248,193,182
90,5,2008-02-01,248,191,180
90,6,2008-03-01,184,222,233
90,7,2008-04-01,216,235,240
90,8,2008-05-01,200,229,236
90,9,2008-06-01,161,208,222
90,10,2008-07-01,224,238,241
90,11,2008-08-01,154,205,219
90,12,2008-09-01,183,221,233
90,13,2008-10-01,191,225,234
90,14,2008-11-01,156,206,220
90,15,2008-12-01,167,213,225
90,16,2009-01-01,167,213,225
90,17,2009-02-01,175,217,229
90,18,2009-03-01,121,186,206
90,19,2009-04-01,127,190,209
90,20,2009-05-01,115,182,202
90,21,2009-06-01,158,208,221
90,22,2009-07-01,213,234,239
90,23,2009-08-01,157,207,220
90,24,2009-09-01,244,244,243
90,25,2009-10-01,247,219,215
90,26,2009-11-01,248,192,180
90,27,2009-12-01,250,163,152
90,28,2010-01-01,225,239,242
90,29,2010-02-01,218,236,240
90,30,2010-03-01,205,231,237
90,31,2010-04-01,242,245,245
90,32,2010-05-01,247,218,214
90,33,2010-06-01,248,193,182
90,34,2010-07-01,171,215,227
90,35,2010-08-01,142,198,214
90,36,2010-09-01,201,230,236
90,37,2010-10-01,180,220,232
90,38,2010-11-01,228,239,241
90,39,2010-12-01,238,243,244
90,40,2011-01-01,216,235,240
90,41,2011-02-01,218,235,240
90,42,2011-03-01,180,220,231
90,43,2011-04-01,222,238,241
90,44,2011-05-01,171,216,227
90,45,2011-06-01,171,215,227
90,46,2011-07-01,169,214,226
90,47,2011-08-01,169,213,226
90,48,2011-09-01,243,245,246
90,49,2011-10-01,198,228,235
91,0,2007-09-01,242,245,246
91,1,2007-10-01,248,192,181
91,2,2007-11-01,248,192,181
91,3,2007-12-01,214,234,239
91,4,2008-01-01,241,244,245
91,5,2008-02-01,246,229,225
91,6,2008-03-01,210,233,238
91,7,2008-04-01,221,236,241
91,8,2008-05-01,167,212,225
91,9,2008-06-01,168,212,225
91,10,2008-07-01,214,234,239
91,11,2008-08-01,167,213,225
91,12,2008-09-01,184,222,233
91,13,2008-10-01,192,226,234
91,14,2008-11-01,171,215,227
91,15,2008-12-01,173,216,228
91,16,2009-01-01,161,209,222
91,17,2009-02-01,185,222,233
91,18,2009-03-01,142,197,214
91,19,2009-04-01,143,198,215
91,20,2009-05-01,144,199,214
91,21,2009-06-01,136,194,212
91,22,2009-07-01,184,222,233
91,23,2009-08-01,158,207,221
91,24,2009-09-01,247,219,214
91,25,2009-10-01,218,236,240
91,26,2009-11-01,247,218,213
91,27,2009-12-01,245,239,237
91,28,2010-01-01,199,228,235
91,29,2010-02-01,208,232,238
91,30,2010-03-01,221,236,241
91,31,2010-04-01,233,241,242
91,32,2010-05-01,212,234,239
91,33,2010-06-01,224,238,241
91,34,2010-07-01,160,208,222
91,35,2010-08-01,144,199,214
91,36,2010-09-01,169,213,226
91,37,2010-10-01,184,222,233
91,38,2010-11-01,201,230,236
91,39,2010-12-01,209,232,238
91,40,2011-01-01,202,229,236
91,41,2011-02-01,200,229,236
91,42,2011-03-01,187,224,234
91,43,2011-04-01,179,219,230
91,44,2011-05-01,156,206,220
91,45,2011-06-01,149,202,217
91,46,2011-07-01,155,206,219
91,47,2011-08-01,177,218,229
91,48,2011-09-01,215,234,239
91,49,2011-10-01,170,215,227
92,0,2007-09-01,246,231,227
92,1,2007-10-01,246,226,221
92,2,2007-11-01,248,192,181
92,3,2007-12-01,223,237,241
92,4,2008-01-01,245,237,235
92,5,2008-02-01,245,239,237
92,6,2008-03-01,203,229,236
92,7,2008-04-01,213,234,239
92,8,2008-05-01,175,217,228
92,9,2008-06-01,165,211,224
92,10,2008-07-01,211,233,238
92,11,2008-08-01,151,203,218
92,12,2008-09-01,196,228,235
92,13,2008-10-01,216,235,240
92,14,2008-11-01,176,218,229
92,15,2008-12-01,156,207,220
92,16,2009-01-01,151,203,218
92,17,2009-02-01,167,213,225
92,18,2009-03-01,146,200,215
92,19,2009-04-01,152,204,218
92,20,2009-05-01,134,194,211
92,21,2009-06-01,141,197,213
92,22,2009-07-01,169,213,226
92,23,2009-08-01,144,199,216
92,24,2009-09-01,207,231,237
92,25,2009-10-01,207,231,237
92,26,2009-11-01,248,197,187
92,27,2009-12-01,248,192,181
92,28,2010-01-01,185,223,233
92,29,2010-02-01,207,231,237
92,30,2010-03-01,203,230,237
92,31,2010-04-01,215,234,239
92,32,2010-05-01,240,244,244
92,33,2010-06-01,249,202,193
92,34,2010-07-01,161,209,222
92,35,2010-08-01,126,189,208
92,36,2010-09-01,191,225,234
92,37,2010-10-01,173,216,228
92,38,2010-11-01,229,239,242
92,39,2010-12-01,216,235,240
92,40,2011-01-01,202,229,236
92,41,2011-02-01,215,234,239
92,42,2011-03-01,209,232,238
92,43,2011-04-01,180,220,232
92,44,2011-05-01,161,209,222
92,45,2011-06-01,181,220,232
92,46,2011-07-01,167,212,225
92,47,2011-08-01,175,217,228
92,48,2011-09-01,188,224,234
92,49,2011-10-01,187,223,234
93,0,2007-09-01,245,237,234
93,1,2007-10-01,247,211,205
93,2,2007-11-01,249,176,165
93,3,2007-12-01,233,241,243
93,4,2008-01-01,242,245,246
93,5,2008-02-01,246,227,223
93,6,2008-03-01,181,220,232
93,7,2008-04-01,223,237,241
93,8,2008-05-01,184,222,233
93,9,2008-06-01,152,204,218
93,10,2008-07-01,212,234,239
93,11,2008-08-01,174,217,228
93,12,2008-09-01,209,232,238
93,13,2008-10-01,218,235,240
93,14,2008-11-01,169,214,226
93,15,2008-12-01,178,219,230
93,16,2009-01-01,152,204,218
93,17,2009-02-01,166,212,224
93,18,2009-03-01,129,191,209
93,19,2009-04-01,132,192,210
93,20,2009-05-01,125,188,208
93,21,2009-06-01,121,186,206
93,22,2009-07-01,203,230,237
93,23,2009-08-01,157,207,220
93,24,2009-09-01,205,230,237
93,25,2009-10-01,221,237,241
93,26,2009-11-01,247,214,207
93,27,2009-12-01,248,191,180
93,28,2010-01-01,213,234,239
93,29,2010-02-01,226,239,242
93,30,2010-03-01,227,239,242
93,31,2010-04-01,225,239,242
93,32,2010-05-01,200,229,236
93,33,2010-06-01,244,244,244
93,34,2010-07-01,160,208,222
93,35,2010-08-01,135,194,212
93,36,2010-09-01,190,225,235
93,37,2010-10-01,159,208,221
93,38,2010-11-01,201,230,236
93,39,2010-12-01,181,221,232
93,40,2011-01-01,213,234,239
93,41,2011-02-01,215,234,239
93,42,2011-03-01,198,228,235
93,43,2011-04-01,199,229,236
93,44,2011-05-01,169,213,226
93,45,2011-06-01,167,212,225
93,46,2011-07-01,153,204,218
93,47,2011-08-01,169,214,226
93,48,2011-09-01,190,225,235
93,49,2011-10-01,175,217,229
94,0,2007-09-01,245,232,229
94,1,2007-10-01,244,242,241
94,2,2007-11-01,248,203,194
94,3,2007-12-01,240,244,244
94,4,2008-01-01,240,244,244
94,5,2008-02-01,241,245,245
94,6,2008-03-01,194,227,234
94,7,2008-04-01,201,230,236
94,8,2008-05-01,193,226,234
94,9,2008-06-01,153,204,218
94,10,2008-07-01,201,230,236
94,11,2008-08-01,164,211,224
94,12,2008-09-01,212,234,239
94,13,2008-10-01,185,223,233
94,14,2008-11-01,154,205,219
94,15,2008-12-01,165,210,224
94,16,2009-01-01,149,202,217
94,17,2009-02-01,166,212,224
94,18,2009-03-01,147,201,216
94,19,2009-04-01,137,195,211
94,20,2009-05-01,124,187,207
94,21,2009-06-01,143,199,214
94,22,2009-07-01,159,208,221
94,23,2009-08-01,165,211,224
94,24,2009-09-01,203,230,237
94,25,2009-10-01,208,231,237
94,26,2009-11-01,246,231,227
94,27,2009-12-01,247,218,214
94,28,2010-01-01,213,234,239
94,29,2010-02-01,194,227,234
94,30,2010-03-01,194,227,234
94,31,2010-04-01,226,239,242
94,32,2010-05-01,193,226,234
94,33,2010-06-01,244,243,242
94,34,2010-07-01,163,210,223
94,35,2010-08-01,126,189,208
94,36,2010-09-01,159,208,221
94,37,2010-10-01,167,213,225
94,38,2010-11-01,193,226,234
94,39,2010-12-01,184,222,233
94,40,2011-01-01,201,230,236
94,41,2011-02-01,194,227,234
94,42,2011-03-01,180,220,232
94,43,2011-04-01,181,220,232
94,44,2011-05-01,165,211,224
94,45,2011-06-01,157,207,220
94,46,2011-07-01,157,207,220
94,47,2011-08-01,163,209,223
94,48,2011-09-01,179,219,230
94,49,2011-10-01,180,220,232
95,0,2007-09-01,246,221,216
95,1,2007-10-01,247,218,213
95,2,2007-11-01,248,198,188
95,3,2007-12-01,226,239,242
95,4,2008-01-01,248,198,188
95,5,2008-02-01,246,228,223
95,6,2008-03-01,199,229,235
95,7,2008-04-01,233,241,242
95,8,2008-05-01,186,223,234
95,9,2008-06-01,185,222,233
95,10,2008-07-01,244,244,243
95,11,2008-08-01,171,216,227
95,12,2008-09-01,194,227,234
95,13,2008-10-01,217,235,240
95,14,2008-11-01,164,210,223
95,15,2008-12-01,168,212,225
95,16,2009-01-01,164,211,224
95,17,2009-02-01,166,212,224
95,18,2009-03-01,145,200,215
95,19,2009-04-01,140,197,213
95,20,2009-05-01,113,179,200
95,21,2009-06-01,152,204,218
95,22,2009-07-01,205,231,237
95,23,2009-08-01,155,206,219
95,24,2009-09-01,230,240,242
95,25,2009-10-01,245,231,228
95,26,2009-11-01,246,221,216
95,27,2009-12-01,248,195,184
95,28,2010-01-01,188,224,234
95,29,2010-02-01,227,239,242
95,30,2010-03-01,194,227,235
95,31,2010-04-01,210,233,238
95,32,2010-05-01,207,231,237
95,33,2010-06-01,232,240,242
95,34,2010-07-01,180,220,232
95,35,2010-08-01,124,187,207
95,36,2010-09-01,176,218,229
95,37,2010-10-01,159,208,221
95,38,2010-11-01,198,228,235
95,39,2010-12-01,213,234,239
95,40,2011-01-01,209,232,238
95,41,2011-02-01,191,225,234
95,42,2011-03-01,171,215,227
95,43,2011-04-01,185,223,233
95,44,2011-05-01,145,200,215
95,45,2011-06-01,170,215,227
95,46,2011-07-01,178,219,230
95,47,2011-08-01,175,217,229
95,48,2011-09-01,183,221,232
95,49,2011-10-01,150,203,218
96,0,2007-09-01,246,224,219
96,1,2007-10-01,249,181,170
96,2,2007-11-01,248,187,175
96,3,2007-12-01,238,244,244
96,4,2008-01-01,234,242,243
96,5,2008-02-01,248,203,195
96,6,2008-03-01,175,217,229
96,7,2008-04-01,210,233,238
96,8,2008-05-01,195,227,235
96,9,2008-06-01,173,216,228
96,10,2008-07-01,225,239,242
96,11,2008-08-01,159,208,221
96,12,2008-09-01,205,230,237
96,13,2008-10-01,186,223,233
96,14,2008-11-01,188,224,234
96,15,2008-12-01,183,222,233
96,16,2009-01-01,173,216,228
96,17,2009-02-01,176,218,229
96,18,2009-03-01,135,194,212
96,19,2009-04-01,140,196,212
96,20,2009-05-01,132,192,210
96,21,2009-06-01,165,211,224
96,22,2009-07-01,171,216,227
96,23,2009-08-01,155,206,219
96,24,2009-09-01,213,234,239
96,25,2009-10-01,224,238,241
96,26,2009-11-01,226,239,242
96,27,2009-12-01,248,187,176
96,28,2010-01-01,185,223,233
96,29,2010-02-01,222,238,241
96,30,2010-03-01,203,230,237
96,31,2010-04-01,214,234,239
96,32,2010-05-01,195,227,235
96,33,2010-06-01,242,245,246
96,34,2010-07-01,164,211,224
96,35,2010-08-01,150,203,217
96,36,2010-09-01,176,218,229
96,37,2010-10-01,164,210,223
96,38,2010-11-01,205,230,237
96,39,2010-12-01,225,239,242
96,40,2011-01-01,199,229,236
96,41,2011-02-01,202,229,236
96,42,2011-03-01,186,223,234
96,43,2011-04-01,180,220,231
96,44,2011-05-01,174,217,228
96,45,2011-06-01,173,216,228
96,46,2011-07-01,156,206,220
96,47,2011-08-01,169,214,226
96,48,2011-09-01,196,228,235
96,49,2011-10-01,189,224,234
97,0,2007-09-01,247,219,215
97,1,2007-10-01,248,196,187
97,2,2007-11-01,249,202,193
97,3,2007-12-01,221,236,241
97,4,2008-01-01,246,231,227
97,5,2008-02-01,246,224,219
97,6,2008-03-01,194,227,235
97,7,2008-04-01,244,246,246
97,8,2008-05-01,179,219,230
97,9,2008-06-01,183,221,233
97,10,2008-07-01,210,233,238
97,11,2008-08-01,144,199,216
97,12,2008-09-01,189,224,234
97,13,2008-10-01,163,210,223
97,14,2008-11-01,154,205,219
97,15,2008-12-01,164,210,223
97,16,2009-01-01,166,212,224
97,17,2009-02-01,174,216,228
97,18,2009-03-01,139,196,212
97,19,2009-04-01,149,202,217
97,20,2009-05-01,133,193,211
97,21,2009-06-01,150,203,217
97,22,2009-07-01,169,213,226
97,23,2009-08-01,157,207,220
97,24,2009-09-01,214,234,239
97,25,2009-10-01,196,228,235
97,26,2009-11-01,238,243,244
97,27,2009-12-01,248,206,199
97,28,2010-01-01,186,223,233
97,29,2010-02-01,209,232,238
97,30,2010-03-01,199,229,236
97,31,2010-04-01,245,236,233
97,32,2010-05-01,201,230,236
97,33,2010-06-01,245,236,234
97,34,2010-07-01,164,211,224
97,35,2010-08-01,146,200,215
97,36,2010-09-01,167,212,225
97,37,2010-10-01,158,208,221
97,38,2010-11-01,193,226,234
97,39,2010-12-01,236,242,243
97,40,2011-01-01,205,230,237
97,41,2011-02-01,192,226,234
97,42,2011-03-01,169,214,226
97,43,2011-04-01,164,210,223
97,44,2011-05-01,151,203,218
97,45,2011-06-01,167,212,225
97,46,2011-07-01,152,204,218
97,47,2011-08-01,183,221,232
97,48,2011-09-01,196,228,235
97,49,2011-10-01,155,206,219
98,0,2007-09-01,247,215,209
98,1,2007-10-01,245,234,231
98,2,2007-11-01,248,182,171
98,3,2007-12-01,216,234,239
98,4,2008-01-01,244,242,242
98,5,2008-02-01,249,201,193
98,6,2008-03-01,189,224,234
98,7,2008-04-01,237,243,243
98,8,2008-05-01,188,224,234
98,9,2008-06-01,156,207,220
98,10,2008-07-01,201,230,236
98,11,2008-08-01,159,208,221
98,12,2008-09-01,175,217,229
98,13,2008-10-01,170,214,226
98,14,2008-11-01,150,203,218
98,15,2008-12-01,163,209,223
98,16,2009-01-01,156,206,220
98,17,2009-02-01,179,219,230
98,18,2009-03-01,153,204,218
98,19,2009-04-01,153,204,218
98,20,2009-05-01,136,195,211
98,21,2009-06-01,152,204,218
98,22,2009-07-01,180,220,231
98,23,2009-08-01,155,205,219
98,24,2009-09-01,203,230,237
98,25,2009-10-01,207,231,237
98,26,2009-11-01,235,242,243
98,27,2009-12-01,244,246,246
98,28,2010-01-01,181,221,232
98,29,2010-02-01,176,218,229
98,30,2010-03-01,214,233,239
98,31,2010-04-01,217,235,240
98,32,2010-05-01,194,227,235
98,33,2010-06-01,248,208,201
98,34,2010-07-01,150,203,217
98,35,2010-08-01,139,196,212
98,36,2010-09-01,156,206,220
98,37,2010-10-01,174,216,228
98,38,2010-11-01,167,212,225
98,39,2010-12-01,184,222,233
98,40,2011-01-01,180,220,232
98,41,2011-02-01,201,228,236
98,42,2011-03-01,171,215,227
98,43,2011-04-01,160,208,222
98,44,2011-05-01,160,208,222
98,45,2011-06-01,171,215,227
98,46,2011-07-01,147,201,216
98,47,2011-08-01,163,209,223
98,48,2011-09-01,164,210,223
98,49,2011-10-01,132,192,210
99,0,2007-09-01,229,239,242
99,1,2007-10-01,248,191,180
99,2,2007-11-01,248,205,197
99,3,2007-12-01,233,241,242
99,4,2008-01-01,245,233,230
99,5,2008-02-01,247,220,216
99,6,2008-03-01,177,218,229
99,7,2008-04-01,240,244,244
99,8,2008-05-01,159,208,221
99,9,2008-06-01,179,219,230
99,10,2008-07-01,202,229,236
99,11,2008-08-01,164,211,224
99,12,2008-09-01,171,214,227
99,13,2008-10-01,170,215,227
99,14,2008-11-01,143,198,215
99,15,2008-12-01,165,212,224
99,16,2009-01-01,158,208,221
99,17,2009-02-01,160,208,222
99,18,2009-03-01,149,202,217
99,19,2009-04-01,139,196,212
99,20,2009-05-01,136,195,211
99,21,2009-06-01,136,194,212
99,22,2009-07-01,167,213,225
99,23,2009-08-01,124,188,207
99,24,2009-09-01,196,228,235
99,25,2009-10-01,175,217,229
99,26,2009-11-01,188,224,234
99,27,2009-12-01,245,232,229
99,28,2010-01-01,167,212,225
99,29,2010-02-01,185,222,233
99,30,2010-03-01,176,218,229
99,31,2010-04-01,188,224,234
99,32,2010-05-01,173,216,228
99,33,2010-06-01,220,237,241
99,34,2010-07-01,144,199,216
99,35,2010-08-01,133,193,211
99,36,2010-09-01,167,212,225
99,37,2010-10-01,130,191,210
99,38,2010-11-01,169,214,226
99,39,2010-12-01,164,211,224
99,40,2011-01-01,177,218,229
99,41,2011-02-01,184,222,233
99,42,2011-03-01,160,208,222
99,43,2011-04-01,167,212,225
99,44,2011-05-01,157,207,220
99,45,2011-06-01,156,206,220
99,46,2011-07-01,157,207,220
99,47,2011-08-01,154,205,219
99,48,2011-09-01,169,213,226
99,49,2011-10-01,146,201,216
