row,state,column,date,red,green,blue
0,Alabama,0,2020-01-18,197,197,199
0,Alabama,1,2020-01-25,197,197,199
0,Alabama,2,2020-02-01,167,168,171
0,Alabama,3,2020-02-08,197,197,199
0,Alabama,4,2020-02-15,197,197,199
0,Alabama,5,2020-02-22,167,168,171
0,Alabama,6,2020-02-29,219,220,221
0,Alabama,7,2020-03-07,219,220,221
0,Alabama,8,2020-03-14,197,197,199
0,Alabama,9,2020-03-21,44,46,53
0,Alabama,10,2020-03-28,44,46,53
0,Alabama,11,2020-04-04,44,46,53
0,Alabama,12,2020-04-11,44,46,53
0,Alabama,13,2020-04-18,44,46,53
0,Alabama,14,2020-04-25,44,46,53
0,Alabama,15,2020-05-02,44,46,53
0,Alabama,16,2020-05-09,124,126,130
0,Alabama,17,2020-05-16,124,126,130
0,Alabama,18,2020-05-23,124,126,130
0,Alabama,19,2020-05-30,124,126,130
0,Alabama,20,2020-06-06,69,71,77
0,Alabama,21,2020-06-13,69,71,77
0,Alabama,22,2020-06-20,69,71,77
0,Alabama,23,2020-06-27,44,46,53
0,Alabama,24,2020-07-04,44,46,53
0,Alabama,25,2020-07-11,124,126,130
0,Alabama,26,2020-07-18,69,71,77
0,Alabama,27,2020-07-25,124,126,130
0,Alabama,28,2020-08-01,69,71,77
0,Alabama,29,2020-08-08,69,71,77
0,Alabama,30,2020-08-15,69,71,77
0,Alabama,31,2020-08-22,69,71,77
0,Alabama,32,2020-08-29,69,71,77
0,Alabama,33,2020-09-05,124,126,130
0,Alabama,34,2020-09-12,124,126,130
0,Alabama,35,2020-09-19,69,71,77
0,Alabama,36,2020-09-26,124,126,130
0,Alabama,37,2020-10-03,69,71,77
0,Alabama,38,2020-10-10,69,71,77
0,Alabama,39,2020-10-17,124,126,130
0,Alabama,40,2020-10-24,69,71,77
0,Alabama,41,2020-10-31,124,126,130
0,Alabama,42,2020-11-07,69,71,77
0,Alabama,43,2020-11-14,124,126,130
0,Alabama,44,2020-11-21,69,71,77
0,Alabama,45,2020-11-28,44,46,53
0,Alabama,46,2020-12-05,44,46,53
0,Alabama,47,2020-12-12,124,126,130
0,Alabama,48,2020-12-19,69,71,77
0,Alabama,49,2020-12-26,124,126,130
0,Alabama,50,2021-01-02,69,71,77
0,Alabama,51,2021-01-09,124,126,130
0,Alabama,52,2021-01-16,69,71,77
0,Alabama,53,2021-01-23,44,46,53
0,Alabama,54,2021-01-30,44,46,53
0,Alabama,55,2021-02-06,44,46,53
0,Alabama,56,2021-02-13,44,46,53
0,Alabama,57,2021-02-20,44,46,53
0,Alabama,58,2021-02-27,44,46,53
1,Alaska,0,2020-01-18,239,239,240
1,Alaska,1,2020-01-25,255,255,255
1,Alaska,2,2020-02-01,219,220,221
1,Alaska,3,2020-02-08,219,220,221
1,Alaska,4,2020-02-15,219,220,221
1,Alaska,5,2020-02-22,219,220,221
1,Alaska,6,2020-02-29,255,255,255
1,Alaska,7,2020-03-07,219,220,221
1,Alaska,8,2020-03-14,167,168,171
1,Alaska,9,2020-03-21,44,46,53
1,Alaska,10,2020-03-28,44,46,53
1,Alaska,11,2020-04-04,44,46,53
1,Alaska,12,2020-04-11,69,71,77
1,Alaska,13,2020-04-18,124,126,130
1,Alaska,14,2020-04-25,69,71,77
1,Alaska,15,2020-05-02,124,126,130
1,Alaska,16,2020-05-09,124,126,130
1,Alaska,17,2020-05-16,69,71,77
1,Alaska,18,2020-05-23,124,126,130
1,Alaska,19,2020-05-30,69,71,77
1,Alaska,20,2020-06-06,69,71,77
1,Alaska,21,2020-06-13,124,126,130
1,Alaska,22,2020-06-20,69,71,77
1,Alaska,23,2020-06-27,69,71,77
1,Alaska,24,2020-07-04,124,126,130
1,Alaska,25,2020-07-11,44,46,53
1,Alaska,26,2020-07-18,44,46,53
1,Alaska,27,2020-07-25,69,71,77
1,Alaska,28,2020-08-01,255,255,255
1,Alaska,29,2020-08-08,239,239,240
1,Alaska,30,2020-08-15,219,220,221
1,Alaska,31,2020-08-22,219,220,221
1,Alaska,32,2020-08-29,219,220,221
1,Alaska,33,2020-09-05,219,220,221
1,Alaska,34,2020-09-12,239,239,240
1,Alaska,35,2020-09-19,255,255,255
1,Alaska,36,2020-09-26,219,220,221
1,Alaska,37,2020-10-03,197,197,199
1,Alaska,38,2020-10-10,44,46,53
1,Alaska,39,2020-10-17,219,220,221
1,Alaska,40,2020-10-24,239,239,240
1,Alaska,41,2020-10-31,239,239,240
1,Alaska,42,2020-11-07,219,220,221
1,Alaska,43,2020-11-14,219,220,221
1,Alaska,44,2020-11-21,239,239,240
1,Alaska,45,2020-11-28,219,220,221
1,Alaska,46,2020-12-05,167,168,171
1,Alaska,47,2020-12-12,219,220,221
1,Alaska,48,2020-12-19,239,239,240
1,Alaska,49,2020-12-26,255,255,255
1,Alaska,50,2021-01-02,255,255,255
1,Alaska,51,2021-01-09,219,220,221
1,Alaska,52,2021-01-16,167,168,171
1,Alaska,53,2021-01-23,197,197,199
1,Alaska,54,2021-01-30,197,197,199
1,Alaska,55,2021-02-06,219,220,221
1,Alaska,56,2021-02-13,239,239,240
1,Alaska,57,2021-02-20,219,220,221
1,Alaska,58,2021-02-27,167,168,171
2,Arizona,0,2020-01-18,219,220,221
2,Arizona,1,2020-01-25,219,220,221
2,Arizona,2,2020-02-01,219,220,221
2,Arizona,3,2020-02-08,197,197,199
2,Arizona,4,2020-02-15,197,197,199
2,Arizona,5,2020-02-22,219,220,221
2,Arizona,6,2020-02-29,255,255,255
2,Arizona,7,2020-03-07,219,220,221
2,Arizona,8,2020-03-14,167,168,171
2,Arizona,9,2020-03-21,44,46,53
2,Arizona,10,2020-03-28,44,46,53
2,Arizona,11,2020-04-04,44,46,53
2,Arizona,12,2020-04-11,44,46,53
2,Arizona,13,2020-04-18,44,46,53
2,Arizona,14,2020-04-25,44,46,53
2,Arizona,15,2020-05-02,44,46,53
2,Arizona,16,2020-05-09,44,46,53
2,Arizona,17,2020-05-16,124,126,130
2,Arizona,18,2020-05-23,124,126,130
2,Arizona,19,2020-05-30,69,71,77
2,Arizona,20,2020-06-06,44,46,53
2,Arizona,21,2020-06-13,44,46,53
2,Arizona,22,2020-06-20,44,46,53
2,Arizona,23,2020-06-27,44,46,53
2,Arizona,24,2020-07-04,44,46,53
2,Arizona,25,2020-07-11,44,46,53
2,Arizona,26,2020-07-18,44,46,53
2,Arizona,27,2020-07-25,44,46,53
2,Arizona,28,2020-08-01,44,46,53
2,Arizona,29,2020-08-08,69,71,77
2,Arizona,30,2020-08-15,124,126,130
2,Arizona,31,2020-08-22,44,46,53
2,Arizona,32,2020-08-29,44,46,53
2,Arizona,33,2020-09-05,44,46,53
2,Arizona,34,2020-09-12,44,46,53
2,Arizona,35,2020-09-19,44,46,53
2,Arizona,36,2020-09-26,44,46,53
2,Arizona,37,2020-10-03,44,46,53
2,Arizona,38,2020-10-10,44,46,53
2,Arizona,39,2020-10-17,44,46,53
2,Arizona,40,2020-10-24,44,46,53
2,Arizona,41,2020-10-31,44,46,53
2,Arizona,42,2020-11-07,44,46,53
2,Arizona,43,2020-11-14,44,46,53
2,Arizona,44,2020-11-21,44,46,53
2,Arizona,45,2020-11-28,44,46,53
2,Arizona,46,2020-12-05,44,46,53
2,Arizona,47,2020-12-12,44,46,53
2,Arizona,48,2020-12-19,44,46,53
2,Arizona,49,2020-12-26,44,46,53
2,Arizona,50,2021-01-02,44,46,53
2,Arizona,51,2021-01-09,44,46,53
2,Arizona,52,2021-01-16,44,46,53
2,Arizona,53,2021-01-23,44,46,53
2,Arizona,54,2021-01-30,44,46,53
2,Arizona,55,2021-02-06,69,71,77
2,Arizona,56,2021-02-13,124,126,130
2,Arizona,57,2021-02-20,44,46,53
2,Arizona,58,2021-02-27,44,46,53
3,Arkansas,0,2020-01-18,167,168,171
3,Arkansas,1,2020-01-25,197,197,199
3,Arkansas,2,2020-02-01,167,168,171
3,Arkansas,3,2020-02-08,197,197,199
3,Arkansas,4,2020-02-15,197,197,199
3,Arkansas,5,2020-02-22,167,168,171
3,Arkansas,6,2020-02-29,219,220,221
3,Arkansas,7,2020-03-07,219,220,221
3,Arkansas,8,2020-03-14,197,197,199
3,Arkansas,9,2020-03-21,44,46,53
3,Arkansas,10,2020-03-28,44,46,53
3,Arkansas,11,2020-04-04,44,46,53
3,Arkansas,12,2020-04-11,44,46,53
3,Arkansas,13,2020-04-18,44,46,53
3,Arkansas,14,2020-04-25,44,46,53
3,Arkansas,15,2020-05-02,44,46,53
3,Arkansas,16,2020-05-09,69,71,77
3,Arkansas,17,2020-05-16,124,126,130
3,Arkansas,18,2020-05-23,69,71,77
3,Arkansas,19,2020-05-30,69,71,77
3,Arkansas,20,2020-06-06,69,71,77
3,Arkansas,21,2020-06-13,124,126,130
3,Arkansas,22,2020-06-20,69,71,77
3,Arkansas,23,2020-06-27,124,126,130
3,Arkansas,24,2020-07-04,69,71,77
3,Arkansas,25,2020-07-11,44,46,53
3,Arkansas,26,2020-07-18,44,46,53
3,Arkansas,27,2020-07-25,44,46,53
3,Arkansas,28,2020-08-01,69,71,77
3,Arkansas,29,2020-08-08,124,126,130
3,Arkansas,30,2020-08-15,69,71,77
3,Arkansas,31,2020-08-22,44,46,53
3,Arkansas,32,2020-08-29,44,46,53
3,Arkansas,33,2020-09-05,44,46,53
3,Arkansas,34,2020-09-12,44,46,53
3,Arkansas,35,2020-09-19,44,46,53
3,Arkansas,36,2020-09-26,44,46,53
3,Arkansas,37,2020-10-03,44,46,53
3,Arkansas,38,2020-10-10,44,46,53
3,Arkansas,39,2020-10-17,44,46,53
3,Arkansas,40,2020-10-24,44,46,53
3,Arkansas,41,2020-10-31,69,71,77
3,Arkansas,42,2020-11-07,124,126,130
3,Arkansas,43,2020-11-14,44,46,53
3,Arkansas,44,2020-11-21,44,46,53
3,Arkansas,45,2020-11-28,44,46,53
3,Arkansas,46,2020-12-05,44,46,53
3,Arkansas,47,2020-12-12,69,71,77
3,Arkansas,48,2020-12-19,124,126,130
3,Arkansas,49,2020-12-26,69,71,77
3,Arkansas,50,2021-01-02,69,71,77
3,Arkansas,51,2021-01-09,44,46,53
3,Arkansas,52,2021-01-16,219,220,221
3,Arkansas,53,2021-01-23,44,46,53
3,Arkansas,54,2021-01-30,219,220,221
3,Arkansas,55,2021-02-06,239,239,240
3,Arkansas,56,2021-02-13,239,239,240
3,Arkansas,57,2021-02-20,219,220,221
3,Arkansas,58,2021-02-27,219,220,221
4,California,0,2020-01-18,255,255,255
4,California,1,2020-01-25,255,255,255
4,California,2,2020-02-01,219,220,221
4,California,3,2020-02-08,167,168,171
4,California,4,2020-02-15,167,168,171
4,California,5,2020-02-22,197,197,199
4,California,6,2020-02-29,219,220,221
4,California,7,2020-03-07,219,220,221
4,California,8,2020-03-14,167,168,171
4,California,9,2020-03-21,44,46,53
4,California,10,2020-03-28,44,46,53
4,California,11,2020-04-04,44,46,53
4,California,12,2020-04-11,44,46,53
4,California,13,2020-04-18,44,46,53
4,California,14,2020-04-25,44,46,53
4,California,15,2020-05-02,44,46,53
4,California,16,2020-05-09,44,46,53
4,California,17,2020-05-16,44,46,53
4,California,18,2020-05-23,69,71,77
4,California,19,2020-05-30,69,71,77
4,California,20,2020-06-06,124,126,130
4,California,21,2020-06-13,124,126,130
4,California,22,2020-06-20,44,46,53
4,California,23,2020-06-27,44,46,53
4,California,24,2020-07-04,44,46,53
4,California,25,2020-07-11,44,46,53
4,California,26,2020-07-18,44,46,53
4,California,27,2020-07-25,44,46,53
4,California,28,2020-08-01,69,71,77
4,California,29,2020-08-08,124,126,130
4,California,30,2020-08-15,69,71,77
4,California,31,2020-08-22,124,126,130
4,California,32,2020-08-29,44,46,53
4,California,33,2020-09-05,44,46,53
4,California,34,2020-09-12,69,71,77
4,California,35,2020-09-19,124,126,130
4,California,36,2020-09-26,124,126,130
4,California,37,2020-10-03,69,71,77
4,California,38,2020-10-10,69,71,77
4,California,39,2020-10-17,69,71,77
4,California,40,2020-10-24,69,71,77
4,California,41,2020-10-31,69,71,77
4,California,42,2020-11-07,124,126,130
4,California,43,2020-11-14,69,71,77
4,California,44,2020-11-21,124,126,130
4,California,45,2020-11-28,69,71,77
4,California,46,2020-12-05,44,46,53
4,California,47,2020-12-12,44,46,53
4,California,48,2020-12-19,44,46,53
4,California,49,2020-12-26,44,46,53
4,California,50,2021-01-02,44,46,53
4,California,51,2021-01-09,44,46,53
4,California,52,2021-01-16,124,126,130
4,California,53,2021-01-23,124,126,130
4,California,54,2021-01-30,44,46,53
4,California,55,2021-02-06,44,46,53
4,California,56,2021-02-13,44,46,53
4,California,57,2021-02-20,44,46,53
4,California,58,2021-02-27,69,71,77
5,Colorado,0,2020-01-18,219,220,221
5,Colorado,1,2020-01-25,255,255,255
5,Colorado,2,2020-02-01,219,220,221
5,Colorado,3,2020-02-08,167,168,171
5,Colorado,4,2020-02-15,197,197,199
5,Colorado,5,2020-02-22,197,197,199
5,Colorado,6,2020-02-29,219,220,221
5,Colorado,7,2020-03-07,219,220,221
5,Colorado,8,2020-03-14,197,197,199
5,Colorado,9,2020-03-21,44,46,53
5,Colorado,10,2020-03-28,44,46,53
5,Colorado,11,2020-04-04,44,46,53
5,Colorado,12,2020-04-11,44,46,53
5,Colorado,13,2020-04-18,44,46,53
5,Colorado,14,2020-04-25,44,46,53
5,Colorado,15,2020-05-02,44,46,53
5,Colorado,16,2020-05-09,124,126,130
5,Colorado,17,2020-05-16,69,71,77
5,Colorado,18,2020-05-23,124,126,130
5,Colorado,19,2020-05-30,69,71,77
5,Colorado,20,2020-06-06,69,71,77
5,Colorado,21,2020-06-13,69,71,77
5,Colorado,22,2020-06-20,124,126,130
5,Colorado,23,2020-06-27,124,126,130
5,Colorado,24,2020-07-04,69,71,77
5,Colorado,25,2020-07-11,69,71,77
5,Colorado,26,2020-07-18,124,126,130
5,Colorado,27,2020-07-25,124,126,130
5,Colorado,28,2020-08-01,69,71,77
5,Colorado,29,2020-08-08,69,71,77
5,Colorado,30,2020-08-15,124,126,130
5,Colorado,31,2020-08-22,124,126,130
5,Colorado,32,2020-08-29,69,71,77
5,Colorado,33,2020-09-05,124,126,130
5,Colorado,34,2020-09-12,69,71,77
5,Colorado,35,2020-09-19,69,71,77
5,Colorado,36,2020-09-26,124,126,130
5,Colorado,37,2020-10-03,69,71,77
5,Colorado,38,2020-10-10,124,126,130
5,Colorado,39,2020-10-17,69,71,77
5,Colorado,40,2020-10-24,44,46,53
5,Colorado,41,2020-10-31,44,46,53
5,Colorado,42,2020-11-07,69,71,77
5,Colorado,43,2020-11-14,44,46,53
5,Colorado,44,2020-11-21,44,46,53
5,Colorado,45,2020-11-28,44,46,53
5,Colorado,46,2020-12-05,44,46,53
5,Colorado,47,2020-12-12,44,46,53
5,Colorado,48,2020-12-19,44,46,53
5,Colorado,49,2020-12-26,44,46,53
5,Colorado,50,2021-01-02,44,46,53
5,Colorado,51,2021-01-09,44,46,53
5,Colorado,52,2021-01-16,69,71,77
5,Colorado,53,2021-01-23,69,71,77
5,Colorado,54,2021-01-30,44,46,53
5,Colorado,55,2021-02-06,44,46,53
5,Colorado,56,2021-02-13,44,46,53
5,Colorado,57,2021-02-20,44,46,53
5,Colorado,58,2021-02-27,44,46,53
6,Connecticut,0,2020-01-18,255,255,255
6,Connecticut,1,2020-01-25,255,255,255
6,Connecticut,2,2020-02-01,219,220,221
6,Connecticut,3,2020-02-08,167,168,171
6,Connecticut,4,2020-02-15,197,197,199
6,Connecticut,5,2020-02-22,167,168,171
6,Connecticut,6,2020-02-29,219,220,221
6,Connecticut,7,2020-03-07,219,220,221
6,Connecticut,8,2020-03-14,167,168,171
6,Connecticut,9,2020-03-21,44,46,53
6,Connecticut,10,2020-03-28,44,46,53
6,Connecticut,11,2020-04-04,44,46,53
6,Connecticut,12,2020-04-11,44,46,53
6,Connecticut,13,2020-04-18,44,46,53
6,Connecticut,14,2020-04-25,44,46,53
6,Connecticut,15,2020-05-02,44,46,53
6,Connecticut,16,2020-05-09,44,46,53
6,Connecticut,17,2020-05-16,124,126,130
6,Connecticut,18,2020-05-23,124,126,130
6,Connecticut,19,2020-05-30,69,71,77
6,Connecticut,20,2020-06-06,124,126,130
6,Connecticut,21,2020-06-13,124,126,130
6,Connecticut,22,2020-06-20,69,71,77
6,Connecticut,23,2020-06-27,124,126,130
6,Connecticut,24,2020-07-04,69,71,77
6,Connecticut,25,2020-07-11,124,126,130
6,Connecticut,26,2020-07-18,69,71,77
6,Connecticut,27,2020-07-25,124,126,130
6,Connecticut,28,2020-08-01,69,71,77
6,Connecticut,29,2020-08-08,124,126,130
6,Connecticut,30,2020-08-15,69,71,77
6,Connecticut,31,2020-08-22,124,126,130
6,Connecticut,32,2020-08-29,69,71,77
6,Connecticut,33,2020-09-05,69,71,77
6,Connecticut,34,2020-09-12,69,71,77
6,Connecticut,35,2020-09-19,69,71,77
6,Connecticut,36,2020-09-26,124,126,130
6,Connecticut,37,2020-10-03,69,71,77
6,Connecticut,38,2020-10-10,124,126,130
6,Connecticut,39,2020-10-17,44,46,53
6,Connecticut,40,2020-10-24,44,46,53
6,Connecticut,41,2020-10-31,44,46,53
6,Connecticut,42,2020-11-07,44,46,53
6,Connecticut,43,2020-11-14,44,46,53
6,Connecticut,44,2020-11-21,44,46,53
6,Connecticut,45,2020-11-28,44,46,53
6,Connecticut,46,2020-12-05,44,46,53
6,Connecticut,47,2020-12-12,44,46,53
6,Connecticut,48,2020-12-19,44,46,53
6,Connecticut,49,2020-12-26,44,46,53
6,Connecticut,50,2021-01-02,44,46,53
6,Connecticut,51,2021-01-09,44,46,53
6,Connecticut,52,2021-01-16,44,46,53
6,Connecticut,53,2021-01-23,44,46,53
6,Connecticut,54,2021-01-30,44,46,53
6,Connecticut,55,2021-02-06,44,46,53
6,Connecticut,56,2021-02-13,69,71,77
6,Connecticut,57,2021-02-20,69,71,77
6,Connecticut,58,2021-02-27,124,126,130
7,Delaware,0,2020-01-18,219,220,221
7,Delaware,1,2020-01-25,219,220,221
7,Delaware,2,2020-02-01,219,220,221
7,Delaware,3,2020-02-08,219,220,221
7,Delaware,4,2020-02-15,219,220,221
7,Delaware,5,2020-02-22,219,220,221
7,Delaware,6,2020-02-29,255,255,255
7,Delaware,7,2020-03-07,219,220,221
7,Delaware,8,2020-03-14,167,168,171
7,Delaware,9,2020-03-21,44,46,53
7,Delaware,10,2020-03-28,44,46,53
7,Delaware,11,2020-04-04,44,46,53
7,Delaware,12,2020-04-11,44,46,53
7,Delaware,13,2020-04-18,44,46,53
7,Delaware,14,2020-04-25,44,46,53
7,Delaware,15,2020-05-02,44,46,53
7,Delaware,16,2020-05-09,124,126,130
7,Delaware,17,2020-05-16,124,126,130
7,Delaware,18,2020-05-23,69,71,77
7,Delaware,19,2020-05-30,124,126,130
7,Delaware,20,2020-06-06,69,71,77
7,Delaware,21,2020-06-13,124,126,130
7,Delaware,22,2020-06-20,69,71,77
7,Delaware,23,2020-06-27,124,126,130
7,Delaware,24,2020-07-04,69,71,77
7,Delaware,25,2020-07-11,124,126,130
7,Delaware,26,2020-07-18,69,71,77
7,Delaware,27,2020-07-25,124,126,130
7,Delaware,28,2020-08-01,69,71,77
7,Delaware,29,2020-08-08,124,126,130
7,Delaware,30,2020-08-15,69,71,77
7,Delaware,31,2020-08-22,124,126,130
7,Delaware,32,2020-08-29,44,46,53
7,Delaware,33,2020-09-05,44,46,53
7,Delaware,34,2020-09-12,44,46,53
7,Delaware,35,2020-09-19,44,46,53
7,Delaware,36,2020-09-26,124,126,130
7,Delaware,37,2020-10-03,69,71,77
7,Delaware,38,2020-10-10,69,71,77
7,Delaware,39,2020-10-17,124,126,130
7,Delaware,40,2020-10-24,69,71,77
7,Delaware,41,2020-10-31,124,126,130
7,Delaware,42,2020-11-07,44,46,53
7,Delaware,43,2020-11-14,44,46,53
7,Delaware,44,2020-11-21,44,46,53
7,Delaware,45,2020-11-28,44,46,53
7,Delaware,46,2020-12-05,44,46,53
7,Delaware,47,2020-12-12,44,46,53
7,Delaware,48,2020-12-19,124,126,130
7,Delaware,49,2020-12-26,124,126,130
7,Delaware,50,2021-01-02,44,46,53
7,Delaware,51,2021-01-09,44,46,53
7,Delaware,52,2021-01-16,69,71,77
7,Delaware,53,2021-01-23,69,71,77
7,Delaware,54,2021-01-30,44,46,53
7,Delaware,55,2021-02-06,44,46,53
7,Delaware,56,2021-02-13,44,46,53
7,Delaware,57,2021-02-20,44,46,53
7,Delaware,58,2021-02-27,69,71,77
8,Florida,0,2020-01-18,219,220,221
8,Florida,1,2020-01-25,219,220,221
8,Florida,2,2020-02-01,219,220,221
8,Florida,3,2020-02-08,167,168,171
8,Florida,4,2020-02-15,167,168,171
8,Florida,5,2020-02-22,167,168,171
8,Florida,6,2020-02-29,219,220,221
8,Florida,7,2020-03-07,219,220,221
8,Florida,8,2020-03-14,167,168,171
8,Florida,9,2020-03-21,44,46,53
8,Florida,10,2020-03-28,44,46,53
8,Florida,11,2020-04-04,44,46,53
8,Florida,12,2020-04-11,44,46,53
8,Florida,13,2020-04-18,44,46,53
8,Florida,14,2020-04-25,44,46,53
8,Florida,15,2020-05-02,44,46,53
8,Florida,16,2020-05-09,44,46,53
8,Florida,17,2020-05-16,44,46,53
8,Florida,18,2020-05-23,69,71,77
8,Florida,19,2020-05-30,44,46,53
8,Florida,20,2020-06-06,44,46,53
8,Florida,21,2020-06-13,69,71,77
8,Florida,22,2020-06-20,124,126,130
8,Florida,23,2020-06-27,124,126,130
8,Florida,24,2020-07-04,44,46,53
8,Florida,25,2020-07-11,44,46,53
8,Florida,26,2020-07-18,124,126,130
8,Florida,27,2020-07-25,124,126,130
8,Florida,28,2020-08-01,124,126,130
8,Florida,29,2020-08-08,124,126,130
8,Florida,30,2020-08-15,69,71,77
8,Florida,31,2020-08-22,124,126,130
8,Florida,32,2020-08-29,124,126,130
8,Florida,33,2020-09-05,69,71,77
8,Florida,34,2020-09-12,69,71,77
8,Florida,35,2020-09-19,124,126,130
8,Florida,36,2020-09-26,124,126,130
8,Florida,37,2020-10-03,69,71,77
8,Florida,38,2020-10-10,69,71,77
8,Florida,39,2020-10-17,69,71,77
8,Florida,40,2020-10-24,124,126,130
8,Florida,41,2020-10-31,69,71,77
8,Florida,42,2020-11-07,69,71,77
8,Florida,43,2020-11-14,69,71,77
8,Florida,44,2020-11-21,124,126,130
8,Florida,45,2020-11-28,44,46,53
8,Florida,46,2020-12-05,44,46,53
8,Florida,47,2020-12-12,69,71,77
8,Florida,48,2020-12-19,124,126,130
8,Florida,49,2020-12-26,124,126,130
8,Florida,50,2021-01-02,69,71,77
8,Florida,51,2021-01-09,44,46,53
8,Florida,52,2021-01-16,44,46,53
8,Florida,53,2021-01-23,44,46,53
8,Florida,54,2021-01-30,44,46,53
8,Florida,55,2021-02-06,44,46,53
8,Florida,56,2021-02-13,124,126,130
8,Florida,57,2021-02-20,69,71,77
8,Florida,58,2021-02-27,124,126,130
9,Georgia,0,2020-01-18,167,168,171
9,Georgia,1,2020-01-25,219,220,221
9,Georgia,2,2020-02-01,219,220,221
9,Georgia,3,2020-02-08,197,197,199
9,Georgia,4,2020-02-15,197,197,199
9,Georgia,5,2020-02-22,167,168,171
9,Georgia,6,2020-02-29,219,220,221
9,Georgia,7,2020-03-07,219,220,221
9,Georgia,8,2020-03-14,197,197,199
9,Georgia,9,2020-03-21,44,46,53
9,Georgia,10,2020-03-28,44,46,53
9,Georgia,11,2020-04-04,44,46,53
9,Georgia,12,2020-04-11,44,46,53
9,Georgia,13,2020-04-18,44,46,53
9,Georgia,14,2020-04-25,44,46,53
9,Georgia,15,2020-05-02,44,46,53
9,Georgia,16,2020-05-09,124,126,130
9,Georgia,17,2020-05-16,124,126,130
9,Georgia,18,2020-05-23,124,126,130
9,Georgia,19,2020-05-30,69,71,77
9,Georgia,20,2020-06-06,124,126,130
9,Georgia,21,2020-06-13,69,71,77
9,Georgia,22,2020-06-20,69,71,77
9,Georgia,23,2020-06-27,69,71,77
9,Georgia,24,2020-07-04,44,46,53
9,Georgia,25,2020-07-11,44,46,53
9,Georgia,26,2020-07-18,124,126,130
9,Georgia,27,2020-07-25,69,71,77
9,Georgia,28,2020-08-01,124,126,130
9,Georgia,29,2020-08-08,69,71,77
9,Georgia,30,2020-08-15,124,126,130
9,Georgia,31,2020-08-22,69,71,77
9,Georgia,32,2020-08-29,124,126,130
9,Georgia,33,2020-09-05,124,126,130
9,Georgia,34,2020-09-12,124,126,130
9,Georgia,35,2020-09-19,44,46,53
9,Georgia,36,2020-09-26,44,46,53
9,Georgia,37,2020-10-03,44,46,53
9,Georgia,38,2020-10-10,44,46,53
9,Georgia,39,2020-10-17,69,71,77
9,Georgia,40,2020-10-24,124,126,130
9,Georgia,41,2020-10-31,69,71,77
9,Georgia,42,2020-11-07,124,126,130
9,Georgia,43,2020-11-14,44,46,53
9,Georgia,44,2020-11-21,44,46,53
9,Georgia,45,2020-11-28,44,46,53
9,Georgia,46,2020-12-05,44,46,53
9,Georgia,47,2020-12-12,69,71,77
9,Georgia,48,2020-12-19,69,71,77
9,Georgia,49,2020-12-26,124,126,130
9,Georgia,50,2021-01-02,44,46,53
9,Georgia,51,2021-01-09,44,46,53
9,Georgia,52,2021-01-16,44,46,53
9,Georgia,53,2021-01-23,44,46,53
9,Georgia,54,2021-01-30,44,46,53
9,Georgia,55,2021-02-06,44,46,53
9,Georgia,56,2021-02-13,124,126,130
9,Georgia,57,2021-02-20,44,46,53
9,Georgia,58,2021-02-27,44,46,53
10,Hawaii,0,2020-01-18,197,197,199
10,Hawaii,1,2020-01-25,167,168,171
10,Hawaii,2,2020-02-01,197,197,199
10,Hawaii,3,2020-02-08,167,168,171
10,Hawaii,4,2020-02-15,197,197,199
10,Hawaii,5,2020-02-22,167,168,171
10,Hawaii,6,2020-02-29,219,220,221
10,Hawaii,7,2020-03-07,219,220,221
10,Hawaii,8,2020-03-14,167,168,171
10,Hawaii,9,2020-03-21,44,46,53
10,Hawaii,10,2020-03-28,44,46,53
10,Hawaii,11,2020-04-04,44,46,53
10,Hawaii,12,2020-04-11,44,46,53
10,Hawaii,13,2020-04-18,44,46,53
10,Hawaii,14,2020-04-25,44,46,53
10,Hawaii,15,2020-05-02,44,46,53
10,Hawaii,16,2020-05-09,44,46,53
10,Hawaii,17,2020-05-16,44,46,53
10,Hawaii,18,2020-05-23,124,126,130
10,Hawaii,19,2020-05-30,69,71,77
10,Hawaii,20,2020-06-06,124,126,130
10,Hawaii,21,2020-06-13,69,71,77
10,Hawaii,22,2020-06-20,124,126,130
10,Hawaii,23,2020-06-27,124,126,130
10,Hawaii,24,2020-07-04,69,71,77
10,Hawaii,25,2020-07-11,124,126,130
10,Hawaii,26,2020-07-18,44,46,53
10,Hawaii,27,2020-07-25,44,46,53
10,Hawaii,28,2020-08-01,44,46,53
10,Hawaii,29,2020-08-08,69,71,77
10,Hawaii,30,2020-08-15,124,126,130
10,Hawaii,31,2020-08-22,44,46,53
10,Hawaii,32,2020-08-29,44,46,53
10,Hawaii,33,2020-09-05,44,46,53
10,Hawaii,34,2020-09-12,44,46,53
10,Hawaii,35,2020-09-19,44,46,53
10,Hawaii,36,2020-09-26,44,46,53
10,Hawaii,37,2020-10-03,44,46,53
10,Hawaii,38,2020-10-10,124,126,130
10,Hawaii,39,2020-10-17,124,126,130
10,Hawaii,40,2020-10-24,124,126,130
10,Hawaii,41,2020-10-31,69,71,77
10,Hawaii,42,2020-11-07,124,126,130
10,Hawaii,43,2020-11-14,124,126,130
10,Hawaii,44,2020-11-21,124,126,130
10,Hawaii,45,2020-11-28,124,126,130
10,Hawaii,46,2020-12-05,69,71,77
10,Hawaii,47,2020-12-12,69,71,77
10,Hawaii,48,2020-12-19,124,126,130
10,Hawaii,49,2020-12-26,124,126,130
10,Hawaii,50,2021-01-02,44,46,53
10,Hawaii,51,2021-01-09,44,46,53
10,Hawaii,52,2021-01-16,44,46,53
10,Hawaii,53,2021-01-23,44,46,53
10,Hawaii,54,2021-01-30,69,71,77
10,Hawaii,55,2021-02-06,124,126,130
10,Hawaii,56,2021-02-13,44,46,53
10,Hawaii,57,2021-02-20,44,46,53
10,Hawaii,58,2021-02-27,69,71,77
11,Idaho,0,2020-01-18,219,220,221
11,Idaho,1,2020-01-25,197,197,199
11,Idaho,2,2020-02-01,197,197,199
11,Idaho,3,2020-02-08,219,220,221
11,Idaho,4,2020-02-15,255,255,255
11,Idaho,5,2020-02-22,255,255,255
11,Idaho,6,2020-02-29,255,255,255
11,Idaho,7,2020-03-07,219,220,221
11,Idaho,8,2020-03-14,167,168,171
11,Idaho,9,2020-03-21,44,46,53
11,Idaho,10,2020-03-28,44,46,53
11,Idaho,11,2020-04-04,44,46,53
11,Idaho,12,2020-04-11,44,46,53
11,Idaho,13,2020-04-18,44,46,53
11,Idaho,14,2020-04-25,44,46,53
11,Idaho,15,2020-05-02,44,46,53
11,Idaho,16,2020-05-09,124,126,130
11,Idaho,17,2020-05-16,124,126,130
11,Idaho,18,2020-05-23,124,126,130
11,Idaho,19,2020-05-30,69,71,77
11,Idaho,20,2020-06-06,69,71,77
11,Idaho,21,2020-06-13,69,71,77
11,Idaho,22,2020-06-20,69,71,77
11,Idaho,23,2020-06-27,124,126,130
11,Idaho,24,2020-07-04,69,71,77
11,Idaho,25,2020-07-11,69,71,77
11,Idaho,26,2020-07-18,124,126,130
11,Idaho,27,2020-07-25,124,126,130
11,Idaho,28,2020-08-01,69,71,77
11,Idaho,29,2020-08-08,124,126,130
11,Idaho,30,2020-08-15,69,71,77
11,Idaho,31,2020-08-22,69,71,77
11,Idaho,32,2020-08-29,124,126,130
11,Idaho,33,2020-09-05,69,71,77
11,Idaho,34,2020-09-12,44,46,53
11,Idaho,35,2020-09-19,44,46,53
11,Idaho,36,2020-09-26,69,71,77
11,Idaho,37,2020-10-03,44,46,53
11,Idaho,38,2020-10-10,44,46,53
11,Idaho,39,2020-10-17,69,71,77
11,Idaho,40,2020-10-24,69,71,77
11,Idaho,41,2020-10-31,255,255,255
11,Idaho,42,2020-11-07,239,239,240
11,Idaho,43,2020-11-14,255,255,255
11,Idaho,44,2020-11-21,219,220,221
11,Idaho,45,2020-11-28,167,168,171
11,Idaho,46,2020-12-05,44,46,53
11,Idaho,47,2020-12-12,219,220,221
11,Idaho,48,2020-12-19,239,239,240
11,Idaho,49,2020-12-26,255,255,255
11,Idaho,50,2021-01-02,255,255,255
11,Idaho,51,2021-01-09,219,220,221
11,Idaho,52,2021-01-16,219,220,221
11,Idaho,53,2021-01-23,219,220,221
11,Idaho,54,2021-01-30,167,168,171
11,Idaho,55,2021-02-06,44,46,53
11,Idaho,56,2021-02-13,44,46,53
11,Idaho,57,2021-02-20,44,46,53
11,Idaho,58,2021-02-27,124,126,130
12,Illinois,0,2020-01-18,219,220,221
12,Illinois,1,2020-01-25,255,255,255
12,Illinois,2,2020-02-01,239,239,240
12,Illinois,3,2020-02-08,219,220,221
12,Illinois,4,2020-02-15,197,197,199
12,Illinois,5,2020-02-22,167,168,171
12,Illinois,6,2020-02-29,219,220,221
12,Illinois,7,2020-03-07,219,220,221
12,Illinois,8,2020-03-14,44,46,53
12,Illinois,9,2020-03-21,44,46,53
12,Illinois,10,2020-03-28,44,46,53
12,Illinois,11,2020-04-04,44,46,53
12,Illinois,12,2020-04-11,44,46,53
12,Illinois,13,2020-04-18,44,46,53
12,Illinois,14,2020-04-25,44,46,53
12,Illinois,15,2020-05-02,44,46,53
12,Illinois,16,2020-05-09,44,46,53
12,Illinois,17,2020-05-16,124,126,130
12,Illinois,18,2020-05-23,124,126,130
12,Illinois,19,2020-05-30,69,71,77
12,Illinois,20,2020-06-06,124,126,130
12,Illinois,21,2020-06-13,69,71,77
12,Illinois,22,2020-06-20,69,71,77
12,Illinois,23,2020-06-27,124,126,130
12,Illinois,24,2020-07-04,69,71,77
12,Illinois,25,2020-07-11,124,126,130
12,Illinois,26,2020-07-18,69,71,77
12,Illinois,27,2020-07-25,124,126,130
12,Illinois,28,2020-08-01,69,71,77
12,Illinois,29,2020-08-08,124,126,130
12,Illinois,30,2020-08-15,69,71,77
12,Illinois,31,2020-08-22,69,71,77
12,Illinois,32,2020-08-29,44,46,53
12,Illinois,33,2020-09-05,44,46,53
12,Illinois,34,2020-09-12,44,46,53
12,Illinois,35,2020-09-19,69,71,77
12,Illinois,36,2020-09-26,124,126,130
12,Illinois,37,2020-10-03,44,46,53
12,Illinois,38,2020-10-10,44,46,53
12,Illinois,39,2020-10-17,44,46,53
12,Illinois,40,2020-10-24,44,46,53
12,Illinois,41,2020-10-31,44,46,53
12,Illinois,42,2020-11-07,44,46,53
12,Illinois,43,2020-11-14,124,126,130
12,Illinois,44,2020-11-21,44,46,53
12,Illinois,45,2020-11-28,44,46,53
12,Illinois,46,2020-12-05,44,46,53
12,Illinois,47,2020-12-12,44,46,53
12,Illinois,48,2020-12-19,44,46,53
12,Illinois,49,2020-12-26,124,126,130
12,Illinois,50,2021-01-02,124,126,130
12,Illinois,51,2021-01-09,44,46,53
12,Illinois,52,2021-01-16,44,46,53
12,Illinois,53,2021-01-23,44,46,53
12,Illinois,54,2021-01-30,124,126,130
12,Illinois,55,2021-02-06,69,71,77
12,Illinois,56,2021-02-13,44,46,53
12,Illinois,57,2021-02-20,44,46,53
12,Illinois,58,2021-02-27,44,46,53
13,Indiana,0,2020-01-18,219,220,221
13,Indiana,1,2020-01-25,255,255,255
13,Indiana,2,2020-02-01,219,220,221
13,Indiana,3,2020-02-08,167,168,171
13,Indiana,4,2020-02-15,167,168,171
13,Indiana,5,2020-02-22,44,46,53
13,Indiana,6,2020-02-29,219,220,221
13,Indiana,7,2020-03-07,44,46,53
13,Indiana,8,2020-03-14,44,46,53
13,Indiana,9,2020-03-21,44,46,53
13,Indiana,10,2020-03-28,44,46,53
13,Indiana,11,2020-04-04,44,46,53
13,Indiana,12,2020-04-11,44,46,53
13,Indiana,13,2020-04-18,44,46,53
13,Indiana,14,2020-04-25,44,46,53
13,Indiana,15,2020-05-02,44,46,53
13,Indiana,16,2020-05-09,44,46,53
13,Indiana,17,2020-05-16,124,126,130
13,Indiana,18,2020-05-23,124,126,130
13,Indiana,19,2020-05-30,69,71,77
13,Indiana,20,2020-06-06,69,71,77
13,Indiana,21,2020-06-13,69,71,77
13,Indiana,22,2020-06-20,69,71,77
13,Indiana,23,2020-06-27,69,71,77
13,Indiana,24,2020-07-04,124,126,130
13,Indiana,25,2020-07-11,124,126,130
13,Indiana,26,2020-07-18,69,71,77
13,Indiana,27,2020-07-25,124,126,130
13,Indiana,28,2020-08-01,69,71,77
13,Indiana,29,2020-08-08,69,71,77
13,Indiana,30,2020-08-15,69,71,77
13,Indiana,31,2020-08-22,124,126,130
13,Indiana,32,2020-08-29,69,71,77
13,Indiana,33,2020-09-05,44,46,53
13,Indiana,34,2020-09-12,44,46,53
13,Indiana,35,2020-09-19,69,71,77
13,Indiana,36,2020-09-26,124,126,130
13,Indiana,37,2020-10-03,69,71,77
13,Indiana,38,2020-10-10,44,46,53
13,Indiana,39,2020-10-17,44,46,53
13,Indiana,40,2020-10-24,44,46,53
13,Indiana,41,2020-10-31,44,46,53
13,Indiana,42,2020-11-07,44,46,53
13,Indiana,43,2020-11-14,44,46,53
13,Indiana,44,2020-11-21,44,46,53
13,Indiana,45,2020-11-28,44,46,53
13,Indiana,46,2020-12-05,44,46,53
13,Indiana,47,2020-12-12,124,126,130
13,Indiana,48,2020-12-19,69,71,77
13,Indiana,49,2020-12-26,124,126,130
13,Indiana,50,2021-01-02,69,71,77
13,Indiana,51,2021-01-09,124,126,130
13,Indiana,52,2021-01-16,44,46,53
13,Indiana,53,2021-01-23,44,46,53
13,Indiana,54,2021-01-30,44,46,53
13,Indiana,55,2021-02-06,44,46,53
13,Indiana,56,2021-02-13,44,46,53
13,Indiana,57,2021-02-20,44,46,53
13,Indiana,58,2021-02-27,44,46,53
14,Iowa,0,2020-01-18,69,71,77
14,Iowa,1,2020-01-25,255,255,255
14,Iowa,2,2020-02-01,255,255,255
14,Iowa,3,2020-02-08,219,220,221
14,Iowa,4,2020-02-15,219,220,221
14,Iowa,5,2020-02-22,219,220,221
14,Iowa,6,2020-02-29,219,220,221
14,Iowa,7,2020-03-07,219,220,221
14,Iowa,8,2020-03-14,167,168,171
14,Iowa,9,2020-03-21,44,46,53
14,Iowa,10,2020-03-28,44,46,53
14,Iowa,11,2020-04-04,44,46,53
14,Iowa,12,2020-04-11,44,46,53
14,Iowa,13,2020-04-18,44,46,53
14,Iowa,14,2020-04-25,44,46,53
14,Iowa,15,2020-05-02,44,46,53
14,Iowa,16,2020-05-09,124,126,130
14,Iowa,17,2020-05-16,69,71,77
14,Iowa,18,2020-05-23,69,71,77
14,Iowa,19,2020-05-30,124,126,130
14,Iowa,20,2020-06-06,69,71,77
14,Iowa,21,2020-06-13,124,126,130
14,Iowa,22,2020-06-20,124,126,130
14,Iowa,23,2020-06-27,124,126,130
14,Iowa,24,2020-07-04,69,71,77
14,Iowa,25,2020-07-11,69,71,77
14,Iowa,26,2020-07-18,124,126,130
14,Iowa,27,2020-07-25,124,126,130
14,Iowa,28,2020-08-01,69,71,77
14,Iowa,29,2020-08-08,69,71,77
14,Iowa,30,2020-08-15,69,71,77
14,Iowa,31,2020-08-22,124,126,130
14,Iowa,32,2020-08-29,69,71,77
14,Iowa,33,2020-09-05,124,126,130
14,Iowa,34,2020-09-12,69,71,77
14,Iowa,35,2020-09-19,124,126,130
14,Iowa,36,2020-09-26,124,126,130
14,Iowa,37,2020-10-03,69,71,77
14,Iowa,38,2020-10-10,69,71,77
14,Iowa,39,2020-10-17,44,46,53
14,Iowa,40,2020-10-24,44,46,53
14,Iowa,41,2020-10-31,44,46,53
14,Iowa,42,2020-11-07,44,46,53
14,Iowa,43,2020-11-14,44,46,53
14,Iowa,44,2020-11-21,44,46,53
14,Iowa,45,2020-11-28,44,46,53
14,Iowa,46,2020-12-05,44,46,53
14,Iowa,47,2020-12-12,44,46,53
14,Iowa,48,2020-12-19,69,71,77
14,Iowa,49,2020-12-26,124,126,130
14,Iowa,50,2021-01-02,44,46,53
14,Iowa,51,2021-01-09,44,46,53
14,Iowa,52,2021-01-16,124,126,130
14,Iowa,53,2021-01-23,69,71,77
14,Iowa,54,2021-01-30,44,46,53
14,Iowa,55,2021-02-06,44,46,53
14,Iowa,56,2021-02-13,44,46,53
14,Iowa,57,2021-02-20,44,46,53
14,Iowa,58,2021-02-27,44,46,53
15,Kansas,0,2020-01-18,239,239,240
15,Kansas,1,2020-01-25,219,220,221
15,Kansas,2,2020-02-01,219,220,221
15,Kansas,3,2020-02-08,219,220,221
15,Kansas,4,2020-02-15,197,197,199
15,Kansas,5,2020-02-22,219,220,221
15,Kansas,6,2020-02-29,255,255,255
15,Kansas,7,2020-03-07,219,220,221
15,Kansas,8,2020-03-14,167,168,171
15,Kansas,9,2020-03-21,44,46,53
15,Kansas,10,2020-03-28,44,46,53
15,Kansas,11,2020-04-04,44,46,53
15,Kansas,12,2020-04-11,44,46,53
15,Kansas,13,2020-04-18,44,46,53
15,Kansas,14,2020-04-25,44,46,53
15,Kansas,15,2020-05-02,44,46,53
15,Kansas,16,2020-05-09,69,71,77
15,Kansas,17,2020-05-16,124,126,130
15,Kansas,18,2020-05-23,69,71,77
15,Kansas,19,2020-05-30,69,71,77
15,Kansas,20,2020-06-06,124,126,130
15,Kansas,21,2020-06-13,69,71,77
15,Kansas,22,2020-06-20,69,71,77
15,Kansas,23,2020-06-27,124,126,130
15,Kansas,24,2020-07-04,69,71,77
15,Kansas,25,2020-07-11,44,46,53
15,Kansas,26,2020-07-18,44,46,53
15,Kansas,27,2020-07-25,69,71,77
15,Kansas,28,2020-08-01,124,126,130
15,Kansas,29,2020-08-08,69,71,77
15,Kansas,30,2020-08-15,69,71,77
15,Kansas,31,2020-08-22,69,71,77
15,Kansas,32,2020-08-29,69,71,77
15,Kansas,33,2020-09-05,124,126,130
15,Kansas,34,2020-09-12,124,126,130
15,Kansas,35,2020-09-19,69,71,77
15,Kansas,36,2020-09-26,124,126,130
15,Kansas,37,2020-10-03,69,71,77
15,Kansas,38,2020-10-10,69,71,77
15,Kansas,39,2020-10-17,44,46,53
15,Kansas,40,2020-10-24,44,46,53
15,Kansas,41,2020-10-31,44,46,53
15,Kansas,42,2020-11-07,44,46,53
15,Kansas,43,2020-11-14,44,46,53
15,Kansas,44,2020-11-21,44,46,53
15,Kansas,45,2020-11-28,44,46,53
15,Kansas,46,2020-12-05,44,46,53
15,Kansas,47,2020-12-12,44,46,53
15,Kansas,48,2020-12-19,44,46,53
15,Kansas,49,2020-12-26,124,126,130
15,Kansas,50,2021-01-02,44,46,53
15,Kansas,51,2021-01-09,44,46,53
15,Kansas,52,2021-01-16,44,46,53
15,Kansas,53,2021-01-23,124,126,130
15,Kansas,54,2021-01-30,124,126,130
15,Kansas,55,2021-02-06,69,71,77
15,Kansas,56,2021-02-13,69,71,77
15,Kansas,57,2021-02-20,124,126,130
15,Kansas,58,2021-02-27,69,71,77
16,Kentucky,0,2020-01-18,255,255,255
16,Kentucky,1,2020-01-25,255,255,255
16,Kentucky,2,2020-02-01,219,220,221
16,Kentucky,3,2020-02-08,197,197,199
16,Kentucky,4,2020-02-15,167,168,171
16,Kentucky,5,2020-02-22,167,168,171
16,Kentucky,6,2020-02-29,167,168,171
16,Kentucky,7,2020-03-07,197,197,199
16,Kentucky,8,2020-03-14,197,197,199
16,Kentucky,9,2020-03-21,44,46,53
16,Kentucky,10,2020-03-28,44,46,53
16,Kentucky,11,2020-04-04,44,46,53
16,Kentucky,12,2020-04-11,44,46,53
16,Kentucky,13,2020-04-18,44,46,53
16,Kentucky,14,2020-04-25,44,46,53
16,Kentucky,15,2020-05-02,44,46,53
16,Kentucky,16,2020-05-09,44,46,53
16,Kentucky,17,2020-05-16,124,126,130
16,Kentucky,18,2020-05-23,124,126,130
16,Kentucky,19,2020-05-30,124,126,130
16,Kentucky,20,2020-06-06,69,71,77
16,Kentucky,21,2020-06-13,69,71,77
16,Kentucky,22,2020-06-20,124,126,130
16,Kentucky,23,2020-06-27,124,126,130
16,Kentucky,24,2020-07-04,69,71,77
16,Kentucky,25,2020-07-11,69,71,77
16,Kentucky,26,2020-07-18,69,71,77
16,Kentucky,27,2020-07-25,69,71,77
16,Kentucky,28,2020-08-01,44,46,53
16,Kentucky,29,2020-08-08,44,46,53
16,Kentucky,30,2020-08-15,69,71,77
16,Kentucky,31,2020-08-22,124,126,130
16,Kentucky,32,2020-08-29,44,46,53
16,Kentucky,33,2020-09-05,44,46,53
16,Kentucky,34,2020-09-12,69,71,77
16,Kentucky,35,2020-09-19,124,126,130
16,Kentucky,36,2020-09-26,124,126,130
16,Kentucky,37,2020-10-03,69,71,77
16,Kentucky,38,2020-10-10,69,71,77
16,Kentucky,39,2020-10-17,69,71,77
16,Kentucky,40,2020-10-24,44,46,53
16,Kentucky,41,2020-10-31,44,46,53
16,Kentucky,42,2020-11-07,44,46,53
16,Kentucky,43,2020-11-14,124,126,130
16,Kentucky,44,2020-11-21,69,71,77
16,Kentucky,45,2020-11-28,124,126,130
16,Kentucky,46,2020-12-05,69,71,77
16,Kentucky,47,2020-12-12,44,46,53
16,Kentucky,48,2020-12-19,44,46,53
16,Kentucky,49,2020-12-26,44,46,53
16,Kentucky,50,2021-01-02,44,46,53
16,Kentucky,51,2021-01-09,44,46,53
16,Kentucky,52,2021-01-16,69,71,77
16,Kentucky,53,2021-01-23,124,126,130
16,Kentucky,54,2021-01-30,44,46,53
16,Kentucky,55,2021-02-06,44,46,53
16,Kentucky,56,2021-02-13,44,46,53
16,Kentucky,57,2021-02-20,44,46,53
16,Kentucky,58,2021-02-27,44,46,53
17,Louisiana,0,2020-01-18,197,197,199
17,Louisiana,1,2020-01-25,167,168,171
17,Louisiana,2,2020-02-01,167,168,171
17,Louisiana,3,2020-02-08,44,46,53
17,Louisiana,4,2020-02-15,219,220,221
17,Louisiana,5,2020-02-22,255,255,255
17,Louisiana,6,2020-02-29,255,255,255
17,Louisiana,7,2020-03-07,219,220,221
17,Louisiana,8,2020-03-14,44,46,53
17,Louisiana,9,2020-03-21,44,46,53
17,Louisiana,10,2020-03-28,44,46,53
17,Louisiana,11,2020-04-04,44,46,53
17,Louisiana,12,2020-04-11,44,46,53
17,Louisiana,13,2020-04-18,44,46,53
17,Louisiana,14,2020-04-25,44,46,53
17,Louisiana,15,2020-05-02,44,46,53
17,Louisiana,16,2020-05-09,124,126,130
17,Louisiana,17,2020-05-16,69,71,77
17,Louisiana,18,2020-05-23,124,126,130
17,Louisiana,19,2020-05-30,69,71,77
17,Louisiana,20,2020-06-06,124,126,130
17,Louisiana,21,2020-06-13,69,71,77
17,Louisiana,22,2020-06-20,124,126,130
17,Louisiana,23,2020-06-27,69,71,77
17,Louisiana,24,2020-07-04,44,46,53
17,Louisiana,25,2020-07-11,44,46,53
17,Louisiana,26,2020-07-18,69,71,77
17,Louisiana,27,2020-07-25,124,126,130
17,Louisiana,28,2020-08-01,124,126,130
17,Louisiana,29,2020-08-08,69,71,77
17,Louisiana,30,2020-08-15,69,71,77
17,Louisiana,31,2020-08-22,44,46,53
17,Louisiana,32,2020-08-29,44,46,53
17,Louisiana,33,2020-09-05,44,46,53
17,Louisiana,34,2020-09-12,124,126,130
17,Louisiana,35,2020-09-19,44,46,53
17,Louisiana,36,2020-09-26,44,46,53
17,Louisiana,37,2020-10-03,69,71,77
17,Louisiana,38,2020-10-10,69,71,77
17,Louisiana,39,2020-10-17,124,126,130
17,Louisiana,40,2020-10-24,124,126,130
17,Louisiana,41,2020-10-31,44,46,53
17,Louisiana,42,2020-11-07,44,46,53
17,Louisiana,43,2020-11-14,69,71,77
17,Louisiana,44,2020-11-21,124,126,130
17,Louisiana,45,2020-11-28,44,46,53
17,Louisiana,46,2020-12-05,44,46,53
17,Louisiana,47,2020-12-12,69,71,77
17,Louisiana,48,2020-12-19,124,126,130
17,Louisiana,49,2020-12-26,44,46,53
17,Louisiana,50,2021-01-02,44,46,53
17,Louisiana,51,2021-01-09,44,46,53
17,Louisiana,52,2021-01-16,124,126,130
17,Louisiana,53,2021-01-23,69,71,77
17,Louisiana,54,2021-01-30,124,126,130
17,Louisiana,55,2021-02-06,69,71,77
17,Louisiana,56,2021-02-13,124,126,130
17,Louisiana,57,2021-02-20,44,46,53
17,Louisiana,58,2021-02-27,44,46,53
18,Maine,0,2020-01-18,255,255,255
18,Maine,1,2020-01-25,255,255,255
18,Maine,2,2020-02-01,219,220,221
18,Maine,3,2020-02-08,167,168,171
18,Maine,4,2020-02-15,167,168,171
18,Maine,5,2020-02-22,197,197,199
18,Maine,6,2020-02-29,219,220,221
18,Maine,7,2020-03-07,219,220,221
18,Maine,8,2020-03-14,167,168,171
18,Maine,9,2020-03-21,44,46,53
18,Maine,10,2020-03-28,44,46,53
18,Maine,11,2020-04-04,44,46,53
18,Maine,12,2020-04-11,44,46,53
18,Maine,13,2020-04-18,44,46,53
18,Maine,14,2020-04-25,44,46,53
18,Maine,15,2020-05-02,44,46,53
18,Maine,16,2020-05-09,44,46,53
18,Maine,17,2020-05-16,44,46,53
18,Maine,18,2020-05-23,44,46,53
18,Maine,19,2020-05-30,44,46,53
18,Maine,20,2020-06-06,69,71,77
18,Maine,21,2020-06-13,69,71,77
18,Maine,22,2020-06-20,69,71,77
18,Maine,23,2020-06-27,124,126,130
18,Maine,24,2020-07-04,69,71,77
18,Maine,25,2020-07-11,44,46,53
18,Maine,26,2020-07-18,44,46,53
18,Maine,27,2020-07-25,124,126,130
18,Maine,28,2020-08-01,124,126,130
18,Maine,29,2020-08-08,124,126,130
18,Maine,30,2020-08-15,124,126,130
18,Maine,31,2020-08-22,69,71,77
18,Maine,32,2020-08-29,69,71,77
18,Maine,33,2020-09-05,124,126,130
18,Maine,34,2020-09-12,69,71,77
18,Maine,35,2020-09-19,124,126,130
18,Maine,36,2020-09-26,124,126,130
18,Maine,37,2020-10-03,69,71,77
18,Maine,38,2020-10-10,69,71,77
18,Maine,39,2020-10-17,69,71,77
18,Maine,40,2020-10-24,69,71,77
18,Maine,41,2020-10-31,44,46,53
18,Maine,42,2020-11-07,44,46,53
18,Maine,43,2020-11-14,69,71,77
18,Maine,44,2020-11-21,124,126,130
18,Maine,45,2020-11-28,44,46,53
18,Maine,46,2020-12-05,44,46,53
18,Maine,47,2020-12-12,44,46,53
18,Maine,48,2020-12-19,124,126,130
18,Maine,49,2020-12-26,124,126,130
18,Maine,50,2021-01-02,44,46,53
18,Maine,51,2021-01-09,44,46,53
18,Maine,52,2021-01-16,44,46,53
18,Maine,53,2021-01-23,44,46,53
18,Maine,54,2021-01-30,44,46,53
18,Maine,55,2021-02-06,124,126,130
18,Maine,56,2021-02-13,69,71,77
18,Maine,57,2021-02-20,44,46,53
18,Maine,58,2021-02-27,44,46,53
19,Maryland,0,2020-01-18,255,255,255
19,Maryland,1,2020-01-25,255,255,255
19,Maryland,2,2020-02-01,219,220,221
19,Maryland,3,2020-02-08,167,168,171
19,Maryland,4,2020-02-15,197,197,199
19,Maryland,5,2020-02-22,167,168,171
19,Maryland,6,2020-02-29,219,220,221
19,Maryland,7,2020-03-07,219,220,221
19,Maryland,8,2020-03-14,167,168,171
19,Maryland,9,2020-03-21,44,46,53
19,Maryland,10,2020-03-28,44,46,53
19,Maryland,11,2020-04-04,44,46,53
19,Maryland,12,2020-04-11,44,46,53
19,Maryland,13,2020-04-18,44,46,53
19,Maryland,14,2020-04-25,44,46,53
19,Maryland,15,2020-05-02,44,46,53
19,Maryland,16,2020-05-09,44,46,53
19,Maryland,17,2020-05-16,124,126,130
19,Maryland,18,2020-05-23,69,71,77
19,Maryland,19,2020-05-30,69,71,77
19,Maryland,20,2020-06-06,124,126,130
19,Maryland,21,2020-06-13,124,126,130
19,Maryland,22,2020-06-20,69,71,77
19,Maryland,23,2020-06-27,124,126,130
19,Maryland,24,2020-07-04,69,71,77
19,Maryland,25,2020-07-11,124,126,130
19,Maryland,26,2020-07-18,69,71,77
19,Maryland,27,2020-07-25,124,126,130
19,Maryland,28,2020-08-01,69,71,77
19,Maryland,29,2020-08-08,69,71,77
19,Maryland,30,2020-08-15,69,71,77
19,Maryland,31,2020-08-22,69,71,77
19,Maryland,32,2020-08-29,44,46,53
19,Maryland,33,2020-09-05,44,46,53
19,Maryland,34,2020-09-12,69,71,77
19,Maryland,35,2020-09-19,124,126,130
19,Maryland,36,2020-09-26,124,126,130
19,Maryland,37,2020-10-03,69,71,77
19,Maryland,38,2020-10-10,69,71,77
19,Maryland,39,2020-10-17,124,126,130
19,Maryland,40,2020-10-24,69,71,77
19,Maryland,41,2020-10-31,124,126,130
19,Maryland,42,2020-11-07,44,46,53
19,Maryland,43,2020-11-14,44,46,53
19,Maryland,44,2020-11-21,44,46,53
19,Maryland,45,2020-11-28,44,46,53
19,Maryland,46,2020-12-05,69,71,77
19,Maryland,47,2020-12-12,124,126,130
19,Maryland,48,2020-12-19,44,46,53
19,Maryland,49,2020-12-26,44,46,53
19,Maryland,50,2021-01-02,44,46,53
19,Maryland,51,2021-01-09,44,46,53
19,Maryland,52,2021-01-16,44,46,53
19,Maryland,53,2021-01-23,44,46,53
19,Maryland,54,2021-01-30,44,46,53
19,Maryland,55,2021-02-06,44,46,53
19,Maryland,56,2021-02-13,69,71,77
19,Maryland,57,2021-02-20,69,71,77
19,Maryland,58,2021-02-27,69,71,77
20,Massachusetts,0,2020-01-18,219,220,221
20,Massachusetts,1,2020-01-25,255,255,255
20,Massachusetts,2,2020-02-01,219,220,221
20,Massachusetts,3,2020-02-08,167,168,171
20,Massachusetts,4,2020-02-15,197,197,199
20,Massachusetts,5,2020-02-22,167,168,171
20,Massachusetts,6,2020-02-29,219,220,221
20,Massachusetts,7,2020-03-07,219,220,221
20,Massachusetts,8,2020-03-14,167,168,171
20,Massachusetts,9,2020-03-21,44,46,53
20,Massachusetts,10,2020-03-28,44,46,53
20,Massachusetts,11,2020-04-04,44,46,53
20,Massachusetts,12,2020-04-11,44,46,53
20,Massachusetts,13,2020-04-18,44,46,53
20,Massachusetts,14,2020-04-25,44,46,53
20,Massachusetts,15,2020-05-02,44,46,53
20,Massachusetts,16,2020-05-09,44,46,53
20,Massachusetts,17,2020-05-16,124,126,130
20,Massachusetts,18,2020-05-23,124,126,130
20,Massachusetts,19,2020-05-30,69,71,77
20,Massachusetts,20,2020-06-06,44,46,53
20,Massachusetts,21,2020-06-13,44,46,53
20,Massachusetts,22,2020-06-20,69,71,77
20,Massachusetts,23,2020-06-27,124,126,130
20,Massachusetts,24,2020-07-04,69,71,77
20,Massachusetts,25,2020-07-11,124,126,130
20,Massachusetts,26,2020-07-18,69,71,77
20,Massachusetts,27,2020-07-25,124,126,130
20,Massachusetts,28,2020-08-01,69,71,77
20,Massachusetts,29,2020-08-08,69,71,77
20,Massachusetts,30,2020-08-15,69,71,77
20,Massachusetts,31,2020-08-22,69,71,77
20,Massachusetts,32,2020-08-29,69,71,77
20,Massachusetts,33,2020-09-05,69,71,77
20,Massachusetts,34,2020-09-12,124,126,130
20,Massachusetts,35,2020-09-19,69,71,77
20,Massachusetts,36,2020-09-26,124,126,130
20,Massachusetts,37,2020-10-03,44,46,53
20,Massachusetts,38,2020-10-10,44,46,53
20,Massachusetts,39,2020-10-17,44,46,53
20,Massachusetts,40,2020-10-24,44,46,53
20,Massachusetts,41,2020-10-31,44,46,53
20,Massachusetts,42,2020-11-07,44,46,53
20,Massachusetts,43,2020-11-14,44,46,53
20,Massachusetts,44,2020-11-21,44,46,53
20,Massachusetts,45,2020-11-28,69,71,77
20,Massachusetts,46,2020-12-05,124,126,130
20,Massachusetts,47,2020-12-12,124,126,130
20,Massachusetts,48,2020-12-19,44,46,53
20,Massachusetts,49,2020-12-26,44,46,53
20,Massachusetts,50,2021-01-02,44,46,53
20,Massachusetts,51,2021-01-09,44,46,53
20,Massachusetts,52,2021-01-16,44,46,53
20,Massachusetts,53,2021-01-23,44,46,53
20,Massachusetts,54,2021-01-30,69,71,77
20,Massachusetts,55,2021-02-06,124,126,130
20,Massachusetts,56,2021-02-13,124,126,130
20,Massachusetts,57,2021-02-20,69,71,77
20,Massachusetts,58,2021-02-27,44,46,53
21,Michigan,0,2020-01-18,239,239,240
21,Michigan,1,2020-01-25,255,255,255
21,Michigan,2,2020-02-01,239,239,240
21,Michigan,3,2020-02-08,219,220,221
21,Michigan,4,2020-02-15,197,197,199
21,Michigan,5,2020-02-22,167,168,171
21,Michigan,6,2020-02-29,219,220,221
21,Michigan,7,2020-03-07,219,220,221
21,Michigan,8,2020-03-14,167,168,171
21,Michigan,9,2020-03-21,44,46,53
21,Michigan,10,2020-03-28,44,46,53
21,Michigan,11,2020-04-04,44,46,53
21,Michigan,12,2020-04-11,44,46,53
21,Michigan,13,2020-04-18,44,46,53
21,Michigan,14,2020-04-25,44,46,53
21,Michigan,15,2020-05-02,44,46,53
21,Michigan,16,2020-05-09,44,46,53
21,Michigan,17,2020-05-16,124,126,130
21,Michigan,18,2020-05-23,124,126,130
21,Michigan,19,2020-05-30,124,126,130
21,Michigan,20,2020-06-06,69,71,77
21,Michigan,21,2020-06-13,124,126,130
21,Michigan,22,2020-06-20,69,71,77
21,Michigan,23,2020-06-27,124,126,130
21,Michigan,24,2020-07-04,69,71,77
21,Michigan,25,2020-07-11,124,126,130
21,Michigan,26,2020-07-18,69,71,77
21,Michigan,27,2020-07-25,124,126,130
21,Michigan,28,2020-08-01,69,71,77
21,Michigan,29,2020-08-08,69,71,77
21,Michigan,30,2020-08-15,44,46,53
21,Michigan,31,2020-08-22,44,46,53
21,Michigan,32,2020-08-29,44,46,53
21,Michigan,33,2020-09-05,44,46,53
21,Michigan,34,2020-09-12,44,46,53
21,Michigan,35,2020-09-19,44,46,53
21,Michigan,36,2020-09-26,124,126,130
21,Michigan,37,2020-10-03,69,71,77
21,Michigan,38,2020-10-10,69,71,77
21,Michigan,39,2020-10-17,69,71,77
21,Michigan,40,2020-10-24,69,71,77
21,Michigan,41,2020-10-31,124,126,130
21,Michigan,42,2020-11-07,44,46,53
21,Michigan,43,2020-11-14,44,46,53
21,Michigan,44,2020-11-21,44,46,53
21,Michigan,45,2020-11-28,44,46,53
21,Michigan,46,2020-12-05,44,46,53
21,Michigan,47,2020-12-12,44,46,53
21,Michigan,48,2020-12-19,44,46,53
21,Michigan,49,2020-12-26,44,46,53
21,Michigan,50,2021-01-02,44,46,53
21,Michigan,51,2021-01-09,44,46,53
21,Michigan,52,2021-01-16,124,126,130
21,Michigan,53,2021-01-23,44,46,53
21,Michigan,54,2021-01-30,44,46,53
21,Michigan,55,2021-02-06,44,46,53
21,Michigan,56,2021-02-13,124,126,130
21,Michigan,57,2021-02-20,69,71,77
21,Michigan,58,2021-02-27,124,126,130
22,Minnesota,0,2020-01-18,219,220,221
22,Minnesota,1,2020-01-25,255,255,255
22,Minnesota,2,2020-02-01,239,239,240
22,Minnesota,3,2020-02-08,219,220,221
22,Minnesota,4,2020-02-15,219,220,221
22,Minnesota,5,2020-02-22,219,220,221
22,Minnesota,6,2020-02-29,219,220,221
22,Minnesota,7,2020-03-07,219,220,221
22,Minnesota,8,2020-03-14,197,197,199
22,Minnesota,9,2020-03-21,44,46,53
22,Minnesota,10,2020-03-28,44,46,53
22,Minnesota,11,2020-04-04,44,46,53
22,Minnesota,12,2020-04-11,44,46,53
22,Minnesota,13,2020-04-18,44,46,53
22,Minnesota,14,2020-04-25,69,71,77
22,Minnesota,15,2020-05-02,124,126,130
22,Minnesota,16,2020-05-09,124,126,130
22,Minnesota,17,2020-05-16,124,126,130
22,Minnesota,18,2020-05-23,69,71,77
22,Minnesota,19,2020-05-30,69,71,77
22,Minnesota,20,2020-06-06,69,71,77
22,Minnesota,21,2020-06-13,124,126,130
22,Minnesota,22,2020-06-20,124,126,130
22,Minnesota,23,2020-06-27,69,71,77
22,Minnesota,24,2020-07-04,69,71,77
22,Minnesota,25,2020-07-11,124,126,130
22,Minnesota,26,2020-07-18,69,71,77
22,Minnesota,27,2020-07-25,124,126,130
22,Minnesota,28,2020-08-01,69,71,77
22,Minnesota,29,2020-08-08,69,71,77
22,Minnesota,30,2020-08-15,44,46,53
22,Minnesota,31,2020-08-22,44,46,53
22,Minnesota,32,2020-08-29,44,46,53
22,Minnesota,33,2020-09-05,44,46,53
22,Minnesota,34,2020-09-12,44,46,53
22,Minnesota,35,2020-09-19,44,46,53
22,Minnesota,36,2020-09-26,69,71,77
22,Minnesota,37,2020-10-03,44,46,53
22,Minnesota,38,2020-10-10,44,46,53
22,Minnesota,39,2020-10-17,44,46,53
22,Minnesota,40,2020-10-24,44,46,53
22,Minnesota,41,2020-10-31,124,126,130
22,Minnesota,42,2020-11-07,69,71,77
22,Minnesota,43,2020-11-14,44,46,53
22,Minnesota,44,2020-11-21,44,46,53
22,Minnesota,45,2020-11-28,44,46,53
22,Minnesota,46,2020-12-05,44,46,53
22,Minnesota,47,2020-12-12,124,126,130
22,Minnesota,48,2020-12-19,69,71,77
22,Minnesota,49,2020-12-26,69,71,77
22,Minnesota,50,2021-01-02,44,46,53
22,Minnesota,51,2021-01-09,44,46,53
22,Minnesota,52,2021-01-16,44,46,53
22,Minnesota,53,2021-01-23,44,46,53
22,Minnesota,54,2021-01-30,69,71,77
22,Minnesota,55,2021-02-06,124,126,130
22,Minnesota,56,2021-02-13,44,46,53
22,Minnesota,57,2021-02-20,44,46,53
22,Minnesota,58,2021-02-27,44,46,53
23,Mississippi,0,2020-01-18,197,197,199
23,Mississippi,1,2020-01-25,197,197,199
23,Mississippi,2,2020-02-01,167,168,171
23,Mississippi,3,2020-02-08,197,197,199
23,Mississippi,4,2020-02-15,197,197,199
23,Mississippi,5,2020-02-22,167,168,171
23,Mississippi,6,2020-02-29,219,220,221
23,Mississippi,7,2020-03-07,219,220,221
23,Mississippi,8,2020-03-14,197,197,199
23,Mississippi,9,2020-03-21,44,46,53
23,Mississippi,10,2020-03-28,44,46,53
23,Mississippi,11,2020-04-04,44,46,53
23,Mississippi,12,2020-04-11,44,46,53
23,Mississippi,13,2020-04-18,44,46,53
23,Mississippi,14,2020-04-25,44,46,53
23,Mississippi,15,2020-05-02,44,46,53
23,Mississippi,16,2020-05-09,44,46,53
23,Mississippi,17,2020-05-16,124,126,130
23,Mississippi,18,2020-05-23,124,126,130
23,Mississippi,19,2020-05-30,124,126,130
23,Mississippi,20,2020-06-06,69,71,77
23,Mississippi,21,2020-06-13,69,71,77
23,Mississippi,22,2020-06-20,69,71,77
23,Mississippi,23,2020-06-27,124,126,130
23,Mississippi,24,2020-07-04,124,126,130
23,Mississippi,25,2020-07-11,44,46,53
23,Mississippi,26,2020-07-18,44,46,53
23,Mississippi,27,2020-07-25,69,71,77
23,Mississippi,28,2020-08-01,124,126,130
23,Mississippi,29,2020-08-08,124,126,130
23,Mississippi,30,2020-08-15,69,71,77
23,Mississippi,31,2020-08-22,124,126,130
23,Mississippi,32,2020-08-29,69,71,77
23,Mississippi,33,2020-09-05,69,71,77
23,Mississippi,34,2020-09-12,69,71,77
23,Mississippi,35,2020-09-19,69,71,77
23,Mississippi,36,2020-09-26,124,126,130
23,Mississippi,37,2020-10-03,69,71,77
23,Mississippi,38,2020-10-10,124,126,130
23,Mississippi,39,2020-10-17,69,71,77
23,Mississippi,40,2020-10-24,124,126,130
23,Mississippi,41,2020-10-31,44,46,53
23,Mississippi,42,2020-11-07,44,46,53
23,Mississippi,43,2020-11-14,69,71,77
23,Mississippi,44,2020-11-21,69,71,77
23,Mississippi,45,2020-11-28,124,126,130
23,Mississippi,46,2020-12-05,44,46,53
23,Mississippi,47,2020-12-12,44,46,53
23,Mississippi,48,2020-12-19,44,46,53
23,Mississippi,49,2020-12-26,44,46,53
23,Mississippi,50,2021-01-02,44,46,53
23,Mississippi,51,2021-01-09,44,46,53
23,Mississippi,52,2021-01-16,44,46,53
23,Mississippi,53,2021-01-23,124,126,130
23,Mississippi,54,2021-01-30,124,126,130
23,Mississippi,55,2021-02-06,44,46,53
23,Mississippi,56,2021-02-13,44,46,53
23,Mississippi,57,2021-02-20,44,46,53
23,Mississippi,58,2021-02-27,44,46,53
24,Missouri,0,2020-01-18,219,220,221
24,Missouri,1,2020-01-25,219,220,221
24,Missouri,2,2020-02-01,167,168,171
24,Missouri,3,2020-02-08,197,197,199
24,Missouri,4,2020-02-15,219,220,221
24,Missouri,5,2020-02-22,255,255,255
24,Missouri,6,2020-02-29,255,255,255
24,Missouri,7,2020-03-07,219,220,221
24,Missouri,8,2020-03-14,167,168,171
24,Missouri,9,2020-03-21,44,46,53
24,Missouri,10,2020-03-28,44,46,53
24,Missouri,11,2020-04-04,44,46,53
24,Missouri,12,2020-04-11,44,46,53
24,Missouri,13,2020-04-18,44,46,53
24,Missouri,14,2020-04-25,44,46,53
24,Missouri,15,2020-05-02,44,46,53
24,Missouri,16,2020-05-09,124,126,130
24,Missouri,17,2020-05-16,69,71,77
24,Missouri,18,2020-05-23,124,126,130
24,Missouri,19,2020-05-30,69,71,77
24,Missouri,20,2020-06-06,69,71,77
24,Missouri,21,2020-06-13,69,71,77
24,Missouri,22,2020-06-20,124,126,130
24,Missouri,23,2020-06-27,124,126,130
24,Missouri,24,2020-07-04,69,71,77
24,Missouri,25,2020-07-11,69,71,77
24,Missouri,26,2020-07-18,124,126,130
24,Missouri,27,2020-07-25,69,71,77
24,Missouri,28,2020-08-01,124,126,130
24,Missouri,29,2020-08-08,69,71,77
24,Missouri,30,2020-08-15,69,71,77
24,Missouri,31,2020-08-22,124,126,130
24,Missouri,32,2020-08-29,44,46,53
24,Missouri,33,2020-09-05,44,46,53
24,Missouri,34,2020-09-12,124,126,130
24,Missouri,35,2020-09-19,124,126,130
24,Missouri,36,2020-09-26,124,126,130
24,Missouri,37,2020-10-03,44,46,53
24,Missouri,38,2020-10-10,44,46,53
24,Missouri,39,2020-10-17,44,46,53
24,Missouri,40,2020-10-24,44,46,53
24,Missouri,41,2020-10-31,44,46,53
24,Missouri,42,2020-11-07,44,46,53
24,Missouri,43,2020-11-14,44,46,53
24,Missouri,44,2020-11-21,44,46,53
24,Missouri,45,2020-11-28,44,46,53
24,Missouri,46,2020-12-05,44,46,53
24,Missouri,47,2020-12-12,124,126,130
24,Missouri,48,2020-12-19,124,126,130
24,Missouri,49,2020-12-26,69,71,77
24,Missouri,50,2021-01-02,44,46,53
24,Missouri,51,2021-01-09,44,46,53
24,Missouri,52,2021-01-16,44,46,53
24,Missouri,53,2021-01-23,44,46,53
24,Missouri,54,2021-01-30,44,46,53
24,Missouri,55,2021-02-06,44,46,53
24,Missouri,56,2021-02-13,44,46,53
24,Missouri,57,2021-02-20,44,46,53
24,Missouri,58,2021-02-27,44,46,53
25,Montana,0,2020-01-18,239,239,240
25,Montana,1,2020-01-25,255,255,255
25,Montana,2,2020-02-01,239,239,240
25,Montana,3,2020-02-08,255,255,255
25,Montana,4,2020-02-15,255,255,255
25,Montana,5,2020-02-22,219,220,221
25,Montana,6,2020-02-29,219,220,221
25,Montana,7,2020-03-07,219,220,221
25,Montana,8,2020-03-14,197,197,199
25,Montana,9,2020-03-21,44,46,53
25,Montana,10,2020-03-28,44,46,53
25,Montana,11,2020-04-04,44,46,53
25,Montana,12,2020-04-11,44,46,53
25,Montana,13,2020-04-18,44,46,53
25,Montana,14,2020-04-25,44,46,53
25,Montana,15,2020-05-02,44,46,53
25,Montana,16,2020-05-09,124,126,130
25,Montana,17,2020-05-16,69,71,77
25,Montana,18,2020-05-23,124,126,130
25,Montana,19,2020-05-30,69,71,77
25,Montana,20,2020-06-06,69,71,77
25,Montana,21,2020-06-13,69,71,77
25,Montana,22,2020-06-20,124,126,130
25,Montana,23,2020-06-27,124,126,130
25,Montana,24,2020-07-04,69,71,77
25,Montana,25,2020-07-11,69,71,77
25,Montana,26,2020-07-18,124,126,130
25,Montana,27,2020-07-25,124,126,130
25,Montana,28,2020-08-01,124,126,130
25,Montana,29,2020-08-08,69,71,77
25,Montana,30,2020-08-15,69,71,77
25,Montana,31,2020-08-22,69,71,77
25,Montana,32,2020-08-29,44,46,53
25,Montana,33,2020-09-05,44,46,53
25,Montana,34,2020-09-12,44,46,53
25,Montana,35,2020-09-19,44,46,53
25,Montana,36,2020-09-26,124,126,130
25,Montana,37,2020-10-03,69,71,77
25,Montana,38,2020-10-10,124,126,130
25,Montana,39,2020-10-17,124,126,130
25,Montana,40,2020-10-24,44,46,53
25,Montana,41,2020-10-31,44,46,53
25,Montana,42,2020-11-07,44,46,53
25,Montana,43,2020-11-14,44,46,53
25,Montana,44,2020-11-21,44,46,53
25,Montana,45,2020-11-28,44,46,53
25,Montana,46,2020-12-05,44,46,53
25,Montana,47,2020-12-12,124,126,130
25,Montana,48,2020-12-19,124,126,130
25,Montana,49,2020-12-26,69,71,77
25,Montana,50,2021-01-02,44,46,53
25,Montana,51,2021-01-09,44,46,53
25,Montana,52,2021-01-16,44,46,53
25,Montana,53,2021-01-23,69,71,77
25,Montana,54,2021-01-30,44,46,53
25,Montana,55,2021-02-06,44,46,53
25,Montana,56,2021-02-13,44,46,53
25,Montana,57,2021-02-20,44,46,53
25,Montana,58,2021-02-27,44,46,53
26,Nebraska,0,2020-01-18,239,239,240
26,Nebraska,1,2020-01-25,255,255,255
26,Nebraska,2,2020-02-01,239,239,240
26,Nebraska,3,2020-02-08,219,220,221
26,Nebraska,4,2020-02-15,219,220,221
26,Nebraska,5,2020-02-22,255,255,255
26,Nebraska,6,2020-02-29,255,255,255
26,Nebraska,7,2020-03-07,219,220,221
26,Nebraska,8,2020-03-14,167,168,171
26,Nebraska,9,2020-03-21,44,46,53
26,Nebraska,10,2020-03-28,44,46,53
26,Nebraska,11,2020-04-04,44,46,53
26,Nebraska,12,2020-04-11,44,46,53
26,Nebraska,13,2020-04-18,44,46,53
26,Nebraska,14,2020-04-25,44,46,53
26,Nebraska,15,2020-05-02,44,46,53
26,Nebraska,16,2020-05-09,124,126,130
26,Nebraska,17,2020-05-16,124,126,130
26,Nebraska,18,2020-05-23,124,126,130
26,Nebraska,19,2020-05-30,69,71,77
26,Nebraska,20,2020-06-06,69,71,77
26,Nebraska,21,2020-06-13,124,126,130
26,Nebraska,22,2020-06-20,69,71,77
26,Nebraska,23,2020-06-27,124,126,130
26,Nebraska,24,2020-07-04,69,71,77
26,Nebraska,25,2020-07-11,69,71,77
26,Nebraska,26,2020-07-18,124,126,130
26,Nebraska,27,2020-07-25,69,71,77
26,Nebraska,28,2020-08-01,69,71,77
26,Nebraska,29,2020-08-08,69,71,77
26,Nebraska,30,2020-08-15,124,126,130
26,Nebraska,31,2020-08-22,69,71,77
26,Nebraska,32,2020-08-29,124,126,130
26,Nebraska,33,2020-09-05,124,126,130
26,Nebraska,34,2020-09-12,44,46,53
26,Nebraska,35,2020-09-19,44,46,53
26,Nebraska,36,2020-09-26,255,255,255
26,Nebraska,37,2020-10-03,219,220,221
26,Nebraska,38,2020-10-10,219,220,221
26,Nebraska,39,2020-10-17,255,255,255
26,Nebraska,40,2020-10-24,255,255,255
26,Nebraska,41,2020-10-31,255,255,255
26,Nebraska,42,2020-11-07,219,220,221
26,Nebraska,43,2020-11-14,219,220,221
26,Nebraska,44,2020-11-21,219,220,221
26,Nebraska,45,2020-11-28,167,168,171
26,Nebraska,46,2020-12-05,219,220,221
26,Nebraska,47,2020-12-12,239,239,240
26,Nebraska,48,2020-12-19,219,220,221
26,Nebraska,49,2020-12-26,219,220,221
26,Nebraska,50,2021-01-02,219,220,221
26,Nebraska,51,2021-01-09,197,197,199
26,Nebraska,52,2021-01-16,219,220,221
26,Nebraska,53,2021-01-23,219,220,221
26,Nebraska,54,2021-01-30,167,168,171
26,Nebraska,55,2021-02-06,219,220,221
26,Nebraska,56,2021-02-13,219,220,221
26,Nebraska,57,2021-02-20,167,168,171
26,Nebraska,58,2021-02-27,219,220,221
27,Nevada,0,2020-01-18,219,220,221
27,Nevada,1,2020-01-25,255,255,255
27,Nevada,2,2020-02-01,219,220,221
27,Nevada,3,2020-02-08,167,168,171
27,Nevada,4,2020-02-15,197,197,199
27,Nevada,5,2020-02-22,197,197,199
27,Nevada,6,2020-02-29,219,220,221
27,Nevada,7,2020-03-07,219,220,221
27,Nevada,8,2020-03-14,167,168,171
27,Nevada,9,2020-03-21,44,46,53
27,Nevada,10,2020-03-28,44,46,53
27,Nevada,11,2020-04-04,44,46,53
27,Nevada,12,2020-04-11,44,46,53
27,Nevada,13,2020-04-18,44,46,53
27,Nevada,14,2020-04-25,44,46,53
27,Nevada,15,2020-05-02,44,46,53
27,Nevada,16,2020-05-09,124,126,130
27,Nevada,17,2020-05-16,124,126,130
27,Nevada,18,2020-05-23,124,126,130
27,Nevada,19,2020-05-30,69,71,77
27,Nevada,20,2020-06-06,69,71,77
27,Nevada,21,2020-06-13,124,126,130
27,Nevada,22,2020-06-20,69,71,77
27,Nevada,23,2020-06-27,124,126,130
27,Nevada,24,2020-07-04,69,71,77
27,Nevada,25,2020-07-11,69,71,77
27,Nevada,26,2020-07-18,69,71,77
27,Nevada,27,2020-07-25,69,71,77
27,Nevada,28,2020-08-01,124,126,130
27,Nevada,29,2020-08-08,44,46,53
27,Nevada,30,2020-08-15,44,46,53
27,Nevada,31,2020-08-22,69,71,77
27,Nevada,32,2020-08-29,69,71,77
27,Nevada,33,2020-09-05,69,71,77
27,Nevada,34,2020-09-12,124,126,130
27,Nevada,35,2020-09-19,44,46,53
27,Nevada,36,2020-09-26,44,46,53
27,Nevada,37,2020-10-03,44,46,53
27,Nevada,38,2020-10-10,44,46,53
27,Nevada,39,2020-10-17,44,46,53
27,Nevada,40,2020-10-24,69,71,77
27,Nevada,41,2020-10-31,124,126,130
27,Nevada,42,2020-11-07,69,71,77
27,Nevada,43,2020-11-14,124,126,130
27,Nevada,44,2020-11-21,69,71,77
27,Nevada,45,2020-11-28,44,46,53
27,Nevada,46,2020-12-05,44,46,53
27,Nevada,47,2020-12-12,124,126,130
27,Nevada,48,2020-12-19,124,126,130
27,Nevada,49,2020-12-26,124,126,130
27,Nevada,50,2021-01-02,69,71,77
27,Nevada,51,2021-01-09,44,46,53
27,Nevada,52,2021-01-16,44,46,53
27,Nevada,53,2021-01-23,44,46,53
27,Nevada,54,2021-01-30,44,46,53
27,Nevada,55,2021-02-06,44,46,53
27,Nevada,56,2021-02-13,124,126,130
27,Nevada,57,2021-02-20,44,46,53
27,Nevada,58,2021-02-27,44,46,53
28,New Hampshire,0,2020-01-18,239,239,240
28,New Hampshire,1,2020-01-25,255,255,255
28,New Hampshire,2,2020-02-01,219,220,221
28,New Hampshire,3,2020-02-08,167,168,171
28,New Hampshire,4,2020-02-15,197,197,199
28,New Hampshire,5,2020-02-22,167,168,171
28,New Hampshire,6,2020-02-29,219,220,221
28,New Hampshire,7,2020-03-07,219,220,221
28,New Hampshire,8,2020-03-14,167,168,171
28,New Hampshire,9,2020-03-21,44,46,53
28,New Hampshire,10,2020-03-28,44,46,53
28,New Hampshire,11,2020-04-04,44,46,53
28,New Hampshire,12,2020-04-11,44,46,53
28,New Hampshire,13,2020-04-18,44,46,53
28,New Hampshire,14,2020-04-25,44,46,53
28,New Hampshire,15,2020-05-02,44,46,53
28,New Hampshire,16,2020-05-09,44,46,53
28,New Hampshire,17,2020-05-16,124,126,130
28,New Hampshire,18,2020-05-23,124,126,130
28,New Hampshire,19,2020-05-30,69,71,77
28,New Hampshire,20,2020-06-06,124,126,130
28,New Hampshire,21,2020-06-13,69,71,77
28,New Hampshire,22,2020-06-20,124,126,130
28,New Hampshire,23,2020-06-27,124,126,130
28,New Hampshire,24,2020-07-04,69,71,77
28,New Hampshire,25,2020-07-11,124,126,130
28,New Hampshire,26,2020-07-18,69,71,77
28,New Hampshire,27,2020-07-25,124,126,130
28,New Hampshire,28,2020-08-01,124,126,130
28,New Hampshire,29,2020-08-08,69,71,77
28,New Hampshire,30,2020-08-15,124,126,130
28,New Hampshire,31,2020-08-22,69,71,77
28,New Hampshire,32,2020-08-29,69,71,77
28,New Hampshire,33,2020-09-05,124,126,130
28,New Hampshire,34,2020-09-12,124,126,130
28,New Hampshire,35,2020-09-19,69,71,77
28,New Hampshire,36,2020-09-26,124,126,130
28,New Hampshire,37,2020-10-03,69,71,77
28,New Hampshire,38,2020-10-10,44,46,53
28,New Hampshire,39,2020-10-17,44,46,53
28,New Hampshire,40,2020-10-24,44,46,53
28,New Hampshire,41,2020-10-31,44,46,53
28,New Hampshire,42,2020-11-07,44,46,53
28,New Hampshire,43,2020-11-14,44,46,53
28,New Hampshire,44,2020-11-21,69,71,77
28,New Hampshire,45,2020-11-28,124,126,130
28,New Hampshire,46,2020-12-05,44,46,53
28,New Hampshire,47,2020-12-12,44,46,53
28,New Hampshire,48,2020-12-19,44,46,53
28,New Hampshire,49,2020-12-26,44,46,53
28,New Hampshire,50,2021-01-02,44,46,53
28,New Hampshire,51,2021-01-09,44,46,53
28,New Hampshire,52,2021-01-16,44,46,53
28,New Hampshire,53,2021-01-23,44,46,53
28,New Hampshire,54,2021-01-30,44,46,53
28,New Hampshire,55,2021-02-06,44,46,53
28,New Hampshire,56,2021-02-13,44,46,53
28,New Hampshire,57,2021-02-20,44,46,53
28,New Hampshire,58,2021-02-27,44,46,53
29,New Jersey,0,2020-01-18,255,255,255
29,New Jersey,1,2020-01-25,255,255,255
29,New Jersey,2,2020-02-01,219,220,221
29,New Jersey,3,2020-02-08,167,168,171
29,New Jersey,4,2020-02-15,197,197,199
29,New Jersey,5,2020-02-22,167,168,171
29,New Jersey,6,2020-02-29,219,220,221
29,New Jersey,7,2020-03-07,219,220,221
29,New Jersey,8,2020-03-14,167,168,171
29,New Jersey,9,2020-03-21,44,46,53
29,New Jersey,10,2020-03-28,44,46,53
29,New Jersey,11,2020-04-04,44,46,53
29,New Jersey,12,2020-04-11,44,46,53
29,New Jersey,13,2020-04-18,44,46,53
29,New Jersey,14,2020-04-25,44,46,53
29,New Jersey,15,2020-05-02,44,46,53
29,New Jersey,16,2020-05-09,44,46,53
29,New Jersey,17,2020-05-16,124,126,130
29,New Jersey,18,2020-05-23,124,126,130
29,New Jersey,19,2020-05-30,124,126,130
29,New Jersey,20,2020-06-06,69,71,77
29,New Jersey,21,2020-06-13,69,71,77
29,New Jersey,22,2020-06-20,69,71,77
29,New Jersey,23,2020-06-27,124,126,130
29,New Jersey,24,2020-07-04,44,46,53
29,New Jersey,25,2020-07-11,44,46,53
29,New Jersey,26,2020-07-18,124,126,130
29,New Jersey,27,2020-07-25,69,71,77
29,New Jersey,28,2020-08-01,124,126,130
29,New Jersey,29,2020-08-08,69,71,77
29,New Jersey,30,2020-08-15,69,71,77
29,New Jersey,31,2020-08-22,124,126,130
29,New Jersey,32,2020-08-29,69,71,77
29,New Jersey,33,2020-09-05,124,126,130
29,New Jersey,34,2020-09-12,124,126,130
29,New Jersey,35,2020-09-19,69,71,77
29,New Jersey,36,2020-09-26,124,126,130
29,New Jersey,37,2020-10-03,69,71,77
29,New Jersey,38,2020-10-10,44,46,53
29,New Jersey,39,2020-10-17,44,46,53
29,New Jersey,40,2020-10-24,44,46,53
29,New Jersey,41,2020-10-31,44,46,53
29,New Jersey,42,2020-11-07,44,46,53
29,New Jersey,43,2020-11-14,44,46,53
29,New Jersey,44,2020-11-21,44,46,53
29,New Jersey,45,2020-11-28,44,46,53
29,New Jersey,46,2020-12-05,44,46,53
29,New Jersey,47,2020-12-12,44,46,53
29,New Jersey,48,2020-12-19,69,71,77
29,New Jersey,49,2020-12-26,124,126,130
29,New Jersey,50,2021-01-02,69,71,77
29,New Jersey,51,2021-01-09,124,126,130
29,New Jersey,52,2021-01-16,124,126,130
29,New Jersey,53,2021-01-23,69,71,77
29,New Jersey,54,2021-01-30,124,126,130
29,New Jersey,55,2021-02-06,69,71,77
29,New Jersey,56,2021-02-13,124,126,130
29,New Jersey,57,2021-02-20,44,46,53
29,New Jersey,58,2021-02-27,44,46,53
30,New Mexico,0,2020-01-18,197,197,199
30,New Mexico,1,2020-01-25,219,220,221
30,New Mexico,2,2020-02-01,219,220,221
30,New Mexico,3,2020-02-08,167,168,171
30,New Mexico,4,2020-02-15,197,197,199
30,New Mexico,5,2020-02-22,167,168,171
30,New Mexico,6,2020-02-29,219,220,221
30,New Mexico,7,2020-03-07,219,220,221
30,New Mexico,8,2020-03-14,167,168,171
30,New Mexico,9,2020-03-21,44,46,53
30,New Mexico,10,2020-03-28,44,46,53
30,New Mexico,11,2020-04-04,44,46,53
30,New Mexico,12,2020-04-11,44,46,53
30,New Mexico,13,2020-04-18,44,46,53
30,New Mexico,14,2020-04-25,44,46,53
30,New Mexico,15,2020-05-02,44,46,53
30,New Mexico,16,2020-05-09,44,46,53
30,New Mexico,17,2020-05-16,69,71,77
30,New Mexico,18,2020-05-23,124,126,130
30,New Mexico,19,2020-05-30,69,71,77
30,New Mexico,20,2020-06-06,69,71,77
30,New Mexico,21,2020-06-13,69,71,77
30,New Mexico,22,2020-06-20,69,71,77
30,New Mexico,23,2020-06-27,124,126,130
30,New Mexico,24,2020-07-04,44,46,53
30,New Mexico,25,2020-07-11,44,46,53
30,New Mexico,26,2020-07-18,44,46,53
30,New Mexico,27,2020-07-25,44,46,53
30,New Mexico,28,2020-08-01,44,46,53
30,New Mexico,29,2020-08-08,124,126,130
30,New Mexico,30,2020-08-15,124,126,130
30,New Mexico,31,2020-08-22,124,126,130
30,New Mexico,32,2020-08-29,69,71,77
30,New Mexico,33,2020-09-05,69,71,77
30,New Mexico,34,2020-09-12,124,126,130
30,New Mexico,35,2020-09-19,69,71,77
30,New Mexico,36,2020-09-26,124,126,130
30,New Mexico,37,2020-10-03,69,71,77
30,New Mexico,38,2020-10-10,124,126,130
30,New Mexico,39,2020-10-17,124,126,130
30,New Mexico,40,2020-10-24,69,71,77
30,New Mexico,41,2020-10-31,124,126,130
30,New Mexico,42,2020-11-07,69,71,77
30,New Mexico,43,2020-11-14,44,46,53
30,New Mexico,44,2020-11-21,44,46,53
30,New Mexico,45,2020-11-28,44,46,53
30,New Mexico,46,2020-12-05,124,126,130
30,New Mexico,47,2020-12-12,124,126,130
30,New Mexico,48,2020-12-19,69,71,77
30,New Mexico,49,2020-12-26,69,71,77
30,New Mexico,50,2021-01-02,69,71,77
30,New Mexico,51,2021-01-09,44,46,53
30,New Mexico,52,2021-01-16,44,46,53
30,New Mexico,53,2021-01-23,69,71,77
30,New Mexico,54,2021-01-30,69,71,77
30,New Mexico,55,2021-02-06,124,126,130
30,New Mexico,56,2021-02-13,69,71,77
30,New Mexico,57,2021-02-20,44,46,53
30,New Mexico,58,2021-02-27,44,46,53
31,New York,0,2020-01-18,239,239,240
31,New York,1,2020-01-25,255,255,255
31,New York,2,2020-02-01,219,220,221
31,New York,3,2020-02-08,167,168,171
31,New York,4,2020-02-15,197,197,199
31,New York,5,2020-02-22,197,197,199
31,New York,6,2020-02-29,219,220,221
31,New York,7,2020-03-07,219,220,221
31,New York,8,2020-03-14,44,46,53
31,New York,9,2020-03-21,44,46,53
31,New York,10,2020-03-28,44,46,53
31,New York,11,2020-04-04,44,46,53
31,New York,12,2020-04-11,44,46,53
31,New York,13,2020-04-18,44,46,53
31,New York,14,2020-04-25,44,46,53
31,New York,15,2020-05-02,44,46,53
31,New York,16,2020-05-09,44,46,53
31,New York,17,2020-05-16,124,126,130
31,New York,18,2020-05-23,124,126,130
31,New York,19,2020-05-30,124,126,130
31,New York,20,2020-06-06,69,71,77
31,New York,21,2020-06-13,124,126,130
31,New York,22,2020-06-20,69,71,77
31,New York,23,2020-06-27,124,126,130
31,New York,24,2020-07-04,69,71,77
31,New York,25,2020-07-11,69,71,77
31,New York,26,2020-07-18,124,126,130
31,New York,27,2020-07-25,124,126,130
31,New York,28,2020-08-01,69,71,77
31,New York,29,2020-08-08,69,71,77
31,New York,30,2020-08-15,69,71,77
31,New York,31,2020-08-22,69,71,77
31,New York,32,2020-08-29,44,46,53
31,New York,33,2020-09-05,44,46,53
31,New York,34,2020-09-12,44,46,53
31,New York,35,2020-09-19,44,46,53
31,New York,36,2020-09-26,124,126,130
31,New York,37,2020-10-03,69,71,77
31,New York,38,2020-10-10,69,71,77
31,New York,39,2020-10-17,124,126,130
31,New York,40,2020-10-24,44,46,53
31,New York,41,2020-10-31,44,46,53
31,New York,42,2020-11-07,44,46,53
31,New York,43,2020-11-14,44,46,53
31,New York,44,2020-11-21,44,46,53
31,New York,45,2020-11-28,44,46,53
31,New York,46,2020-12-05,44,46,53
31,New York,47,2020-12-12,44,46,53
31,New York,48,2020-12-19,44,46,53
31,New York,49,2020-12-26,44,46,53
31,New York,50,2021-01-02,44,46,53
31,New York,51,2021-01-09,44,46,53
31,New York,52,2021-01-16,44,46,53
31,New York,53,2021-01-23,69,71,77
31,New York,54,2021-01-30,44,46,53
31,New York,55,2021-02-06,44,46,53
31,New York,56,2021-02-13,124,126,130
31,New York,57,2021-02-20,69,71,77
31,New York,58,2021-02-27,69,71,77
32,North Carolina,0,2020-01-18,219,220,221
32,North Carolina,1,2020-01-25,167,168,171
32,North Carolina,2,2020-02-01,219,220,221
32,North Carolina,3,2020-02-08,255,255,255
32,North Carolina,4,2020-02-15,255,255,255
32,North Carolina,5,2020-02-22,239,239,240
32,North Carolina,6,2020-02-29,255,255,255
32,North Carolina,7,2020-03-07,239,239,240
32,North Carolina,8,2020-03-14,219,220,221
32,North Carolina,9,2020-03-21,44,46,53
32,North Carolina,10,2020-03-28,44,46,53
32,North Carolina,11,2020-04-04,44,46,53
32,North Carolina,12,2020-04-11,44,46,53
32,North Carolina,13,2020-04-18,44,46,53
32,North Carolina,14,2020-04-25,44,46,53
32,North Carolina,15,2020-05-02,44,46,53
32,North Carolina,16,2020-05-09,124,126,130
32,North Carolina,17,2020-05-16,69,71,77
32,North Carolina,18,2020-05-23,69,71,77
32,North Carolina,19,2020-05-30,69,71,77
32,North Carolina,20,2020-06-06,124,126,130
32,North Carolina,21,2020-06-13,124,126,130
32,North Carolina,22,2020-06-20,69,71,77
32,North Carolina,23,2020-06-27,69,71,77
32,North Carolina,24,2020-07-04,124,126,130
32,North Carolina,25,2020-07-11,69,71,77
32,North Carolina,26,2020-07-18,124,126,130
32,North Carolina,27,2020-07-25,124,126,130
32,North Carolina,28,2020-08-01,124,126,130
32,North Carolina,29,2020-08-08,69,71,77
32,North Carolina,30,2020-08-15,69,71,77
32,North Carolina,31,2020-08-22,69,71,77
32,North Carolina,32,2020-08-29,124,126,130
32,North Carolina,33,2020-09-05,124,126,130
32,North Carolina,34,2020-09-12,44,46,53
32,North Carolina,35,2020-09-19,44,46,53
32,North Carolina,36,2020-09-26,44,46,53
32,North Carolina,37,2020-10-03,44,46,53
32,North Carolina,38,2020-10-10,44,46,53
32,North Carolina,39,2020-10-17,255,255,255
32,North Carolina,40,2020-10-24,239,239,240
32,North Carolina,41,2020-10-31,219,220,221
32,North Carolina,42,2020-11-07,167,168,171
32,North Carolina,43,2020-11-14,219,220,221
32,North Carolina,44,2020-11-21,239,239,240
32,North Carolina,45,2020-11-28,255,255,255
32,North Carolina,46,2020-12-05,239,239,240
32,North Carolina,47,2020-12-12,255,255,255
32,North Carolina,48,2020-12-19,219,220,221
32,North Carolina,49,2020-12-26,167,168,171
32,North Carolina,50,2021-01-02,197,197,199
32,North Carolina,51,2021-01-09,44,46,53
32,North Carolina,52,2021-01-16,219,220,221
32,North Carolina,53,2021-01-23,239,239,240
32,North Carolina,54,2021-01-30,239,239,240
32,North Carolina,55,2021-02-06,255,255,255
32,North Carolina,56,2021-02-13,255,255,255
32,North Carolina,57,2021-02-20,239,239,240
32,North Carolina,58,2021-02-27,219,220,221
33,North Dakota,0,2020-01-18,197,197,199
33,North Dakota,1,2020-01-25,219,220,221
33,North Dakota,2,2020-02-01,239,239,240
33,North Dakota,3,2020-02-08,219,220,221
33,North Dakota,4,2020-02-15,197,197,199
33,North Dakota,5,2020-02-22,167,168,171
33,North Dakota,6,2020-02-29,219,220,221
33,North Dakota,7,2020-03-07,219,220,221
33,North Dakota,8,2020-03-14,167,168,171
33,North Dakota,9,2020-03-21,44,46,53
33,North Dakota,10,2020-03-28,44,46,53
33,North Dakota,11,2020-04-04,44,46,53
33,North Dakota,12,2020-04-11,44,46,53
33,North Dakota,13,2020-04-18,44,46,53
33,North Dakota,14,2020-04-25,44,46,53
33,North Dakota,15,2020-05-02,44,46,53
33,North Dakota,16,2020-05-09,44,46,53
33,North Dakota,17,2020-05-16,124,126,130
33,North Dakota,18,2020-05-23,124,126,130
33,North Dakota,19,2020-05-30,124,126,130
33,North Dakota,20,2020-06-06,69,71,77
33,North Dakota,21,2020-06-13,124,126,130
33,North Dakota,22,2020-06-20,124,126,130
33,North Dakota,23,2020-06-27,124,126,130
33,North Dakota,24,2020-07-04,69,71,77
33,North Dakota,25,2020-07-11,69,71,77
33,North Dakota,26,2020-07-18,124,126,130
33,North Dakota,27,2020-07-25,124,126,130
33,North Dakota,28,2020-08-01,124,126,130
33,North Dakota,29,2020-08-08,124,126,130
33,North Dakota,30,2020-08-15,69,71,77
33,North Dakota,31,2020-08-22,124,126,130
33,North Dakota,32,2020-08-29,69,71,77
33,North Dakota,33,2020-09-05,124,126,130
33,North Dakota,34,2020-09-12,69,71,77
33,North Dakota,35,2020-09-19,124,126,130
33,North Dakota,36,2020-09-26,124,126,130
33,North Dakota,37,2020-10-03,69,71,77
33,North Dakota,38,2020-10-10,44,46,53
33,North Dakota,39,2020-10-17,44,46,53
33,North Dakota,40,2020-10-24,44,46,53
33,North Dakota,41,2020-10-31,44,46,53
33,North Dakota,42,2020-11-07,44,46,53
33,North Dakota,43,2020-11-14,44,46,53
33,North Dakota,44,2020-11-21,44,46,53
33,North Dakota,45,2020-11-28,44,46,53
33,North Dakota,46,2020-12-05,44,46,53
33,North Dakota,47,2020-12-12,69,71,77
33,North Dakota,48,2020-12-19,124,126,130
33,North Dakota,49,2020-12-26,44,46,53
33,North Dakota,50,2021-01-02,44,46,53
33,North Dakota,51,2021-01-09,44,46,53
33,North Dakota,52,2021-01-16,44,46,53
33,North Dakota,53,2021-01-23,44,46,53
33,North Dakota,54,2021-01-30,44,46,53
33,North Dakota,55,2021-02-06,44,46,53
33,North Dakota,56,2021-02-13,44,46,53
33,North Dakota,57,2021-02-20,44,46,53
33,North Dakota,58,2021-02-27,44,46,53
34,Ohio,0,2020-01-18,219,220,221
34,Ohio,1,2020-01-25,255,255,255
34,Ohio,2,2020-02-01,219,220,221
34,Ohio,3,2020-02-08,167,168,171
34,Ohio,4,2020-02-15,197,197,199
34,Ohio,5,2020-02-22,167,168,171
34,Ohio,6,2020-02-29,219,220,221
34,Ohio,7,2020-03-07,219,220,221
34,Ohio,8,2020-03-14,44,46,53
34,Ohio,9,2020-03-21,44,46,53
34,Ohio,10,2020-03-28,44,46,53
34,Ohio,11,2020-04-04,44,46,53
34,Ohio,12,2020-04-11,44,46,53
34,Ohio,13,2020-04-18,44,46,53
34,Ohio,14,2020-04-25,44,46,53
34,Ohio,15,2020-05-02,44,46,53
34,Ohio,16,2020-05-09,44,46,53
34,Ohio,17,2020-05-16,124,126,130
34,Ohio,18,2020-05-23,124,126,130
34,Ohio,19,2020-05-30,69,71,77
34,Ohio,20,2020-06-06,124,126,130
34,Ohio,21,2020-06-13,69,71,77
34,Ohio,22,2020-06-20,69,71,77
34,Ohio,23,2020-06-27,124,126,130
34,Ohio,24,2020-07-04,69,71,77
34,Ohio,25,2020-07-11,124,126,130
34,Ohio,26,2020-07-18,69,71,77
34,Ohio,27,2020-07-25,124,126,130
34,Ohio,28,2020-08-01,69,71,77
34,Ohio,29,2020-08-08,69,71,77
34,Ohio,30,2020-08-15,124,126,130
34,Ohio,31,2020-08-22,124,126,130
34,Ohio,32,2020-08-29,44,46,53
34,Ohio,33,2020-09-05,44,46,53
34,Ohio,34,2020-09-12,124,126,130
34,Ohio,35,2020-09-19,69,71,77
34,Ohio,36,2020-09-26,124,126,130
34,Ohio,37,2020-10-03,69,71,77
34,Ohio,38,2020-10-10,69,71,77
34,Ohio,39,2020-10-17,124,126,130
34,Ohio,40,2020-10-24,124,126,130
34,Ohio,41,2020-10-31,69,71,77
34,Ohio,42,2020-11-07,44,46,53
34,Ohio,43,2020-11-14,44,46,53
34,Ohio,44,2020-11-21,44,46,53
34,Ohio,45,2020-11-28,44,46,53
34,Ohio,46,2020-12-05,44,46,53
34,Ohio,47,2020-12-12,44,46,53
34,Ohio,48,2020-12-19,44,46,53
34,Ohio,49,2020-12-26,124,126,130
34,Ohio,50,2021-01-02,44,46,53
34,Ohio,51,2021-01-09,44,46,53
34,Ohio,52,2021-01-16,44,46,53
34,Ohio,53,2021-01-23,44,46,53
34,Ohio,54,2021-01-30,44,46,53
34,Ohio,55,2021-02-06,44,46,53
34,Ohio,56,2021-02-13,44,46,53
34,Ohio,57,2021-02-20,44,46,53
34,Ohio,58,2021-02-27,124,126,130
35,Oklahoma,0,2020-01-18,219,220,221
35,Oklahoma,1,2020-01-25,197,197,199
35,Oklahoma,2,2020-02-01,167,168,171
35,Oklahoma,3,2020-02-08,219,220,221
35,Oklahoma,4,2020-02-15,255,255,255
35,Oklahoma,5,2020-02-22,239,239,240
35,Oklahoma,6,2020-02-29,255,255,255
35,Oklahoma,7,2020-03-07,219,220,221
35,Oklahoma,8,2020-03-14,197,197,199
35,Oklahoma,9,2020-03-21,44,46,53
35,Oklahoma,10,2020-03-28,44,46,53
35,Oklahoma,11,2020-04-04,44,46,53
35,Oklahoma,12,2020-04-11,44,46,53
35,Oklahoma,13,2020-04-18,44,46,53
35,Oklahoma,14,2020-04-25,44,46,53
35,Oklahoma,15,2020-05-02,44,46,53
35,Oklahoma,16,2020-05-09,44,46,53
35,Oklahoma,17,2020-05-16,69,71,77
35,Oklahoma,18,2020-05-23,44,46,53
35,Oklahoma,19,2020-05-30,44,46,53
35,Oklahoma,20,2020-06-06,44,46,53
35,Oklahoma,21,2020-06-13,44,46,53
35,Oklahoma,22,2020-06-20,44,46,53
35,Oklahoma,23,2020-06-27,124,126,130
35,Oklahoma,24,2020-07-04,69,71,77
35,Oklahoma,25,2020-07-11,69,71,77
35,Oklahoma,26,2020-07-18,69,71,77
35,Oklahoma,27,2020-07-25,44,46,53
35,Oklahoma,28,2020-08-01,44,46,53
35,Oklahoma,29,2020-08-08,69,71,77
35,Oklahoma,30,2020-08-15,69,71,77
35,Oklahoma,31,2020-08-22,124,126,130
35,Oklahoma,32,2020-08-29,124,126,130
35,Oklahoma,33,2020-09-05,69,71,77
35,Oklahoma,34,2020-09-12,124,126,130
35,Oklahoma,35,2020-09-19,124,126,130
35,Oklahoma,36,2020-09-26,69,71,77
35,Oklahoma,37,2020-10-03,124,126,130
35,Oklahoma,38,2020-10-10,124,126,130
35,Oklahoma,39,2020-10-17,69,71,77
35,Oklahoma,40,2020-10-24,69,71,77
35,Oklahoma,41,2020-10-31,44,46,53
35,Oklahoma,42,2020-11-07,44,46,53
35,Oklahoma,43,2020-11-14,124,126,130
35,Oklahoma,44,2020-11-21,44,46,53
35,Oklahoma,45,2020-11-28,44,46,53
35,Oklahoma,46,2020-12-05,44,46,53
35,Oklahoma,47,2020-12-12,44,46,53
35,Oklahoma,48,2020-12-19,44,46,53
35,Oklahoma,49,2020-12-26,44,46,53
35,Oklahoma,50,2021-01-02,44,46,53
35,Oklahoma,51,2021-01-09,44,46,53
35,Oklahoma,52,2021-01-16,44,46,53
35,Oklahoma,53,2021-01-23,44,46,53
35,Oklahoma,54,2021-01-30,44,46,53
35,Oklahoma,55,2021-02-06,44,46,53
35,Oklahoma,56,2021-02-13,44,46,53
35,Oklahoma,57,2021-02-20,44,46,53
35,Oklahoma,58,2021-02-27,44,46,53
36,Oregon,0,2020-01-18,219,220,221
36,Oregon,1,2020-01-25,167,168,171
36,Oregon,2,2020-02-01,197,197,199
36,Oregon,3,2020-02-08,219,220,221
36,Oregon,4,2020-02-15,255,255,255
36,Oregon,5,2020-02-22,239,239,240
36,Oregon,6,2020-02-29,255,255,255
36,Oregon,7,2020-03-07,219,220,221
36,Oregon,8,2020-03-14,167,168,171
36,Oregon,9,2020-03-21,44,46,53
36,Oregon,10,2020-03-28,44,46,53
36,Oregon,11,2020-04-04,44,46,53
36,Oregon,12,2020-04-11,44,46,53
36,Oregon,13,2020-04-18,44,46,53
36,Oregon,14,2020-04-25,44,46,53
36,Oregon,15,2020-05-02,44,46,53
36,Oregon,16,2020-05-09,44,46,53
36,Oregon,17,2020-05-16,69,71,77
36,Oregon,18,2020-05-23,69,71,77
36,Oregon,19,2020-05-30,124,126,130
36,Oregon,20,2020-06-06,69,71,77
36,Oregon,21,2020-06-13,124,126,130
36,Oregon,22,2020-06-20,124,126,130
36,Oregon,23,2020-06-27,124,126,130
36,Oregon,24,2020-07-04,69,71,77
36,Oregon,25,2020-07-11,69,71,77
36,Oregon,26,2020-07-18,69,71,77
36,Oregon,27,2020-07-25,124,126,130
36,Oregon,28,2020-08-01,69,71,77
36,Oregon,29,2020-08-08,69,71,77
36,Oregon,30,2020-08-15,69,71,77
36,Oregon,31,2020-08-22,124,126,130
36,Oregon,32,2020-08-29,69,71,77
36,Oregon,33,2020-09-05,69,71,77
36,Oregon,34,2020-09-12,44,46,53
36,Oregon,35,2020-09-19,44,46,53
36,Oregon,36,2020-09-26,44,46,53
36,Oregon,37,2020-10-03,69,71,77
36,Oregon,38,2020-10-10,124,126,130
36,Oregon,39,2020-10-17,124,126,130
36,Oregon,40,2020-10-24,69,71,77
36,Oregon,41,2020-10-31,124,126,130
36,Oregon,42,2020-11-07,44,46,53
36,Oregon,43,2020-11-14,44,46,53
36,Oregon,44,2020-11-21,44,46,53
36,Oregon,45,2020-11-28,44,46,53
36,Oregon,46,2020-12-05,44,46,53
36,Oregon,47,2020-12-12,44,46,53
36,Oregon,48,2020-12-19,44,46,53
36,Oregon,49,2020-12-26,44,46,53
36,Oregon,50,2021-01-02,44,46,53
36,Oregon,51,2021-01-09,44,46,53
36,Oregon,52,2021-01-16,44,46,53
36,Oregon,53,2021-01-23,69,71,77
36,Oregon,54,2021-01-30,44,46,53
36,Oregon,55,2021-02-06,44,46,53
36,Oregon,56,2021-02-13,69,71,77
36,Oregon,57,2021-02-20,44,46,53
36,Oregon,58,2021-02-27,44,46,53
37,Pennsylvania,0,2020-01-18,219,220,221
37,Pennsylvania,1,2020-01-25,255,255,255
37,Pennsylvania,2,2020-02-01,239,239,240
37,Pennsylvania,3,2020-02-08,219,220,221
37,Pennsylvania,4,2020-02-15,167,168,171
37,Pennsylvania,5,2020-02-22,197,197,199
37,Pennsylvania,6,2020-02-29,219,220,221
37,Pennsylvania,7,2020-03-07,219,220,221
37,Pennsylvania,8,2020-03-14,44,46,53
37,Pennsylvania,9,2020-03-21,44,46,53
37,Pennsylvania,10,2020-03-28,44,46,53
37,Pennsylvania,11,2020-04-04,44,46,53
37,Pennsylvania,12,2020-04-11,44,46,53
37,Pennsylvania,13,2020-04-18,44,46,53
37,Pennsylvania,14,2020-04-25,44,46,53
37,Pennsylvania,15,2020-05-02,44,46,53
37,Pennsylvania,16,2020-05-09,44,46,53
37,Pennsylvania,17,2020-05-16,124,126,130
37,Pennsylvania,18,2020-05-23,124,126,130
37,Pennsylvania,19,2020-05-30,124,126,130
37,Pennsylvania,20,2020-06-06,69,71,77
37,Pennsylvania,21,2020-06-13,69,71,77
37,Pennsylvania,22,2020-06-20,69,71,77
37,Pennsylvania,23,2020-06-27,124,126,130
37,Pennsylvania,24,2020-07-04,69,71,77
37,Pennsylvania,25,2020-07-11,69,71,77
37,Pennsylvania,26,2020-07-18,124,126,130
37,Pennsylvania,27,2020-07-25,124,126,130
37,Pennsylvania,28,2020-08-01,69,71,77
37,Pennsylvania,29,2020-08-08,69,71,77
37,Pennsylvania,30,2020-08-15,69,71,77
37,Pennsylvania,31,2020-08-22,124,126,130
37,Pennsylvania,32,2020-08-29,44,46,53
37,Pennsylvania,33,2020-09-05,44,46,53
37,Pennsylvania,34,2020-09-12,124,126,130
37,Pennsylvania,35,2020-09-19,124,126,130
37,Pennsylvania,36,2020-09-26,124,126,130
37,Pennsylvania,37,2020-10-03,69,71,77
37,Pennsylvania,38,2020-10-10,69,71,77
37,Pennsylvania,39,2020-10-17,69,71,77
37,Pennsylvania,40,2020-10-24,69,71,77
37,Pennsylvania,41,2020-10-31,124,126,130
37,Pennsylvania,42,2020-11-07,44,46,53
37,Pennsylvania,43,2020-11-14,44,46,53
37,Pennsylvania,44,2020-11-21,44,46,53
37,Pennsylvania,45,2020-11-28,44,46,53
37,Pennsylvania,46,2020-12-05,44,46,53
37,Pennsylvania,47,2020-12-12,44,46,53
37,Pennsylvania,48,2020-12-19,44,46,53
37,Pennsylvania,49,2020-12-26,44,46,53
37,Pennsylvania,50,2021-01-02,44,46,53
37,Pennsylvania,51,2021-01-09,44,46,53
37,Pennsylvania,52,2021-01-16,69,71,77
37,Pennsylvania,53,2021-01-23,124,126,130
37,Pennsylvania,54,2021-01-30,69,71,77
37,Pennsylvania,55,2021-02-06,69,71,77
37,Pennsylvania,56,2021-02-13,69,71,77
37,Pennsylvania,57,2021-02-20,44,46,53
37,Pennsylvania,58,2021-02-27,44,46,53
38,Rhode Island,0,2020-01-18,255,255,255
38,Rhode Island,1,2020-01-25,255,255,255
38,Rhode Island,2,2020-02-01,239,239,240
38,Rhode Island,3,2020-02-08,255,255,255
38,Rhode Island,4,2020-02-15,219,220,221
38,Rhode Island,5,2020-02-22,219,220,221
38,Rhode Island,6,2020-02-29,255,255,255
38,Rhode Island,7,2020-03-07,219,220,221
38,Rhode Island,8,2020-03-14,167,168,171
38,Rhode Island,9,2020-03-21,44,46,53
38,Rhode Island,10,2020-03-28,44,46,53
38,Rhode Island,11,2020-04-04,44,46,53
38,Rhode Island,12,2020-04-11,44,46,53
38,Rhode Island,13,2020-04-18,44,46,53
38,Rhode Island,14,2020-04-25,44,46,53
38,Rhode Island,15,2020-05-02,44,46,53
38,Rhode Island,16,2020-05-09,124,126,130
38,Rhode Island,17,2020-05-16,124,126,130
38,Rhode Island,18,2020-05-23,124,126,130
38,Rhode Island,19,2020-05-30,69,71,77
38,Rhode Island,20,2020-06-06,124,126,130
38,Rhode Island,21,2020-06-13,124,126,130
38,Rhode Island,22,2020-06-20,69,71,77
38,Rhode Island,23,2020-06-27,124,126,130
38,Rhode Island,24,2020-07-04,69,71,77
38,Rhode Island,25,2020-07-11,69,71,77
38,Rhode Island,26,2020-07-18,69,71,77
38,Rhode Island,27,2020-07-25,124,126,130
38,Rhode Island,28,2020-08-01,124,126,130
38,Rhode Island,29,2020-08-08,124,126,130
38,Rhode Island,30,2020-08-15,69,71,77
38,Rhode Island,31,2020-08-22,69,71,77
38,Rhode Island,32,2020-08-29,69,71,77
38,Rhode Island,33,2020-09-05,124,126,130
38,Rhode Island,34,2020-09-12,124,126,130
38,Rhode Island,35,2020-09-19,69,71,77
38,Rhode Island,36,2020-09-26,124,126,130
38,Rhode Island,37,2020-10-03,69,71,77
38,Rhode Island,38,2020-10-10,69,71,77
38,Rhode Island,39,2020-10-17,124,126,130
38,Rhode Island,40,2020-10-24,69,71,77
38,Rhode Island,41,2020-10-31,44,46,53
38,Rhode Island,42,2020-11-07,44,46,53
38,Rhode Island,43,2020-11-14,44,46,53
38,Rhode Island,44,2020-11-21,44,46,53
38,Rhode Island,45,2020-11-28,44,46,53
38,Rhode Island,46,2020-12-05,44,46,53
38,Rhode Island,47,2020-12-12,44,46,53
38,Rhode Island,48,2020-12-19,44,46,53
38,Rhode Island,49,2020-12-26,44,46,53
38,Rhode Island,50,2021-01-02,44,46,53
38,Rhode Island,51,2021-01-09,44,46,53
38,Rhode Island,52,2021-01-16,44,46,53
38,Rhode Island,53,2021-01-23,44,46,53
38,Rhode Island,54,2021-01-30,44,46,53
38,Rhode Island,55,2021-02-06,44,46,53
38,Rhode Island,56,2021-02-13,44,46,53
38,Rhode Island,57,2021-02-20,69,71,77
38,Rhode Island,58,2021-02-27,69,71,77
39,South Carolina,0,2020-01-18,197,197,199
39,South Carolina,1,2020-01-25,219,220,221
39,South Carolina,2,2020-02-01,219,220,221
39,South Carolina,3,2020-02-08,167,168,171
39,South Carolina,4,2020-02-15,197,197,199
39,South Carolina,5,2020-02-22,167,168,171
39,South Carolina,6,2020-02-29,219,220,221
39,South Carolina,7,2020-03-07,219,220,221
39,South Carolina,8,2020-03-14,167,168,171
39,South Carolina,9,2020-03-21,44,46,53
39,South Carolina,10,2020-03-28,44,46,53
39,South Carolina,11,2020-04-04,44,46,53
39,South Carolina,12,2020-04-11,44,46,53
39,South Carolina,13,2020-04-18,44,46,53
39,South Carolina,14,2020-04-25,44,46,53
39,South Carolina,15,2020-05-02,44,46,53
39,South Carolina,16,2020-05-09,124,126,130
39,South Carolina,17,2020-05-16,124,126,130
39,South Carolina,18,2020-05-23,124,126,130
39,South Carolina,19,2020-05-30,69,71,77
39,South Carolina,20,2020-06-06,69,71,77
39,South Carolina,21,2020-06-13,124,126,130
39,South Carolina,22,2020-06-20,69,71,77
39,South Carolina,23,2020-06-27,124,126,130
39,South Carolina,24,2020-07-04,69,71,77
39,South Carolina,25,2020-07-11,69,71,77
39,South Carolina,26,2020-07-18,124,126,130
39,South Carolina,27,2020-07-25,124,126,130
39,South Carolina,28,2020-08-01,69,71,77
39,South Carolina,29,2020-08-08,69,71,77
39,South Carolina,30,2020-08-15,124,126,130
39,South Carolina,31,2020-08-22,69,71,77
39,South Carolina,32,2020-08-29,69,71,77
39,South Carolina,33,2020-09-05,124,126,130
39,South Carolina,34,2020-09-12,124,126,130
39,South Carolina,35,2020-09-19,69,71,77
39,South Carolina,36,2020-09-26,124,126,130
39,South Carolina,37,2020-10-03,69,71,77
39,South Carolina,38,2020-10-10,69,71,77
39,South Carolina,39,2020-10-17,69,71,77
39,South Carolina,40,2020-10-24,44,46,53
39,South Carolina,41,2020-10-31,44,46,53
39,South Carolina,42,2020-11-07,44,46,53
39,South Carolina,43,2020-11-14,44,46,53
39,South Carolina,44,2020-11-21,44,46,53
39,South Carolina,45,2020-11-28,44,46,53
39,South Carolina,46,2020-12-05,44,46,53
39,South Carolina,47,2020-12-12,44,46,53
39,South Carolina,48,2020-12-19,44,46,53
39,South Carolina,49,2020-12-26,44,46,53
39,South Carolina,50,2021-01-02,44,46,53
39,South Carolina,51,2021-01-09,44,46,53
39,South Carolina,52,2021-01-16,124,126,130
39,South Carolina,53,2021-01-23,69,71,77
39,South Carolina,54,2021-01-30,44,46,53
39,South Carolina,55,2021-02-06,44,46,53
39,South Carolina,56,2021-02-13,124,126,130
39,South Carolina,57,2021-02-20,69,71,77
39,South Carolina,58,2021-02-27,124,126,130
40,South Dakota,0,2020-01-18,219,220,221
40,South Dakota,1,2020-01-25,44,46,53
40,South Dakota,2,2020-02-01,219,220,221
40,South Dakota,3,2020-02-08,239,239,240
40,South Dakota,4,2020-02-15,255,255,255
40,South Dakota,5,2020-02-22,239,239,240
40,South Dakota,6,2020-02-29,255,255,255
40,South Dakota,7,2020-03-07,219,220,221
40,South Dakota,8,2020-03-14,219,220,221
40,South Dakota,9,2020-03-21,44,46,53
40,South Dakota,10,2020-03-28,44,46,53
40,South Dakota,11,2020-04-04,44,46,53
40,South Dakota,12,2020-04-11,44,46,53
40,South Dakota,13,2020-04-18,44,46,53
40,South Dakota,14,2020-04-25,44,46,53
40,South Dakota,15,2020-05-02,44,46,53
40,South Dakota,16,2020-05-09,44,46,53
40,South Dakota,17,2020-05-16,44,46,53
40,South Dakota,18,2020-05-23,124,126,130
40,South Dakota,19,2020-05-30,124,126,130
40,South Dakota,20,2020-06-06,69,71,77
40,South Dakota,21,2020-06-13,69,71,77
40,South Dakota,22,2020-06-20,69,71,77
40,South Dakota,23,2020-06-27,69,71,77
40,South Dakota,24,2020-07-04,44,46,53
40,South Dakota,25,2020-07-11,44,46,53
40,South Dakota,26,2020-07-18,124,126,130
40,South Dakota,27,2020-07-25,124,126,130
40,South Dakota,28,2020-08-01,69,71,77
40,South Dakota,29,2020-08-08,124,126,130
40,South Dakota,30,2020-08-15,69,71,77
40,South Dakota,31,2020-08-22,69,71,77
40,South Dakota,32,2020-08-29,124,126,130
40,South Dakota,33,2020-09-05,124,126,130
40,South Dakota,34,2020-09-12,69,71,77
40,South Dakota,35,2020-09-19,69,71,77
40,South Dakota,36,2020-09-26,124,126,130
40,South Dakota,37,2020-10-03,69,71,77
40,South Dakota,38,2020-10-10,124,126,130
40,South Dakota,39,2020-10-17,44,46,53
40,South Dakota,40,2020-10-24,44,46,53
40,South Dakota,41,2020-10-31,44,46,53
40,South Dakota,42,2020-11-07,44,46,53
40,South Dakota,43,2020-11-14,69,71,77
40,South Dakota,44,2020-11-21,124,126,130
40,South Dakota,45,2020-11-28,69,71,77
40,South Dakota,46,2020-12-05,69,71,77
40,South Dakota,47,2020-12-12,44,46,53
40,South Dakota,48,2020-12-19,44,46,53
40,South Dakota,49,2020-12-26,69,71,77
40,South Dakota,50,2021-01-02,44,46,53
40,South Dakota,51,2021-01-09,44,46,53
40,South Dakota,52,2021-01-16,44,46,53
40,South Dakota,53,2021-01-23,44,46,53
40,South Dakota,54,2021-01-30,44,46,53
40,South Dakota,55,2021-02-06,44,46,53
40,South Dakota,56,2021-02-13,44,46,53
40,South Dakota,57,2021-02-20,44,46,53
40,South Dakota,58,2021-02-27,44,46,53
41,Tennessee,0,2020-01-18,219,220,221
41,Tennessee,1,2020-01-25,255,255,255
41,Tennessee,2,2020-02-01,219,220,221
41,Tennessee,3,2020-02-08,167,168,171
41,Tennessee,4,2020-02-15,197,197,199
41,Tennessee,5,2020-02-22,167,168,171
41,Tennessee,6,2020-02-29,219,220,221
41,Tennessee,7,2020-03-07,219,220,221
41,Tennessee,8,2020-03-14,167,168,171
41,Tennessee,9,2020-03-21,44,46,53
41,Tennessee,10,2020-03-28,44,46,53
41,Tennessee,11,2020-04-04,44,46,53
41,Tennessee,12,2020-04-11,44,46,53
41,Tennessee,13,2020-04-18,44,46,53
41,Tennessee,14,2020-04-25,44,46,53
41,Tennessee,15,2020-05-02,44,46,53
41,Tennessee,16,2020-05-09,124,126,130
41,Tennessee,17,2020-05-16,124,126,130
41,Tennessee,18,2020-05-23,124,126,130
41,Tennessee,19,2020-05-30,69,71,77
41,Tennessee,20,2020-06-06,124,126,130
41,Tennessee,21,2020-06-13,69,71,77
41,Tennessee,22,2020-06-20,124,126,130
41,Tennessee,23,2020-06-27,124,126,130
41,Tennessee,24,2020-07-04,44,46,53
41,Tennessee,25,2020-07-11,44,46,53
41,Tennessee,26,2020-07-18,124,126,130
41,Tennessee,27,2020-07-25,69,71,77
41,Tennessee,28,2020-08-01,124,126,130
41,Tennessee,29,2020-08-08,44,46,53
41,Tennessee,30,2020-08-15,44,46,53
41,Tennessee,31,2020-08-22,44,46,53
41,Tennessee,32,2020-08-29,44,46,53
41,Tennessee,33,2020-09-05,69,71,77
41,Tennessee,34,2020-09-12,124,126,130
41,Tennessee,35,2020-09-19,44,46,53
41,Tennessee,36,2020-09-26,44,46,53
41,Tennessee,37,2020-10-03,44,46,53
41,Tennessee,38,2020-10-10,44,46,53
41,Tennessee,39,2020-10-17,44,46,53
41,Tennessee,40,2020-10-24,44,46,53
41,Tennessee,41,2020-10-31,44,46,53
41,Tennessee,42,2020-11-07,44,46,53
41,Tennessee,43,2020-11-14,69,71,77
41,Tennessee,44,2020-11-21,124,126,130
41,Tennessee,45,2020-11-28,124,126,130
41,Tennessee,46,2020-12-05,69,71,77
41,Tennessee,47,2020-12-12,44,46,53
41,Tennessee,48,2020-12-19,44,46,53
41,Tennessee,49,2020-12-26,44,46,53
41,Tennessee,50,2021-01-02,44,46,53
41,Tennessee,51,2021-01-09,44,46,53
41,Tennessee,52,2021-01-16,44,46,53
41,Tennessee,53,2021-01-23,44,46,53
41,Tennessee,54,2021-01-30,124,126,130
41,Tennessee,55,2021-02-06,44,46,53
41,Tennessee,56,2021-02-13,44,46,53
41,Tennessee,57,2021-02-20,44,46,53
41,Tennessee,58,2021-02-27,44,46,53
42,Texas,0,2020-01-18,197,197,199
42,Texas,1,2020-01-25,197,197,199
42,Texas,2,2020-02-01,167,168,171
42,Texas,3,2020-02-08,167,168,171
42,Texas,4,2020-02-15,197,197,199
42,Texas,5,2020-02-22,167,168,171
42,Texas,6,2020-02-29,219,220,221
42,Texas,7,2020-03-07,219,220,221
42,Texas,8,2020-03-14,167,168,171
42,Texas,9,2020-03-21,44,46,53
42,Texas,10,2020-03-28,44,46,53
42,Texas,11,2020-04-04,44,46,53
42,Texas,12,2020-04-11,44,46,53
42,Texas,13,2020-04-18,44,46,53
42,Texas,14,2020-04-25,44,46,53
42,Texas,15,2020-05-02,44,46,53
42,Texas,16,2020-05-09,44,46,53
42,Texas,17,2020-05-16,69,71,77
42,Texas,18,2020-05-23,124,126,130
42,Texas,19,2020-05-30,69,71,77
42,Texas,20,2020-06-06,124,126,130
42,Texas,21,2020-06-13,69,71,77
42,Texas,22,2020-06-20,124,126,130
42,Texas,23,2020-06-27,124,126,130
42,Texas,24,2020-07-04,44,46,53
42,Texas,25,2020-07-11,44,46,53
42,Texas,26,2020-07-18,69,71,77
42,Texas,27,2020-07-25,69,71,77
42,Texas,28,2020-08-01,124,126,130
42,Texas,29,2020-08-08,69,71,77
42,Texas,30,2020-08-15,69,71,77
42,Texas,31,2020-08-22,124,126,130
42,Texas,32,2020-08-29,69,71,77
42,Texas,33,2020-09-05,69,71,77
42,Texas,34,2020-09-12,124,126,130
42,Texas,35,2020-09-19,44,46,53
42,Texas,36,2020-09-26,44,46,53
42,Texas,37,2020-10-03,69,71,77
42,Texas,38,2020-10-10,124,126,130
42,Texas,39,2020-10-17,69,71,77
42,Texas,40,2020-10-24,124,126,130
42,Texas,41,2020-10-31,124,126,130
42,Texas,42,2020-11-07,44,46,53
42,Texas,43,2020-11-14,44,46,53
42,Texas,44,2020-11-21,44,46,53
42,Texas,45,2020-11-28,44,46,53
42,Texas,46,2020-12-05,44,46,53
42,Texas,47,2020-12-12,124,126,130
42,Texas,48,2020-12-19,69,71,77
42,Texas,49,2020-12-26,124,126,130
42,Texas,50,2021-01-02,44,46,53
42,Texas,51,2021-01-09,44,46,53
42,Texas,52,2021-01-16,44,46,53
42,Texas,53,2021-01-23,44,46,53
42,Texas,54,2021-01-30,44,46,53
42,Texas,55,2021-02-06,44,46,53
42,Texas,56,2021-02-13,124,126,130
42,Texas,57,2021-02-20,69,71,77
42,Texas,58,2021-02-27,124,126,130
43,Utah,0,2020-01-18,219,220,221
43,Utah,1,2020-01-25,219,220,221
43,Utah,2,2020-02-01,219,220,221
43,Utah,3,2020-02-08,219,220,221
43,Utah,4,2020-02-15,219,220,221
43,Utah,5,2020-02-22,219,220,221
43,Utah,6,2020-02-29,239,239,240
43,Utah,7,2020-03-07,255,255,255
43,Utah,8,2020-03-14,219,220,221
43,Utah,9,2020-03-21,44,46,53
43,Utah,10,2020-03-28,44,46,53
43,Utah,11,2020-04-04,44,46,53
43,Utah,12,2020-04-11,44,46,53
43,Utah,13,2020-04-18,44,46,53
43,Utah,14,2020-04-25,44,46,53
43,Utah,15,2020-05-02,44,46,53
43,Utah,16,2020-05-09,124,126,130
43,Utah,17,2020-05-16,69,71,77
43,Utah,18,2020-05-23,124,126,130
43,Utah,19,2020-05-30,69,71,77
43,Utah,20,2020-06-06,69,71,77
43,Utah,21,2020-06-13,124,126,130
43,Utah,22,2020-06-20,124,126,130
43,Utah,23,2020-06-27,69,71,77
43,Utah,24,2020-07-04,124,126,130
43,Utah,25,2020-07-11,69,71,77
43,Utah,26,2020-07-18,124,126,130
43,Utah,27,2020-07-25,69,71,77
43,Utah,28,2020-08-01,124,126,130
43,Utah,29,2020-08-08,44,46,53
43,Utah,30,2020-08-15,219,220,221
43,Utah,31,2020-08-22,219,220,221
43,Utah,32,2020-08-29,219,220,221
43,Utah,33,2020-09-05,239,239,240
43,Utah,34,2020-09-12,219,220,221
43,Utah,35,2020-09-19,167,168,171
43,Utah,36,2020-09-26,219,220,221
43,Utah,37,2020-10-03,219,220,221
43,Utah,38,2020-10-10,219,220,221
43,Utah,39,2020-10-17,239,239,240
43,Utah,40,2020-10-24,255,255,255
43,Utah,41,2020-10-31,219,220,221
43,Utah,42,2020-11-07,219,220,221
43,Utah,43,2020-11-14,219,220,221
43,Utah,44,2020-11-21,219,220,221
43,Utah,45,2020-11-28,219,220,221
43,Utah,46,2020-12-05,219,220,221
43,Utah,47,2020-12-12,255,255,255
43,Utah,48,2020-12-19,219,220,221
43,Utah,49,2020-12-26,219,220,221
43,Utah,50,2021-01-02,255,255,255
43,Utah,51,2021-01-09,219,220,221
43,Utah,52,2021-01-16,219,220,221
43,Utah,53,2021-01-23,239,239,240
43,Utah,54,2021-01-30,219,220,221
43,Utah,55,2021-02-06,219,220,221
43,Utah,56,2021-02-13,255,255,255
43,Utah,57,2021-02-20,219,220,221
43,Utah,58,2021-02-27,197,197,199
44,Vermont,0,2020-01-18,167,168,171
44,Vermont,1,2020-01-25,219,220,221
44,Vermont,2,2020-02-01,219,220,221
44,Vermont,3,2020-02-08,197,197,199
44,Vermont,4,2020-02-15,197,197,199
44,Vermont,5,2020-02-22,167,168,171
44,Vermont,6,2020-02-29,219,220,221
44,Vermont,7,2020-03-07,219,220,221
44,Vermont,8,2020-03-14,167,168,171
44,Vermont,9,2020-03-21,44,46,53
44,Vermont,10,2020-03-28,44,46,53
44,Vermont,11,2020-04-04,44,46,53
44,Vermont,12,2020-04-11,44,46,53
44,Vermont,13,2020-04-18,44,46,53
44,Vermont,14,2020-04-25,44,46,53
44,Vermont,15,2020-05-02,44,46,53
44,Vermont,16,2020-05-09,44,46,53
44,Vermont,17,2020-05-16,124,126,130
44,Vermont,18,2020-05-23,124,126,130
44,Vermont,19,2020-05-30,69,71,77
44,Vermont,20,2020-06-06,69,71,77
44,Vermont,21,2020-06-13,69,71,77
44,Vermont,22,2020-06-20,124,126,130
44,Vermont,23,2020-06-27,69,71,77
44,Vermont,24,2020-07-04,69,71,77
44,Vermont,25,2020-07-11,124,126,130
44,Vermont,26,2020-07-18,69,71,77
44,Vermont,27,2020-07-25,124,126,130
44,Vermont,28,2020-08-01,69,71,77
44,Vermont,29,2020-08-08,124,125,129
44,Vermont,30,2020-08-15,69,71,77
44,Vermont,31,2020-08-22,124,126,130
44,Vermont,32,2020-08-29,69,71,77
44,Vermont,33,2020-09-05,69,71,77
44,Vermont,34,2020-09-12,69,71,77
44,Vermont,35,2020-09-19,69,71,77
44,Vermont,36,2020-09-26,124,126,130
44,Vermont,37,2020-10-03,69,71,77
44,Vermont,38,2020-10-10,124,126,130
44,Vermont,39,2020-10-17,69,71,77
44,Vermont,40,2020-10-24,124,126,130
44,Vermont,41,2020-10-31,124,126,130
44,Vermont,42,2020-11-07,69,71,77
44,Vermont,43,2020-11-14,44,46,53
44,Vermont,44,2020-11-21,44,46,53
44,Vermont,45,2020-11-28,44,46,53
44,Vermont,46,2020-12-05,44,46,53
44,Vermont,47,2020-12-12,44,46,53
44,Vermont,48,2020-12-19,124,126,130
44,Vermont,49,2020-12-26,44,46,53
44,Vermont,50,2021-01-02,44,46,53
44,Vermont,51,2021-01-09,44,46,53
44,Vermont,52,2021-01-16,44,46,53
44,Vermont,53,2021-01-23,44,46,53
44,Vermont,54,2021-01-30,69,71,77
44,Vermont,55,2021-02-06,69,71,77
44,Vermont,56,2021-02-13,124,126,130
44,Vermont,57,2021-02-20,69,71,77
44,Vermont,58,2021-02-27,69,71,77
45,Virginia,0,2020-01-18,219,220,221
45,Virginia,1,2020-01-25,219,220,221
45,Virginia,2,2020-02-01,219,220,221
45,Virginia,3,2020-02-08,219,220,221
45,Virginia,4,2020-02-15,167,168,171
45,Virginia,5,2020-02-22,197,197,199
45,Virginia,6,2020-02-29,219,220,221
45,Virginia,7,2020-03-07,219,220,221
45,Virginia,8,2020-03-14,197,197,199
45,Virginia,9,2020-03-21,44,46,53
45,Virginia,10,2020-03-28,44,46,53
45,Virginia,11,2020-04-04,44,46,53
45,Virginia,12,2020-04-11,44,46,53
45,Virginia,13,2020-04-18,44,46,53
45,Virginia,14,2020-04-25,44,46,53
45,Virginia,15,2020-05-02,44,46,53
45,Virginia,16,2020-05-09,44,46,53
45,Virginia,17,2020-05-16,124,126,130
45,Virginia,18,2020-05-23,124,126,130
45,Virginia,19,2020-05-30,69,71,77
45,Virginia,20,2020-06-06,69,71,77
45,Virginia,21,2020-06-13,69,71,77
45,Virginia,22,2020-06-20,69,71,77
45,Virginia,23,2020-06-27,69,71,77
45,Virginia,24,2020-07-04,69,71,77
45,Virginia,25,2020-07-11,69,71,77
45,Virginia,26,2020-07-18,69,71,77
45,Virginia,27,2020-07-25,124,126,130
45,Virginia,28,2020-08-01,124,126,130
45,Virginia,29,2020-08-08,69,71,77
45,Virginia,30,2020-08-15,69,71,77
45,Virginia,31,2020-08-22,124,126,130
45,Virginia,32,2020-08-29,69,71,77
45,Virginia,33,2020-09-05,124,126,130
45,Virginia,34,2020-09-12,124,126,130
45,Virginia,35,2020-09-19,69,71,77
45,Virginia,36,2020-09-26,124,126,130
45,Virginia,37,2020-10-03,69,71,77
45,Virginia,38,2020-10-10,69,71,77
45,Virginia,39,2020-10-17,69,71,77
45,Virginia,40,2020-10-24,124,126,130
45,Virginia,41,2020-10-31,69,71,77
45,Virginia,42,2020-11-07,124,126,130
45,Virginia,43,2020-11-14,124,126,130
45,Virginia,44,2020-11-21,44,46,53
45,Virginia,45,2020-11-28,44,46,53
45,Virginia,46,2020-12-05,44,46,53
45,Virginia,47,2020-12-12,44,46,53
45,Virginia,48,2020-12-19,44,46,53
45,Virginia,49,2020-12-26,44,46,53
45,Virginia,50,2021-01-02,44,46,53
45,Virginia,51,2021-01-09,44,46,53
45,Virginia,52,2021-01-16,69,71,77
45,Virginia,53,2021-01-23,124,126,130
45,Virginia,54,2021-01-30,69,71,77
45,Virginia,55,2021-02-06,124,126,130
45,Virginia,56,2021-02-13,44,46,53
45,Virginia,57,2021-02-20,44,46,53
45,Virginia,58,2021-02-27,124,126,130
46,Washington,0,2020-01-18,219,220,221
46,Washington,1,2020-01-25,167,168,171
46,Washington,2,2020-02-01,219,220,221
46,Washington,3,2020-02-08,255,255,255
46,Washington,4,2020-02-15,255,255,255
46,Washington,5,2020-02-22,239,239,240
46,Washington,6,2020-02-29,255,255,255
46,Washington,7,2020-03-07,219,220,221
46,Washington,8,2020-03-14,167,168,171
46,Washington,9,2020-03-21,44,46,53
46,Washington,10,2020-03-28,44,46,53
46,Washington,11,2020-04-04,44,46,53
46,Washington,12,2020-04-11,44,46,53
46,Washington,13,2020-04-18,44,46,53
46,Washington,14,2020-04-25,44,46,53
46,Washington,15,2020-05-02,44,46,53
46,Washington,16,2020-05-09,44,46,53
46,Washington,17,2020-05-16,44,46,53
46,Washington,18,2020-05-23,124,126,130
46,Washington,19,2020-05-30,69,71,77
46,Washington,20,2020-06-06,69,71,77
46,Washington,21,2020-06-13,69,71,77
46,Washington,22,2020-06-20,69,71,77
46,Washington,23,2020-06-27,44,46,53
46,Washington,24,2020-07-04,44,46,53
46,Washington,25,2020-07-11,44,46,53
46,Washington,26,2020-07-18,44,46,53
46,Washington,27,2020-07-25,124,126,130
46,Washington,28,2020-08-01,69,71,77
46,Washington,29,2020-08-08,69,71,77
46,Washington,30,2020-08-15,69,71,77
46,Washington,31,2020-08-22,69,71,77
46,Washington,32,2020-08-29,69,71,77
46,Washington,33,2020-09-05,124,126,130
46,Washington,34,2020-09-12,124,126,130
46,Washington,35,2020-09-19,124,126,130
46,Washington,36,2020-09-26,124,126,130
46,Washington,37,2020-10-03,124,126,130
46,Washington,38,2020-10-10,69,71,77
46,Washington,39,2020-10-17,124,126,130
46,Washington,40,2020-10-24,69,71,77
46,Washington,41,2020-10-31,44,46,53
46,Washington,42,2020-11-07,44,46,53
46,Washington,43,2020-11-14,44,46,53
46,Washington,44,2020-11-21,44,46,53
46,Washington,45,2020-11-28,44,46,53
46,Washington,46,2020-12-05,44,46,53
46,Washington,47,2020-12-12,44,46,53
46,Washington,48,2020-12-19,44,46,53
46,Washington,49,2020-12-26,44,46,53
46,Washington,50,2021-01-02,44,46,53
46,Washington,51,2021-01-09,44,46,53
46,Washington,52,2021-01-16,44,46,53
46,Washington,53,2021-01-23,69,71,77
46,Washington,54,2021-01-30,69,71,77
46,Washington,55,2021-02-06,124,126,130
46,Washington,56,2021-02-13,69,71,77
46,Washington,57,2021-02-20,69,71,77
46,Washington,58,2021-02-27,124,126,130
47,West Virginia,0,2020-01-18,44,46,53
47,West Virginia,1,2020-01-25,124,126,130
47,West Virginia,2,2020-02-01,44,46,53
47,West Virginia,3,2020-02-08,44,46,53
47,West Virginia,4,2020-02-15,44,46,53
47,West Virginia,5,2020-02-22,44,46,53
47,West Virginia,6,2020-02-29,44,46,53
47,West Virginia,7,2020-03-07,69,71,77
47,West Virginia,8,2020-03-14,44,46,53
47,West Virginia,9,2020-03-21,44,46,53
47,West Virginia,10,2020-03-28,44,46,53
47,West Virginia,11,2020-04-04,44,46,53
47,West Virginia,12,2020-04-11,44,46,53
47,West Virginia,13,2020-04-18,44,46,53
47,West Virginia,14,2020-04-25,44,46,53
47,West Virginia,15,2020-05-02,124,126,130
47,West Virginia,16,2020-05-09,69,71,77
47,West Virginia,17,2020-05-16,69,71,77
47,West Virginia,18,2020-05-23,69,71,77
47,West Virginia,19,2020-05-30,69,71,77
47,West Virginia,20,2020-06-06,124,126,130
47,West Virginia,21,2020-06-13,69,71,77
47,West Virginia,22,2020-06-20,124,126,130
47,West Virginia,23,2020-06-27,69,71,77
47,West Virginia,24,2020-07-04,124,126,130
47,West Virginia,25,2020-07-11,44,46,53
47,West Virginia,26,2020-07-18,44,46,53
47,West Virginia,27,2020-07-25,69,71,77
47,West Virginia,28,2020-08-01,124,126,130
47,West Virginia,29,2020-08-08,69,71,77
47,West Virginia,30,2020-08-15,69,71,77
47,West Virginia,31,2020-08-22,124,126,130
47,West Virginia,32,2020-08-29,69,71,77
47,West Virginia,33,2020-09-05,124,126,130
47,West Virginia,34,2020-09-12,69,71,77
47,West Virginia,35,2020-09-19,124,126,130
47,West Virginia,36,2020-09-26,69,71,77
47,West Virginia,37,2020-10-03,124,126,130
47,West Virginia,38,2020-10-10,44,46,53
47,West Virginia,39,2020-10-17,44,46,53
47,West Virginia,40,2020-10-24,44,46,53
47,West Virginia,41,2020-10-31,44,46,53
47,West Virginia,42,2020-11-07,44,46,53
47,West Virginia,43,2020-11-14,44,46,53
47,West Virginia,44,2020-11-21,44,46,53
47,West Virginia,45,2020-11-28,44,46,53
47,West Virginia,46,2020-12-05,44,46,53
47,West Virginia,47,2020-12-12,44,46,53
47,West Virginia,48,2020-12-19,44,46,53
47,West Virginia,49,2020-12-26,44,46,53
47,West Virginia,50,2021-01-02,44,46,53
47,West Virginia,51,2021-01-09,44,46,53
47,West Virginia,52,2021-01-16,44,46,53
47,West Virginia,53,2021-01-23,44,46,53
47,West Virginia,54,2021-01-30,44,46,53
47,West Virginia,55,2021-02-06,44,46,53
47,West Virginia,56,2021-02-13,44,46,53
47,West Virginia,57,2021-02-20,44,46,53
47,West Virginia,58,2021-02-27,124,126,130
48,Wisconsin,0,2020-01-18,239,239,240
48,Wisconsin,1,2020-01-25,255,255,255
48,Wisconsin,2,2020-02-01,255,255,255
48,Wisconsin,3,2020-02-08,219,220,221
48,Wisconsin,4,2020-02-15,167,168,171
48,Wisconsin,5,2020-02-22,197,197,199
48,Wisconsin,6,2020-02-29,219,220,221
48,Wisconsin,7,2020-03-07,219,220,221
48,Wisconsin,8,2020-03-14,167,168,171
48,Wisconsin,9,2020-03-21,44,46,53
48,Wisconsin,10,2020-03-28,44,46,53
48,Wisconsin,11,2020-04-04,44,46,53
48,Wisconsin,12,2020-04-11,44,46,53
48,Wisconsin,13,2020-04-18,44,46,53
48,Wisconsin,14,2020-04-25,44,46,53
48,Wisconsin,15,2020-05-02,44,46,53
48,Wisconsin,16,2020-05-09,69,71,77
48,Wisconsin,17,2020-05-16,124,126,130
48,Wisconsin,18,2020-05-23,69,71,77
48,Wisconsin,19,2020-05-30,69,71,77
48,Wisconsin,20,2020-06-06,124,126,130
48,Wisconsin,21,2020-06-13,124,126,130
48,Wisconsin,22,2020-06-20,69,71,77
48,Wisconsin,23,2020-06-27,124,126,130
48,Wisconsin,24,2020-07-04,69,71,77
48,Wisconsin,25,2020-07-11,69,71,77
48,Wisconsin,26,2020-07-18,124,126,130
48,Wisconsin,27,2020-07-25,124,126,130
48,Wisconsin,28,2020-08-01,69,71,77
48,Wisconsin,29,2020-08-08,69,71,77
48,Wisconsin,30,2020-08-15,69,71,77
48,Wisconsin,31,2020-08-22,69,71,77
48,Wisconsin,32,2020-08-29,69,71,77
48,Wisconsin,33,2020-09-05,124,126,130
48,Wisconsin,34,2020-09-12,44,46,53
48,Wisconsin,35,2020-09-19,44,46,53
48,Wisconsin,36,2020-09-26,44,46,53
48,Wisconsin,37,2020-10-03,44,46,53
48,Wisconsin,38,2020-10-10,44,46,53
48,Wisconsin,39,2020-10-17,44,46,53
48,Wisconsin,40,2020-10-24,44,46,53
48,Wisconsin,41,2020-10-31,44,46,53
48,Wisconsin,42,2020-11-07,44,46,53
48,Wisconsin,43,2020-11-14,44,46,53
48,Wisconsin,44,2020-11-21,124,126,130
48,Wisconsin,45,2020-11-28,69,71,77
48,Wisconsin,46,2020-12-05,44,46,53
48,Wisconsin,47,2020-12-12,44,46,53
48,Wisconsin,48,2020-12-19,69,71,77
48,Wisconsin,49,2020-12-26,124,126,130
48,Wisconsin,50,2021-01-02,44,46,53
48,Wisconsin,51,2021-01-09,44,46,53
48,Wisconsin,52,2021-01-16,44,46,53
48,Wisconsin,53,2021-01-23,44,46,53
48,Wisconsin,54,2021-01-30,44,46,53
48,Wisconsin,55,2021-02-06,124,126,130
48,Wisconsin,56,2021-02-13,44,46,53
48,Wisconsin,57,2021-02-20,44,46,53
48,Wisconsin,58,2021-02-27,44,46,53
49,Wyoming,0,2020-01-18,44,46,53
49,Wyoming,1,2020-01-25,44,46,53
49,Wyoming,2,2020-02-01,219,220,221
49,Wyoming,3,2020-02-08,44,46,53
49,Wyoming,4,2020-02-15,44,46,53
49,Wyoming,5,2020-02-22,44,46,53
49,Wyoming,6,2020-02-29,44,46,53
49,Wyoming,7,2020-03-07,44,46,53
49,Wyoming,8,2020-03-14,44,46,53
49,Wyoming,9,2020-03-21,44,46,53
49,Wyoming,10,2020-03-28,44,46,53
49,Wyoming,11,2020-04-04,44,46,53
49,Wyoming,12,2020-04-11,44,46,53
49,Wyoming,13,2020-04-18,44,46,53
49,Wyoming,14,2020-04-25,44,46,53
49,Wyoming,15,2020-05-02,44,46,53
49,Wyoming,16,2020-05-09,69,71,77
49,Wyoming,17,2020-05-16,124,126,130
49,Wyoming,18,2020-05-23,69,71,77
49,Wyoming,19,2020-05-30,124,126,130
49,Wyoming,20,2020-06-06,124,126,130
49,Wyoming,21,2020-06-13,44,46,53
49,Wyoming,22,2020-06-20,44,46,53
49,Wyoming,23,2020-06-27,44,46,53
49,Wyoming,24,2020-07-04,44,46,53
49,Wyoming,25,2020-07-11,44,46,53
49,Wyoming,26,2020-07-18,44,46,53
49,Wyoming,27,2020-07-25,44,46,53
49,Wyoming,28,2020-08-01,69,71,77
49,Wyoming,29,2020-08-08,124,126,130
49,Wyoming,30,2020-08-15,44,46,53
49,Wyoming,31,2020-08-22,44,46,53
49,Wyoming,32,2020-08-29,69,71,77
49,Wyoming,33,2020-09-05,44,46,53
49,Wyoming,34,2020-09-12,44,46,53
49,Wyoming,35,2020-09-19,44,46,53
49,Wyoming,36,2020-09-26,44,46,53
49,Wyoming,37,2020-10-03,44,46,53
49,Wyoming,38,2020-10-10,44,46,53
49,Wyoming,39,2020-10-17,44,46,53
49,Wyoming,40,2020-10-24,44,46,53
49,Wyoming,41,2020-10-31,44,46,53
49,Wyoming,42,2020-11-07,44,46,53
49,Wyoming,43,2020-11-14,44,46,53
49,Wyoming,44,2020-11-21,69,71,77
49,Wyoming,45,2020-11-28,124,126,130
49,Wyoming,46,2020-12-05,69,71,77
49,Wyoming,47,2020-12-12,44,46,53
49,Wyoming,48,2020-12-19,44,46,53
49,Wyoming,49,2020-12-26,44,46,53
49,Wyoming,50,2021-01-02,44,46,53
49,Wyoming,51,2021-01-09,44,46,53
49,Wyoming,52,2021-01-16,44,46,53
49,Wyoming,53,2021-01-23,44,46,53
49,Wyoming,54,2021-01-30,69,71,77
49,Wyoming,55,2021-02-06,124,126,130
49,Wyoming,56,2021-02-13,44,46,53
49,Wyoming,57,2021-02-20,44,46,53
49,Wyoming,58,2021-02-27,44,46,53
