panel,kind,x,y
raw,point,-0.4965488638776627,5.502913089847521
raw,point,-0.3973703940339484,4.072719975240616
raw,point,-0.5234582591204341,6.447829071273114
raw,point,-0.3148180942610815,7.663523492687816
raw,point,-0.335809424367921,7.255451009623994
raw,point,-0.49705808802434953,7.730814313624372
raw,point,-0.3032558693302428,6.289405727954154
raw,point,-0.40231526012401,4.676415508129418
raw,point,-0.5679687663528132,8.24299304529892
raw,point,-0.43255804049213786,5.011590255184943
raw,point,-0.48943135034711016,8.815868880716552
raw,point,-0.5091107632786763,6.059938565280817
raw,point,-0.4447235823828104,8.015543668749334
raw,point,-0.29865891225747965,6.832631665754802
raw,point,-0.4862496077700618,6.726820730114007
raw,point,-0.4294903838209757,5.1755389303489805
raw,point,-0.48569619756678495,6.621630282108837
raw,point,-0.34471531253066684,5.95294085678084
raw,point,-0.5081114125152363,5.195203175023288
raw,point,-0.32688039297495786,7.597253112028209
raw,point,-0.5605914793556963,8.735898760057564
raw,point,-0.33776937868473017,5.369892254759253
raw,point,-0.4769154813310335,6.346199394370036
raw,point,-0.45544055214739854,8.738289698910172
raw,point,-0.23743058084533838,4.156748477484504
raw,point,-0.38678206086699074,7.005819293749685
raw,point,-0.4038996674571549,7.101495415411556
raw,point,-0.40540225644681094,6.653509399226365
raw,point,-0.24917053646452247,7.081266743199916
raw,point,-0.1917990503238937,6.12130496572923
raw,point,-0.5048735618595357,7.350787485399432
raw,point,-0.2560465399531543,6.080901898115749
raw,point,-0.5032928641587496,7.1234914911235805
raw,point,-0.28131014082128536,6.566112942068849
raw,point,-0.597474572965079,6.039251675215932
raw,point,-0.3378591544023375,6.275808747277769
raw,point,-0.28261070218631806,4.086253268838016
raw,point,-0.5977433666320542,5.080888295475698
raw,point,-0.45197397357818664,5.629943938432306
raw,point,-0.47208243624699475,6.043351900252366
raw,point,-0.505540559660477,4.855398206219151
raw,point,-0.4783906342108831,6.689686290773697
raw,point,-0.30810603357157756,4.74871989976591
raw,point,-0.5623017438408313,6.98500323281591
raw,point,-0.5776869512477578,6.959195638623989
raw,point,-0.1506267308405324,6.285179320137946
raw,point,-0.4477000279090934,4.6281604194639705
raw,point,-0.72,7.67989726073008
raw,point,-0.455365513453335,6.937001522152217
raw,point,-0.5190633169371079,7.561423540426134
raw,point,-0.15446941229489536,4.005663547322671
raw,point,-0.25498959292037937,5.636381030260523
raw,point,-0.38112034588825716,5.757201494488646
raw,point,-0.5758598442378288,8.48763568402692
raw,point,-0.44210298890120053,5.413436101512447
raw,point,-0.5061675053796978,5.641847985021421
raw,point,-0.523410635685371,7.113884903761852
raw,point,-0.4593899670148344,7.234120655577035
raw,point,-0.370528278445653,5.6693509994364355
raw,point,-0.396126441104542,7.696759074093522
raw,point,-0.4297007748779523,6.082400416238944
raw,point,-0.3576059699285627,5.014549002539019
raw,point,-0.40805624824645265,6.35666250383723
raw,point,-0.3703086003380987,6.976596257765509
raw,point,-0.38040965895352435,5.302494812458081
raw,point,-0.2679449385096978,6.551492449812664
raw,point,-0.558024912421309,5.948812441686911
raw,point,-0.21729496865474465,7.1433341461406545
raw,point,-0.36071767389982123,5.91283907535024
raw,point,-0.4323082071140418,6.718181768353231
raw,point,-0.34793992004790275,6.51273208719581
raw,point,-0.4548759823981726,4.995633313376686
raw,point,-0.5355845440082879,5.015047375971014
raw,point,-0.19602360597692883,4.705835031302998
raw,point,-0.3329285274559499,6.543927657022091
raw,point,-0.4302588331806054,7.382316743919617
raw,point,-0.4401487923774583,7.1896383857128985
raw,point,-0.3639185259589311,6.780734387979412
raw,point,-0.5480331603086331,6.269446762577989
raw,point,-0.4225099216076387,5.267769730942134
raw,point,-0.4259730734809968,5.372702915449458
raw,point,-0.5343951010481284,5.0398205226508805
raw,point,-0.3089831873545113,6.602354972886084
raw,point,-0.3742835045461216,6.198208873679078
raw,point,-0.635259851434525,7.72179564873471
raw,point,-0.1283644194984851,5.824704493973444
raw,point,-0.39334979157462413,5.8797179812751645
raw,point,-0.5208336715780367,6.115910720451802
raw,point,-0.467517130051875,4.707585511972122
raw,point,-0.3461506928608591,6.900545318153145
raw,point,-0.3587804691734633,4.6100812643400015
raw,point,-0.3545090928303869,7.161742946938264
raw,point,-0.5238180898930107,6.452484715515326
raw,point,-0.3151188440464004,7.163127474837987
raw,point,-0.44593299780796325,4.020836564245745
raw,point,-0.5204477799876169,7.113164915912994
raw,point,-0.368411137133127,6.608937383276619
raw,point,-0.5239832644568766,5.439019054825635
raw,point,-0.5392087038471529,6.120215135968618
raw,point,-0.290280429409572,7.2393104915023905
raw,point,-0.36359444910483596,5.412202825765336
raw,point,-0.18046480235843648,6.215829871022688
raw,point,-0.45558123862819866,5.497976185598974
raw,point,-0.4909232489435263,5.316256656650243
raw,point,-0.6331668262900182,6.443990210609758
raw,point,-0.5388171170426173,5.250376730503908
raw,point,-0.5018094775800493,8.25041485360344
raw,point,-0.4355008803842496,5.119935856297247
raw,point,-0.46007264472874143,4.977458110878633
raw,point,-0.39053479033993105,5.702987110737741
raw,point,-0.16297305317825916,6.2044127827971085
raw,point,-0.4118132248758904,7.297081365534339
raw,point,-0.2920458293149286,4.8795523466014945
raw,point,-0.44534293382089407,7.2140414595885005
raw,point,-0.4899872578977567,6.685027089260885
raw,point,-0.4657844067540585,7.099577412986622
raw,point,-0.4689290918924357,7.637285158113737
raw,point,-0.55026363152067,7.589611997181119
raw,point,-0.4830363256419985,6.684378017858503
raw,point,-0.5689722254345552,6.137433035752152
raw,point,-0.25159009344760996,5.747283517380893
raw,point,-0.5042811227209019,6.302045762949979
raw,point,-0.37125448853781096,7.872842734605524
raw,point,-0.4177377486937268,6.92643081598929
raw,point,-0.3558075488686677,6.172368106474933
raw,point,-0.4654565169698074,4.334746450112551
raw,point,-0.2875184319354866,6.733707438644848
raw,point,-0.5310190735943622,6.24937348390485
raw,point,-0.29282311562274677,6.678005673022865
raw,point,-0.34118843565753876,6.321178755828284
raw,point,-0.5871806412172337,5.00291413435077
raw,point,-0.3554781005216245,3.756490078477646
raw,point,-0.26025420023027357,6.025235026815913
raw,point,-0.4404811697581075,7.522361255831349
raw,point,-0.4624626253773219,6.469105415132292
raw,point,-0.24588147752594963,6.256171424674481
raw,point,-0.4859884156333578,5.242406944122324
raw,point,-0.26498449771509613,7.327889353522687
raw,point,-0.46643777811233983,7.871121557005305
raw,point,-0.5229465534083296,6.4024652299923615
raw,point,-0.5046833639926394,5.349881571350506
raw,point,-0.38830645284285975,4.552554695012297
raw,point,-0.5508488779293903,6.413556431603688
raw,point,-0.2897431229282561,6.824185798163461
raw,point,-0.32021548024128027,5.096202423866554
raw,point,-0.42738239949736256,6.570676070308804
raw,point,-0.35507134222253184,5.962489030223392
raw,point,-0.26567727546099085,6.159617115827757
raw,point,-0.3370866302188382,7.0061009236915535
raw,point,-0.6751196375405106,4.400190129388118
raw,point,-0.4072334952074291,6.787398085133137
raw,point,-0.4392339415626234,5.778585965734323
raw,point,-0.30196306360610253,4.769055896418029
raw,point,-0.3998715279663258,5.542434968145901
raw,point,-0.600285197459417,5.913262857191567
raw,point,-0.4480031796867848,5.571264518177952
raw,point,-0.4347432555144289,6.149612819986004
raw,point,-0.26560175454371104,8.02393430353086
raw,point,-0.28546202706277757,7.191945799255516
raw,point,-0.49610268099564747,5.6298130143726395
raw,point,-0.4514707652556734,5.000739888360904
raw,point,-0.34820932611533056,6.461831278667716
raw,point,-0.4204038224622015,5.42497600366656
raw,point,-0.3674252459035159,5.407108817529496
raw,point,-0.3637573532124417,6.095659861135126
raw,point,-0.5014437146101027,6.831588267908623
raw,point,-0.2516564530766737,5.900295453929914
raw,point,-0.15527709896241393,5.5247676220740605
raw,point,-0.22829810074408927,6.29259965118741
raw,point,-0.47879746448211197,5.9787802818800815
raw,point,-0.5351155284313253,6.272932225599049
raw,point,-0.41716557663102477,5.92699738504669
raw,point,-0.388991184892383,8.167766372642687
raw,point,-0.29212746894486824,6.573455530397371
raw,point,-0.4677708483505036,6.302641120471163
raw,point,-0.28309696626545916,6.578360455393146
raw,point,-0.4965821149502552,6.444226599654967
raw,point,-0.6105248161012794,3.9537792743973315
raw,point,-0.5391332206274245,7.40051006409346
raw,point,-0.14680356431000074,6.798011434970631
raw,point,-0.46213804792516844,4.411406736975415
raw,point,-0.5495447743922451,5.914553548723175
raw,point,-0.47215931370472475,3.7071987880426236
raw,point,-0.48211932303037586,3.8573940320072477
raw,point,-0.45849066819630696,5.86622793201928
raw,point,-0.5115561424443579,6.100281723452854
raw,point,-0.5761555242133056,6.103654088425946
raw,point,-0.3983349489248515,7.040220777590832
raw,point,-0.3184851534346749,6.2484842332390045
raw,point,-0.17920667782482477,7.4540228561600905
raw,point,-0.5377300547050319,6.516846558678985
raw,point,-0.34545048473506595,4.793658840217138
raw,point,-0.5505960648765863,6.414172490579026
raw,point,-0.4299050644752569,5.791433703208183
raw,point,-0.23152610057638062,6.599613587614666
raw,point,-0.4589860413496703,6.232178963684705
raw,point,-0.4566077696700453,7.094320331956858
raw,point,-0.4561414328407725,5.828161773134123
raw,point,-0.36890316675646906,6.84799068261179
raw,point,-0.5773746630028588,6.433220386762696
raw,point,-0.3564607817201712,8.553515692864986
raw,point,-0.2592475773621979,6.622961891432908
raw,point,-0.31227495058432764,6.699826344000934
raw,point,-0.3625382859555975,6.9733674662016085
raw,point,-0.3129862267843384,6.074875406395548
raw,point,-0.4133333606685641,5.942241794713856
raw,point,-0.5445709228916347,6.149438227536103
raw,point,-0.5666448047052745,5.058325908109516
raw,point,-0.23061451000291713,5.428030437841494
raw,point,-0.32475259261061323,6.019463799949336
raw,point,-0.5337109871400745,8.119118840626923
raw,point,-0.4048570889923288,7.304490540271201
raw,point,-0.2096645442726654,6.664279141839539
raw,point,-0.4702310091482845,6.975210828283074
raw,point,-0.5853166568434884,5.542019311616551
raw,point,-0.38549904570320714,4.553381953980484
raw,point,-0.47902633223448376,8.052350756659024
raw,point,-0.38569451311204433,7.319952710117121
raw,point,-0.5948968356299469,6.018552362288902
raw,point,-0.2261968920385186,6.991503235361506
raw,point,-0.4735156994105241,7.201172556426756
raw,point,-0.36634937117589816,4.6841735234568125
raw,point,-0.6006913778896386,5.367342329787956
raw,point,-0.25913728801896607,4.995192911570742
raw,point,-0.6293316079495395,7.4563804031476355
raw,point,-0.3766878692593953,6.82583514279568
raw,point,-0.2591836730731971,6.784298470766205
raw,point,-0.5543154933528186,4.824643672442037
raw,point,-0.4851839079613248,6.2299257445453575
raw,point,-0.6535544355405845,6.2687947314778345
raw,point,-0.42156792426155104,6.460827953016774
raw,point,-0.5727449191346968,6.138432783481288
raw,point,-0.3854130097085226,6.0172795635426555
raw,point,-0.24734076180462167,6.277412565075471
raw,point,-0.1774835592268055,5.349482705778551
raw,point,-0.5734413575324468,7.054922190411852
raw,point,-0.25190584688871537,6.897006027610823
raw,point,-0.3301802471852991,6.324222343071261
raw,point,-0.3523108244581272,6.270912453868239
raw,point,-0.2733482993972094,6.310344871625911
raw,point,-0.3585407590848314,8.26886594993307
raw,point,-0.4515247672229199,5.1986781899448316
raw,point,-0.3906541631201541,6.767508571793374
raw,point,-0.33782084603725127,7.41157387518162
raw,point,-0.12380174741823635,6.162783492046236
raw,point,-0.4087082278354064,7.050137082537089
raw,point,-0.6374064942704963,5.292007632945312
raw,point,-0.4188741650228023,7.106475328417096
raw,point,-0.43755051350427915,7.610907293180772
raw,point,-0.45080182052050194,7.557802958378916
raw,point,-0.6767398637487633,5.342578312379676
raw,point,-0.5743252112188528,6.037777827649849
raw,point,-0.4835736309256894,5.420752639917137
raw,point,-0.47115608998322783,7.551198477669853
raw,point,-0.5010463387718221,6.642300294036052
raw,point,-0.4342961082088969,4.589724927469371
raw,point,-0.5707184989360296,7.525017335167292
raw,point,-0.34614162840315477,6.042890369906665
raw,point,-0.5993333699913287,6.388155364303853
raw,point,-0.4272045506737501,8.108667775028875
raw,point,-0.5159894433136206,5.819434523549505
raw,point,-0.4196147438796087,5.202089529224054
raw,point,-0.5049763247883929,4.679889982370379
raw,point,-0.382847933768054,7.763863143573232
raw,point,-0.28863062246383564,6.419671484078698
raw,point,-0.3467534361858252,7.931907281084415
raw,point,-0.41977719958190746,6.125943684508229
raw,point,-0.3353251639992867,3.90617804303427
raw,point,-0.40964974759203276,6.552850010914544
raw,point,-0.3643387862398235,7.38225165993467
raw,point,-0.46153780244432563,5.908382709346893
raw,point,-0.26000226071070653,7.848625976222386
raw,point,-0.29262388947284634,7.176303115700286
raw,point,-0.4428097525735353,5.58093159985664
raw,point,-0.19724356268809057,6.2424742560678155
raw,point,-0.4696726149355805,4.899603126125216
raw,point,-0.27443112317755197,5.792253953705709
raw,point,-0.49226773689144465,6.639358339492849
raw,point,-0.4369668849363726,8.582643741178119
raw,point,-0.45553607230205234,7.366273640503696
raw,point,-0.6225990289288947,6.814292531673607
raw,point,-0.16789116710334578,5.741068194665431
raw,point,-0.5009815318139124,5.530726184892318
raw,point,-0.586123993397673,5.432039652277532
raw,point,-0.38298970298662394,7.534590752603816
raw,point,-0.5632878942626152,6.887527795087975
raw,point,-0.37893314595624183,7.029602247063581
raw,point,-0.3206002731622935,7.092715074547679
raw,point,-0.3705036801037953,8.060775386727052
raw,point,-0.6695256274541905,4.373325521066084
raw,point,-0.5677232629551656,8.569932341322765
raw,point,-0.36221868249824046,6.967121653920242
raw,point,-0.21732645949741738,5.6941570439392555
raw,point,-0.47923929940652876,5.533342137594769
raw,point,-0.5318154104604316,6.623944839046029
raw,point,-0.4602815781495973,5.577330625189436
raw,point,-0.37064854180978857,7.640412897230285
raw,point,-0.6153881450759457,6.249057512247462
raw,point,-0.37867445883794976,7.510471065807369
raw,point,-0.36474630300191513,4.489559511886826
raw,point,-0.40838968006534876,5.425312011563119
raw,point,-0.42667734451970263,7.185944842499756
raw,point,-0.44912764081126305,5.717757223139672
raw,point,-0.5143441092506732,6.3525963089208135
raw,point,-0.25486865247992496,6.292180273158715
raw,point,-0.34899654364627547,6.434645557064239
raw,point,-0.72,9.129452368796745
raw,point,-0.4327163372095142,5.908251566631361
raw,point,-0.4963735963798498,5.217059030161999
raw,point,-0.20122514420931534,7.498547278567248
raw,point,-0.4953471595910992,5.7591035627302105
raw,point,-0.5847383122683099,5.311750943979021
raw,point,-0.5872124189372506,5.412060706233725
raw,point,-0.35419357218167713,8.140101486315448
raw,point,-0.5126472250999433,6.256109607704446
raw,point,-0.5954132820144644,6.326182846779313
raw,point,-0.29932071876507726,7.607565725002475
raw,point,-0.3862860318390023,6.23163039257608
raw,point,-0.29222716905111573,4.87634457806571
raw,point,-0.32556585786342196,5.945749020605565
raw,point,-0.5865059736182221,5.3320062123798575
raw,point,-0.3403560612393177,5.028997580827138
raw,point,-0.5938085823454584,7.985173692373339
raw,point,-0.5396465808684929,6.68318358631074
raw,point,-0.5746845813163898,5.894189415261716
raw,point,-0.4597516239361876,6.0654157528558
raw,point,-0.38967766604742365,7.04257849725137
raw,point,-0.19342844088514918,7.225453645920941
raw,point,-0.6617493358007619,6.300847890582192
raw,point,-0.3175866738553468,7.249537153125638
raw,point,-0.38209285031973916,5.852050254692299
raw,point,-0.37433081614258806,3.8551297024457023
raw,point,-0.34311591028160626,5.859882714970359
raw,point,-0.4541051796584871,6.453457880670168
raw,point,-0.32479149688391634,5.611559291488737
raw,point,-0.5173899382507897,5.37586996421746
raw,point,-0.5014910406866733,6.145512278817532
raw,point,-0.6144352051272735,8.845662462751402
raw,point,-0.14781748393284827,5.27150995829837
raw,point,-0.5125427543961812,5.24215344960384
raw,point,-0.4489935595689954,6.192221592935486
raw,point,-0.21507926530688842,5.733979686446812
raw,point,-0.47225884402995294,6.936324361754114
raw,point,-0.48023517302560453,6.920927190105325
raw,point,-0.5145198463417616,4.470857791316903
raw,point,-0.3936792973340405,4.475801277927254
raw,point,-0.4683255310120782,6.08000273854886
raw,point,-0.6243044654095027,5.84919824803576
raw,point,-0.40284195292267355,7.3760453872408345
raw,point,-0.38286926837564556,6.06071913281144
raw,point,-0.44230701395068217,7.539046423536497
raw,point,-0.28425831717903144,6.665633200602461
raw,point,-0.5212288236185576,4.820055156319285
raw,point,-0.40646702767878545,4.975261345388755
raw,point,-0.3659685439891494,5.645253749354684
raw,point,-0.4276778348140178,5.801312857432089
raw,point,-0.3251705661948169,4.513648678333032
raw,point,-0.6074257724454125,7.781654040843098
raw,point,-0.5625876743472744,6.470288195945424
raw,point,-0.3622269441885955,7.337608671036147
raw,point,-0.3054748794717103,6.345645299136354
raw,point,-0.3839141056007444,8.135325863225248
raw,point,-0.2544634820629331,5.9463224340038305
raw,point,-0.3443318029851642,4.306700719055811
raw,point,-0.48667102590388794,6.251502675533758
raw,point,-0.2997560509583811,6.6384315824795435
raw,point,-0.34928898417198384,6.846218276547436
raw,point,-0.5379985061669099,5.862707389571891
raw,point,-0.5062950258118386,5.160599443912835
raw,point,-0.5020513167999692,7.706439266734144
raw,point,-0.27014794106756534,5.969977087467514
raw,point,-0.40936875372530024,5.407416040908604
raw,point,-0.5731334611289468,7.130425374957714
raw,point,-0.31276658365029397,7.94883488666996
raw,point,-0.6517877222799724,5.1856562259823775
raw,point,-0.3458986241095284,4.315706139415717
raw,point,-0.57605333052127,6.349901758214903
raw,point,-0.3756440939518206,4.947016038430847
raw,point,-0.6082478372567821,5.691011451329694
raw,point,-0.45362611749687387,4.94822973354298
raw,point,-0.4787824150955093,6.013843268745278
raw,point,-0.5783769267142429,7.427077506975298
raw,point,-0.3098325019233063,6.326198649832524
raw,point,-0.3400326502486463,5.414030005553911
raw,point,-0.5400773890385058,4.416076174215176
raw,point,-0.16091783127053289,5.315520591368613
raw,point,-0.6058241316260479,9.137438303750248
raw,point,-0.5611809752510635,7.949099139256042
raw,point,-0.24419468273350162,6.704690545735849
raw,point,-0.38350301437366524,3.093328281384002
raw,point,-0.2392758825943694,6.7906699021272985
raw,point,-0.579744831117734,6.903521550777168
raw,point,-0.3199076086894805,5.6003806529823565
raw,point,-0.5051656477449211,6.635923747190056
raw,point,-0.1649684680393928,6.760893254427554
raw,point,-0.46424539548623206,5.265324831841858
raw,point,-0.3477379928942742,6.568008052384972
raw,point,-0.4564833232486116,5.929536174163923
raw,point,-0.4978125453219179,6.951365945197982
raw,point,-0.4942107966605491,6.354455473927963
raw,point,-0.33162582739669755,6.274879774996071
raw,point,-0.6857743242302399,5.529478071433561
raw,point,-0.45073221663111857,7.457361495867594
raw,point,-0.3241846249685376,4.342216861908215
raw,point,-0.5485453795889385,7.164529614604899
raw,point,-0.3377281097206326,9.051716472533371
raw,point,-0.48104135896660716,4.030849543873419
raw,point,-0.3736466358794034,6.315434697722889
raw,point,-0.5736229828574437,6.35335726952466
raw,point,-0.2961153818906308,6.157654691591067
raw,point,-0.4315715567355443,6.985785741460633
raw,point,-0.5113081779708522,4.6952304626859025
raw,point,-0.5230748299432388,6.339852170667117
raw,point,-0.19410349965407234,6.140272504778528
raw,point,-0.4529616460946004,7.757221632661706
raw,point,-0.5145837245729664,8.017553799929264
raw,point,-0.2765379221118678,3.5899998657938497
raw,point,-0.2555175586271291,5.227812391956366
raw,point,-0.3454483966537336,8.671343898304077
raw,point,-0.23040641596123135,5.737845418365528
raw,point,-0.3826894019527627,5.86189729846533
raw,point,-0.65756292744687,3.7872222482853415
raw,point,-0.35333435705816424,5.422803168073156
raw,point,-0.20584714813327343,5.6298737539442065
raw,point,-0.2383372259287874,6.141238279651977
raw,point,-0.6263198280735265,5.812470599388726
raw,point,-0.3430396871830719,6.335982786556102
raw,point,-0.4802223527965163,4.503753909132111
raw,point,-0.31836717265228537,5.61472587900056
raw,point,-0.4896593593597703,5.334725812100469
raw,point,-0.34684329703571826,5.225220014453928
raw,point,-0.26896617010838364,7.223149306246547
raw,point,-0.4367275890732386,7.242527410292681
raw,point,-0.4265481880004596,7.2534136447397035
raw,point,-0.5795785724039999,5.239039414196608
raw,point,-0.31753979531507687,6.645732462421724
raw,point,-0.37361532538147874,5.013822989959219
raw,point,-0.4675249760969683,6.526576557882014
raw,point,-0.4086199123261356,8.73188709307461
raw,point,-0.591423625992602,7.652879778932203
raw,point,-0.3515630523803084,5.339564240475717
raw,point,-0.554725400478483,6.7002629586586
raw,point,-0.3953229364408308,5.77717872693861
raw,point,-0.23277953335974277,5.929766054149224
raw,point,-0.4614009906945174,6.976072676684629
raw,point,-0.35077832864344444,3.794800745348704
raw,point,-0.3657382440292407,5.932971160871391
raw,point,-0.5577985122019703,2.449918634651053
raw,point,-0.3865768437562307,5.859497932652879
raw,point,-0.1726455010161596,5.772339249214624
raw,point,-0.6808876851763104,5.6562597975078095
raw,point,-0.4717161705477336,7.462182087496617
raw,point,-0.24551967753952478,5.79206662949666
raw,point,-0.604079667897032,9.245302311180437
raw,point,-0.3765321926713895,5.182253292747674
raw,point,-0.5207339799642153,5.9415952746926495
raw,point,-0.3948569632267312,7.267857661830539
raw,point,-0.4041533993607028,8.308583675135761
raw,point,-0.41094203580693767,7.312457140371272
raw,point,-0.5713611962428932,6.418630483039051
raw,point,-0.46572829005372757,6.300634018705525
raw,point,-0.383164487693047,5.369871310097838
raw,point,-0.43566035807044307,5.585757113902008
raw,point,-0.28949174964910457,6.723791890199367
raw,point,-0.39527710398945753,4.130961801105603
raw,point,-0.4876996391303081,5.981732549436421
raw,point,-0.46674415380498224,7.700023212549266
raw,point,-0.5720089078490138,4.081767880018303
raw,point,-0.3453882426914742,4.455518224098526
raw,point,-0.6107561130087721,4.706648860797126
raw,point,-0.3532643111291425,7.41144247334702
raw,point,-0.612693809021361,5.248596428029264
raw,point,-0.39599415120451864,5.139310290763077
raw,point,-0.35871361941751856,6.780571857810755
raw,point,-0.3639367209638263,5.668596849305747
raw,point,-0.5232684614098019,4.735880822626418
raw,point,-0.3603243303624263,3.9978466455155206
raw,point,-0.4867563551164675,5.781555546680012
raw,point,-0.28920717812245217,5.828985298740829
raw,point,-0.4748923124926009,5.3214093704408905
raw,point,-0.5838732927161459,4.5118120940294
raw,point,-0.4223969424640775,6.577812631070615
raw,point,-0.3254383421790694,6.659670426562689
raw,point,-0.13277227712646317,6.893864692209868
raw,point,-0.3937141985083381,6.871219659526324
raw,point,-0.34984494772065927,6.202490084959072
raw,point,-0.3833030633011314,6.303799703491478
raw,point,-0.36757836610058503,6.058476109703215
raw,point,-0.3291631730460927,5.636922659313434
raw,point,-0.2773268105487311,6.686765216107629
raw,point,-0.5906951683363377,6.502826225988953
raw,point,-0.5152629581488679,6.028231308024865
raw,point,-0.4444021366338157,5.931787800528092
raw,point,-0.4445935131933162,7.161165534132431
raw,point,-0.47820956509391294,6.094180301692552
raw,point,-0.3123739400857931,5.8281073886101415
raw,point,-0.38310853677816775,6.230444321653623
raw,point,-0.5985938764828442,5.7106225962832
raw,point,-0.5687824672061685,6.20140363521326
raw,point,-0.37119276648108207,7.246701904404264
raw,point,-0.5033035320681203,5.3591732380528425
raw,point,-0.33855735356483807,6.579805695509631
raw,point,-0.4294992177319481,6.4774454756069115
raw,point,-0.482746067198742,5.711029123077728
raw,point,-0.4090005850061941,7.039308128473515
raw,point,-0.580083286575772,5.559831017922438
raw,point,-0.26874330072998187,5.968580642806701
raw,point,-0.4285961406336972,5.017645832066144
raw,point,-0.3381121631823479,5.568704132764617
raw,point,-0.5924272148077047,8.034350867767388
raw,point,-0.2969045230046172,6.0462032060304916
raw,point,-0.3475399238152818,4.690179310786317
raw,point,-0.21281456643887214,5.890444432969137
raw,point,-0.3618550042205318,5.200220530486558
raw,point,-0.40951485271948035,6.277393304618978
raw,point,-0.33256878855578315,6.010548046935879
raw,point,-0.5092331898369422,5.276605000581593
raw,point,-0.5053424611036849,6.825059040130705
raw,point,-0.4235482118332719,7.033771502591722
raw,point,-0.3791432163269214,6.015306186247795
raw,point,-0.46220267713037,5.406078478952299
raw,point,-0.469714955481068,6.5764683753752395
raw,point,-0.3473684158003421,3.7041916621519597
raw,point,-0.4686602424635361,7.82612720783693
raw,point,-0.6206024386828182,6.056077375390357
raw,point,-0.428750293771421,8.532533753667455
raw,point,-0.46549601785850336,6.207986308727956
raw,point,-0.5869989919469838,6.857153291878574
raw,point,-0.5861550812420132,6.19115734085293
raw,point,-0.2268458011257538,6.400007762136739
raw,point,-0.72,4.3719567721570884
raw,point,-0.41368699422368693,9.138332310116883
raw,point,-0.34424215531727764,6.1106784289129745
raw,point,-0.307741290142392,5.267717224021592
raw,point,-0.6085375217042417,6.326296185304889
raw,point,-0.4593645871254399,4.4717963001453676
raw,point,-0.34783020300932166,7.37723602588846
raw,point,-0.3129780779071908,6.413768545911415
raw,point,-0.3768443918052453,7.177047670189026
raw,point,-0.4823060457852592,6.460702973198103
raw,point,-0.3849709876575301,5.990200225188566
raw,point,-0.560398410792386,5.216344386385132
raw,point,-0.3214669741295203,6.730529771023319
raw,point,-0.5176701217468346,3.545437003034726
raw,point,-0.3669501670152149,5.794855693283601
raw,point,-0.4187144484579524,6.815276649124087
raw,point,-0.44655236742088306,5.862729784238387
raw,point,-0.5528111204017894,7.31271369615744
raw,point,-0.44698957546608403,7.054983341841376
raw,point,-0.23029715583857036,4.962810079995462
raw,point,-0.4556094360764519,6.144902066327646
raw,point,-0.6022451169231716,4.116097489515588
raw,point,-0.39230015781847033,5.790195231093149
raw,point,-0.4380163964230814,8.425836583348692
raw,point,-0.26451128792025147,4.41296310739793
raw,point,-0.4044708021845569,4.430187328837427
raw,point,-0.3337130884164066,6.981189907362567
raw,point,-0.6798091617342965,5.152628945654665
raw,point,-0.33947320391347385,4.348247471881038
raw,point,-0.5868076667758829,6.61741552379795
raw,point,-0.34429993863065805,4.762602617223348
raw,point,-0.3743872663284476,6.6509747064155995
raw,point,-0.4004766054949751,4.2374876324609
raw,point,-0.6496490487411417,7.460459667952401
raw,point,-0.31641575730318844,7.312986427993627
raw,point,-0.3310602699373385,7.011984587068284
raw,point,-0.34737043980591087,6.76840537770936
raw,point,-0.4869247914048611,4.736717266793962
raw,point,-0.37027163590342527,7.399635339971004
raw,point,-0.25096571817080665,5.574115301872159
raw,point,-0.24719012499724155,7.50541654918397
raw,point,-0.45855024887790374,7.411651098524686
raw,point,-0.4462407059949969,7.070681511495217
raw,point,-0.3527011457007129,6.784067956213005
raw,point,-0.30369188023618365,4.741651002706045
raw,point,-0.4259952137675644,5.050396567672887
raw,point,-0.5118824898375919,6.504851748018836
raw,point,-0.5011572510678667,7.7612626868853924
raw,point,-0.6091592305973417,5.5935161113064495
raw,point,-0.44318790627604226,7.397084408738866
raw,point,-0.6535727733288704,7.741366952360215
raw,point,-0.38704710460596936,4.932504973112012
raw,point,-0.5198928561503677,7.689733095383534
raw,point,-0.2934043332031432,6.715664869236234
raw,point,-0.5402377087744454,6.222075289770001
raw,point,-0.5244487704990923,5.267416073323846
raw,point,-0.6018004424779425,5.603772183315867
raw,point,-0.34685061742757245,6.497791014400688
raw,point,-0.3514327980009989,4.938928804512443
raw,point,-0.21230358966279056,6.093184380655678
raw,point,-0.25258658830666486,5.7747110114853974
raw,point,-0.5220577030088659,5.329849018513306
raw,point,-0.09503939859318455,4.711188611701415
raw,point,-0.40131577803860274,5.949285063710022
raw,point,-0.22076151683244,5.601808420228423
raw,point,-0.3347793386886159,6.167995970116003
raw,point,-0.3484434698462463,6.1287513299645795
raw,point,-0.45063288233694104,5.0886673865146905
raw,point,-0.3939426211880529,5.550774621112249
raw,point,-0.23946166863757845,7.068919608500094
raw,point,-0.374206453901314,5.734993423026712
raw,point,-0.5119256116176709,6.315583499363536
raw,point,-0.42058617459841857,6.094330931217371
raw,point,-0.5943312784116395,7.434213888125051
raw,point,-0.6013454091764561,8.130026303286128
raw,point,-0.5737943259497801,6.137984027463317
raw,point,-0.6076086558239862,5.51530493053498
raw,point,-0.4514731760237218,6.5576489057320755
raw,point,-0.6028037750502626,5.228758379009146
raw,point,-0.3582461555388038,6.128565532231588
raw,point,-0.5498054720362142,6.130750970294012
raw,point,-0.23840514285792042,6.959932281369228
raw,point,-0.47332742286239776,7.680345688557124
raw,point,-0.3525625266209769,7.98951020599578
raw,point,-0.23535949050448465,6.385024167168605
raw,point,-0.27923260016977425,5.231354827592952
raw,point,-0.30085251119006995,5.761339046444779
raw,point,-0.3717519064029729,5.331469731858522
raw,point,-0.4333373136912672,8.686320245666552
raw,point,-0.4776343350905948,6.523897474524919
raw,point,-0.3206889208827103,8.115397002850766
raw,point,-0.3716861326240937,3.909674904081329
raw,point,-0.72,5.203137538446832
raw,point,-0.4196790851647937,4.61324800420676
raw,point,-0.5872179113137919,7.758753779290157
raw,point,-0.30963867518617466,5.455365133326815
raw,point,-0.1966872542388226,4.871452486909404
raw,point,-0.623407848995374,8.076697116513975
raw,point,-0.46053333774603333,6.002726834445405
raw,point,-0.32932233667380084,7.599917696660286
raw,point,-0.377114315037227,4.447992052656145
raw,point,-0.3987390436714531,7.517616863585834
raw,point,-0.3406644631751029,8.236826080319595
raw,point,-0.3301706947042077,7.187642047126407
raw,point,-0.3219766178304422,5.356439326681755
raw,point,-0.4446698972140036,5.973779274680637
raw,point,-0.5416469778234644,5.976219527928942
raw,point,-0.39656851435983775,6.57946531333569
raw,point,-0.41731868642647596,5.9797221478192375
raw,point,-0.542295384738503,5.217545836172323
raw,point,-0.5155139345710886,6.536040254706132
raw,point,-0.5495381867653182,5.122756010070793
raw,point,-0.4137665329275288,3.8559699318680005
raw,point,-0.4223194616138784,5.738928820483745
raw,point,-0.3796222726487951,6.236195153018674
raw,point,-0.43831291119055193,6.575501310901632
raw,point,-0.4435725027815862,5.593347373698777
raw,point,-0.5586910094796907,7.143450806154119
raw,point,-0.37892031168880164,7.220518639045358
raw,point,-0.592803457956037,7.188015027080059
raw,point,-0.5196350737841261,4.9491621311943454
raw,point,-0.38870241859330695,4.938380877134415
raw,point,-0.31271071170818304,5.740782806088016
raw,point,-0.4374492240405138,4.563865901360371
raw,point,-0.5505173833882141,3.4609283364464845
raw,point,-0.4987491487386575,5.985283352522218
raw,point,-0.4358457045817282,6.081532915485574
raw,point,-0.4991057219957127,6.98565535355411
raw,point,-0.3248959861862476,6.0466279875251026
raw,point,-0.4136889952025858,6.044571819024078
raw,point,-0.5758512662376092,5.444420197322981
raw,point,-0.24645506324564498,6.595622642617458
raw,point,-0.4248782234010282,6.584667593378099
raw,point,-0.31470872045634135,6.473307963424109
raw,point,-0.5159124166099222,7.717011767599069
raw,point,-0.4797958472036103,8.398541308672772
raw,point,-0.386029063780465,4.667671061564827
raw,point,-0.3929273761936715,6.314051827773352
raw,point,-0.2749724317445768,7.107856999690963
raw,point,-0.6617033117601173,5.6608919301766365
raw,point,-0.5982368167612367,4.915027269557524
raw,point,-0.4406223559152244,7.7283778304004525
raw,point,-0.3097499780209577,7.269720868860956
raw,point,-0.5595737553230135,7.666637367648873
raw,point,-0.33594188952249526,5.647382701679618
raw,point,-0.33279678247410227,6.1193735575512145
raw,point,-0.5015389884077959,7.2158456021482165
raw,point,-0.5212439213673016,5.175693440280802
raw,point,-0.5203224875884715,6.160183988473897
raw,point,-0.3552992751665955,4.675257994019472
raw,point,-0.5214743190088346,4.783798885702181
raw,point,-0.41722866368837463,7.011847740456756
raw,point,-0.3135277546546615,7.3529948910723855
raw,point,-0.5015665369476049,5.705233975055365
raw,point,-0.36532997732029143,7.635321570887546
raw,point,-0.22151992154817968,5.461546501313436
raw,point,-0.3586930075940503,6.6772548582438285
raw,point,-0.437974177771472,4.836174616289763
raw,point,-0.3884980633880868,5.385037892121732
raw,point,-0.31308985008343293,5.786692006731086
raw,point,-0.5483834922983619,6.118016594538553
raw,point,-0.40795562727331675,6.912970372866526
raw,point,-0.2976475741620932,6.564352099995593
raw,point,-0.34909280965575973,4.866625024775214
raw,point,-0.38344618467695946,5.624822996753246
raw,point,-0.44132219424132646,5.887611022767672
raw,point,-0.24491819793743402,5.287765420189725
raw,point,-0.3963849933103688,5.669649362218743
raw,point,-0.37263902763777923,4.4211695305380765
raw,point,-0.3311140811411031,8.711332571585178
raw,point,-0.3596856017445119,6.02631625389756
raw,point,-0.45919253346958855,5.754956343802202
raw,point,-0.5068858237417728,7.420294943082422
raw,point,-0.3533372312419568,6.617889935333776
raw,point,-0.5958198987747447,6.157362238061256
raw,point,-0.34835268170783124,4.728205393249522
raw,point,-0.38681553940214486,3.756078051824549
raw,point,-0.2336130203310771,7.40948511012902
raw,point,-0.4072958729731433,5.715312113791242
raw,point,-0.342952091053601,4.499765710023412
raw,point,-0.5903269735353105,5.967132578803807
raw,point,-0.4130951729602994,8.158278420268227
raw,point,-0.4552416927931635,4.565371093685335
raw,point,-0.49314286340652685,5.691597248663529
raw,point,-0.24696473805767913,5.954858965749491
raw,point,-0.47729376657843237,5.316146026509112
raw,point,-0.5946366232807765,6.416892723217533
raw,point,-0.618803462782483,8.248117644937
raw,point,-0.4303795102807402,5.849766724316961
raw,point,-0.3398310523509157,5.314659108667844
raw,point,-0.5322040715988856,6.3546724898816525
raw,point,-0.2450544988721846,6.581096408071723
raw,point,-0.49337327555736454,4.803304563794224
raw,point,-0.37095055182770853,5.51803387325701
raw,point,-0.40397289206357784,5.639363685293917
raw,point,-0.3258735832820302,5.2862157476461675
raw,point,-0.23008279706249657,5.242085934282988
raw,point,-0.2874751679840144,7.015092686425321
raw,point,-0.3947822446854606,6.028231325826808
raw,point,-0.6291962986115057,3.926841427526734
raw,point,-0.4098035061905509,7.104080308017764
raw,point,-0.3615811767726161,4.68859143669401
raw,point,-0.6995316693991503,8.523822451645286
raw,point,-0.2810596939148351,6.230489396008544
raw,point,-0.6167865269088778,7.668885552457842
raw,point,-0.42130207301868394,4.662683175364081
raw,point,-0.3244988874100141,6.258283585018243
raw,point,-0.47691073074652834,5.72272994043651
raw,point,-0.4474021001183359,5.399139637866467
raw,point,-0.5115228524699208,7.112421968245355
raw,point,-0.4736883636417192,5.209825621281164
raw,point,-0.3162123261665251,4.652657987864954
raw,point,-0.30990912979260976,8.34576270123236
raw,point,-0.5440383165862143,7.618241574921756
raw,point,-0.30723775567381495,5.445818272878158
raw,point,-0.47913232206382855,5.134104355006983
raw,point,-0.4746070807978233,4.88495488052252
raw,point,-0.5534105222565013,8.399267841787692
raw,point,-0.5839491982344422,4.92769847627415
raw,point,-0.2910645327975151,5.643983471887917
raw,point,-0.4462432824488641,4.894491099443363
raw,point,-0.5191884085106191,7.099006635719748
raw,point,-0.3142814888473562,6.522180961858454
raw,point,-0.4100082949078104,5.3976404900405806
raw,point,-0.45339774713208353,5.674224397967427
raw,point,-0.30081115394112157,6.430520039507305
raw,point,-0.40542871915172346,5.604784894214295
raw,point,-0.3720125065625405,7.895751558498045
raw,point,-0.48395316134665933,7.606312788140074
raw,point,-0.4666365065274265,5.518135623230052
raw,point,-0.4615115495350749,4.485561779743781
raw,point,-0.4750881490163761,5.169243594064334
raw,point,-0.5458561681355791,3.9990310053820766
raw,point,-0.514949284361225,6.388385002678746
raw,point,-0.30557006677136644,6.509235401957291
raw,point,-0.3787798232564094,5.884703748761001
raw,point,-0.5321320341778395,6.681719737491203
raw,point,-0.4265748941729033,4.852416982150261
raw,point,-0.4341505835284613,4.898104421954865
raw,point,-0.4317281206597018,8.625224691250562
raw,point,-0.6316684222291499,6.867969542851904
raw,point,-0.3831034941953508,5.58454912979612
raw,point,-0.5156217679856608,6.0884788082878725
raw,point,-0.5422280262900584,5.547586180901212
raw,point,-0.503565341668095,5.129878548795679
raw,point,-0.6247093499107758,7.243327830279972
raw,point,-0.3745491116138969,5.591213801555654
raw,point,-0.3750696007399926,5.806648632684793
raw,point,-0.6296547553554097,3.50355251802221
raw,point,-0.5136457131890266,7.341724417736216
raw,point,-0.32299791925723836,6.472623690745856
raw,point,-0.331280435817079,5.563077807201764
raw,point,-0.29771553206963364,5.680804867392175
raw,point,-0.4100492096248782,6.110347658331868
raw,point,-0.33868673174847375,5.521243145813431
raw,point,-0.4899055951668762,4.1682194688892125
raw,point,-0.6358006567857254,5.783382484714833
raw,point,-0.17599092217445567,5.743896716855684
raw,point,-0.34179916230495366,6.3088506830210695
raw,point,-0.5072521074702402,5.253949583039439
raw,point,-0.5658680208084026,7.1581631340371485
raw,point,-0.5337031883018912,5.534243209370146
raw,point,-0.3839765527839027,5.749516264565875
raw,point,-0.47865982487259356,6.932534385381004
raw,point,-0.41537606305252794,6.200392353885922
raw,point,-0.3253301237973521,6.618890323855248
raw,point,-0.5220311901276514,5.7000818440125185
raw,point,-0.3391440627704268,6.260741173472588
raw,point,-0.2761204191781915,7.554961540377605
raw,point,-0.3415164698887092,5.984777716430963
raw,point,-0.44921536160916264,6.238911768718538
raw,point,-0.3240015542739599,6.901545863747905
raw,point,-0.20026999093004624,8.561233551380294
raw,point,-0.4408184735971065,4.093674567042111
raw,point,-0.48829933249748797,6.18970631090211
raw,point,-0.5554480391953471,4.720754612832586
raw,point,-0.20105450497785257,6.87666051901746
raw,point,-0.5168259077714433,5.308409007625072
raw,point,-0.45060501468300307,5.312650958642541
raw,point,-0.4291166787025838,5.454391259015752
raw,point,-0.3061405290001999,6.416230263546268
raw,point,-0.5131279836205952,7.789742573206081
raw,point,-0.38224527807003444,6.857223051266187
raw,point,-0.3963289346149323,6.591666547680742
raw,point,-0.2878638274866644,6.2555515843413945
raw,point,-0.5929022548051592,5.092438487431208
raw,point,-0.5179776898270388,5.716978915542423
raw,point,-0.5893036125639369,5.556850050509307
raw,point,-0.28013241096746977,6.532193365070736
raw,point,-0.1829504412338248,3.8572609016306805
raw,point,-0.42925246402779177,6.233739930508631
raw,point,-0.3741179348536192,6.138387797731891
raw,point,-0.5010031005737855,5.844892507276328
raw,point,-0.451736524108152,8.302722053279815
raw,point,-0.2260384225968295,5.9403581815348705
raw,point,-0.5714181639149942,6.062756082296421
raw,point,-0.4192242393798128,5.032899941592972
raw,point,-0.5506860540922086,8.29560294027414
raw,point,-0.2963229161889,6.141011386426749
raw,point,-0.27471291885781035,6.731703936026529
raw,point,-0.1727967198489523,6.076118697278936
raw,point,-0.29628959438598834,7.598357413561228
raw,point,-0.6206281809397041,5.92237381909522
raw,point,-0.33795352370265924,6.442363060217735
raw,point,-0.5308105395033097,5.067461817309091
raw,point,-0.5301530031348947,7.595970464523961
raw,point,-0.29843569990767094,6.826339297011746
raw,point,-0.6517002678583751,6.0527059121575855
raw,point,-0.24195351577866397,7.266414601559683
raw,point,-0.338668015851605,5.040488062274464
raw,point,-0.4715932587953415,6.092847372560089
raw,point,-0.4186742179744595,7.26074242846033
raw,point,-0.3158527059248641,5.605413304252059
raw,point,-0.3879995536858716,5.4425839611027085
raw,point,-0.2613408757599449,8.209572646263762
raw,point,-0.5878558322999105,7.5190418462032635
raw,point,-0.22440876554263248,6.211145769491914
raw,point,-0.5161578225452416,5.352988076205188
raw,point,-0.6248393541349602,6.869769097428097
raw,point,-0.629878395147778,7.7778879951657345
raw,point,-0.49316125094078067,5.391877638363628
raw,point,-0.4131072990593467,5.899294922227132
raw,point,-0.4759080503935596,5.488989934298926
raw,point,-0.20151103246616694,5.0197142075569285
raw,point,-0.31515491778644233,7.030433247426742
raw,point,-0.4422013005706834,5.520896313945583
raw,point,-0.5225539578468342,5.704248171051701
raw,point,-0.5509409320246815,5.7082963727238525
raw,point,-0.36035102703551325,5.055437359268791
raw,point,-0.3064249712538695,7.332071803296824
raw,point,-0.5977139934999653,6.657569203785002
raw,point,-0.32819070535269373,7.823541854876197
raw,point,-0.15070623641017222,6.101571412411173
raw,point,-0.34620882577684875,6.331275807216079
raw,point,-0.29420465738217505,6.375400284357068
raw,point,-0.34878843127233555,4.6476301865565155
raw,point,-0.4526624889804418,5.551406764294642
raw,point,-0.3444075812999836,8.65442692435877
raw,point,-0.49230992607640045,5.379502052855563
raw,point,-0.5575590174708002,6.229175380736257
raw,point,-0.4827492895310869,6.832826624474749
raw,point,-0.19105674127524613,5.331944477075993
raw,point,-0.2423384866711873,6.6291306610591185
raw,point,-0.5223592621238541,5.982857524640195
raw,point,-0.6685707382370204,7.876020440635991
raw,point,-0.32062429192958736,6.231742451922537
raw,point,-0.3511422594892812,6.0176630869141166
raw,point,-0.3507783103326747,5.941676996938847
raw,point,-0.5004652007265726,7.886444452725467
raw,point,-0.3663295661961489,6.145946836034424
raw,point,-0.18486543812536252,5.66769303815326
raw,point,-0.4243195566908876,6.8264832425363675
raw,point,-0.3633041092575732,7.273057712476015
raw,point,-0.49934187750579373,6.342342278854499
raw,point,-0.3799615765778698,6.888017246077526
raw,point,-0.13936814486783478,7.033326727843716
raw,point,-0.4696757640062216,5.790196365941849
raw,point,-0.6243327585073848,5.840849493870262
raw,point,-0.26513375833928565,5.453147847558831
raw,point,-0.42027509341240854,5.21825573475639
raw,point,-0.3793830766492494,6.472100323490627
raw,point,-0.34206701055409516,7.487802486257523
raw,point,-0.3773787233461764,5.340352141419182
raw,point,-0.35532481294435225,5.5938209732770305
raw,point,-0.20519879237012045,7.332627900338154
raw,point,-0.41197743943584586,7.009183807889686
raw,point,-0.72,4.394335973441615
raw,point,-0.6751431475045178,7.044899701232616
raw,point,-0.34330400872987293,7.855708052337166
raw,point,-0.43726086229202954,6.778977990249035
raw,point,-0.49439974143834836,7.405626997073135
raw,point,-0.22793161817919708,7.016594670804083
raw,point,-0.34174718788461556,4.944914264907288
raw,point,-0.5477604457046494,7.507652087919944
raw,point,-0.6563887158669396,7.6269171085845775
raw,point,-0.37821957562343367,4.491416112207378
raw,point,-0.5693078542995766,6.243744534040405
raw,point,-0.5464283528153613,5.477421721843132
raw,point,-0.4303480172256341,6.342789546629196
raw,point,-0.27318365270795203,5.521949913336776
raw,point,-0.6006596891566697,5.8234846094020964
raw,point,-0.49474213094710573,5.409359634251761
raw,point,-0.559524837415724,6.340450066116678
raw,point,-0.4870087632702105,7.178931086184376
raw,point,-0.36627093375494524,6.740754716888725
raw,point,-0.39025451591740823,6.061699123672189
raw,point,-0.35264288434742613,3.942632295247931
raw,point,-0.5410683648073549,5.917755927615629
raw,point,-0.47497587217540177,5.46465127041643
raw,point,-0.3553959933004938,5.919156499104662
raw,point,-0.5396521212764831,5.396249277557303
raw,point,-0.39424969597626924,6.962590908884207
raw,point,-0.2786545830278935,5.542541991089429
raw,point,-0.4435081993282316,5.509969953524775
raw,point,-0.6019897368121292,4.160905194321918
raw,point,-0.4948537640935557,8.87346127432371
raw,point,-0.17278760256689038,8.305467768398394
raw,point,-0.45028765436604334,5.812272450745201
raw,point,-0.3760309174797184,7.951430197064185
raw,point,-0.5160116567284891,5.947059571327438
raw,point,-0.4231538313077794,4.4590835742348
raw,point,-0.43244543577353767,6.783713929006808
raw,point,-0.3216428776406929,6.279776240888199
raw,point,-0.31819251876033267,6.4361527960544285
raw,point,-0.274417310206463,6.5549655444203525
raw,point,-0.30097144528584857,5.916858133388668
raw,point,-0.5686874266244542,7.657304862423702
raw,point,-0.31776469265419666,6.733955861387544
raw,point,-0.489286644406393,7.353323353616586
raw,point,-0.24380798945131082,5.432940666673863
raw,point,-0.45671991229842457,6.495293569557254
raw,point,-0.3994877502228007,7.752201722271405
raw,point,-0.23819725390876753,7.525340195977817
raw,point,-0.5693404014616995,6.7421315650883535
raw,point,-0.2573937363489516,6.534224944898653
raw,point,-0.47056900072509444,5.509972978196203
raw,point,-0.4117783813814029,6.952909427556364
raw,point,-0.29456061674871004,6.2375796490515665
raw,point,-0.4383192657837224,6.347286742983878
raw,point,-0.3620842362052425,6.718273683732163
raw,point,-0.30112074369040026,7.75512357574352
raw,point,-0.38564625669458336,6.216322516857573
raw,point,-0.5163287540065804,6.277985187274825
raw,point,-0.5011900677629939,5.466136553911573
raw,point,-0.3746623133526627,5.3158887622938105
raw,point,-0.4255518881921001,6.137819527963455
raw,point,-0.6366268536136731,7.11632726599297
raw,point,-0.2583827713496726,5.346410219562964
raw,point,-0.4531249881567121,5.4474964428905945
raw,point,-0.465152170973946,5.0690602775212135
raw,point,-0.5932617133305644,6.460401275190484
raw,point,-0.2990956224464601,7.618042532182587
raw,point,-0.4475508081841876,7.02058267169271
raw,point,-0.3220474494724511,6.016317365266148
raw,point,-0.4570549998638939,6.690300603451615
raw,point,-0.32527346325059436,5.21354692107209
raw,point,-0.2486739635352595,6.2680045217045945
raw,point,-0.3992473729174292,4.988703428353877
raw,point,-0.5196321504140916,5.999384846259157
raw,point,-0.26814323858445843,6.984562717236249
raw,point,-0.4698956349367723,7.174168718134488
raw,point,-0.36451647824382943,6.600334565010047
raw,point,-0.47980520891825457,5.740127999585695
raw,point,-0.47564292976214395,6.132349826198485
raw,point,-0.5195782866881818,5.167829317440279
raw,point,-0.5714689168640479,6.0848991494270654
raw,point,-0.32276124932275874,5.304910225342084
raw,point,-0.46972608913386416,7.44889592206952
raw,point,-0.48630475053388794,7.540654957234137
raw,point,-0.39473735283055505,6.223814132678601
raw,point,-0.5247677461224101,6.339186766916585
raw,point,-0.3972773949123624,5.405889475890556
raw,point,-0.27841660492763026,5.414845195783509
raw,point,-0.6334598889292229,7.485906776442097
raw,point,-0.2848336408758786,4.2794236679520905
raw,point,-0.46792675829014824,5.052041299594879
raw,point,-0.4939404512423834,7.319832269341863
raw,point,-0.20493121501423497,6.222568153094202
raw,point,-0.44530464839902123,7.47489622688698
raw,point,-0.24637418825829158,4.036399473664525
raw,point,-0.2777848144913524,5.862074838575019
raw,point,-0.4413198031059771,4.6184724185840915
raw,point,-0.4875137876028523,5.053141858590126
raw,point,-0.5474983063318183,7.006636588567456
raw,point,-0.376728633464137,6.168143394057683
raw,point,-0.23128404784836507,5.698728505085215
raw,point,-0.40873682561975333,5.517806242809723
raw,point,-0.45573471908388996,5.833363717162065
raw,point,-0.5294361013919123,6.322382060742131
raw,point,-0.451845136536965,5.673772176057368
raw,point,-0.4732020963263999,6.120281121519341
raw,point,-0.4456262166584743,6.162094537332717
raw,point,-0.35194512275412887,7.312645655796123
raw,point,-0.18879768530516824,6.163651847399939
raw,point,-0.5399885401591678,7.404468055728522
raw,point,-0.4183215521528085,5.84185291994111
raw,point,-0.5082796046418789,6.748307162810247
raw,point,-0.6757231141620412,5.776982620653843
raw,point,-0.36869807953551204,6.22627673061574
raw,point,-0.40285359659713155,4.602169891686259
raw,point,-0.4794647066200711,7.356570175608999
raw,point,-0.5087967759171721,7.45377488477415
raw,point,-0.5362587423214515,4.406761647886409
raw,point,-0.5058183755133372,4.643935085452
raw,point,-0.4071658604112098,6.698709692634214
raw,point,-0.36004816497007563,5.648966939376156
raw,point,-0.5367320841792957,6.688424068391533
raw,point,-0.4051277031769135,6.25589086208219
raw,point,-0.4675083960437748,6.335434778017521
raw,point,-0.4790279473417566,5.286043109879142
raw,point,-0.45934323305734476,5.813671887783552
raw,point,-0.40744134634406853,7.024553627452504
raw,point,-0.3423183241841101,6.828081098209681
raw,point,-0.2573518562977455,4.1909389437621325
raw,point,-0.2891064762116075,5.407248365887822
raw,point,-0.6045981170737278,4.200261041010487
raw,point,-0.527845234790687,4.6530971063832345
raw,point,-0.3505096548853453,7.196255781878473
raw,point,-0.4107071035394412,5.106939106630769
raw,point,-0.1622914808884377,6.283465559090552
raw,point,-0.43792422263839376,5.61996672443132
raw,point,-0.4953322018479162,5.764183993564485
raw,point,-0.18446238096324524,5.259100774484368
raw,point,-0.5268206543900525,4.865634396806657
raw,point,-0.6112453660616903,6.118074234597135
raw,point,-0.48325832377989936,5.958063618088994
raw,point,-0.4104282834473944,5.101106410737768
raw,point,-0.4513470500953042,6.339153433777176
raw,point,-0.3560804356968329,4.399104962061912
raw,point,-0.4838405204382875,4.652367459599703
raw,point,-0.4737894725096172,6.774231401881757
raw,point,-0.575615570477554,5.811888462193351
raw,point,-0.3322733811342706,6.722206547272574
raw,point,-0.4998895049063807,6.406234631738652
raw,point,-0.47502107015562,7.650920234569386
raw,point,-0.3282203395952388,7.062771237808261
raw,point,-0.5291223084546269,6.135201103263574
raw,point,-0.3648782598440137,6.5630512815799396
raw,point,-0.4520975180073432,7.310981017971839
raw,point,-0.3910034041972037,8.123801476086088
raw,point,-0.5522847693339492,6.183526261089229
raw,point,-0.17776031047809468,5.839491541371873
raw,point,-0.72,4.767224153613059
raw,point,-0.27167959997985563,6.652742044825937
raw,point,-0.3737048432583828,7.2949706148540665
raw,point,-0.38968797672261635,5.747472222814039
raw,point,-0.35487134084373984,5.1275978326143505
raw,point,-0.5165212768224379,6.349647842159875
raw,point,-0.23469276774147857,6.659233614494318
raw,point,-0.259618582493221,5.794042504952031
raw,point,-0.24186371382962116,6.4757241180020655
raw,point,-0.2511492557443955,7.028173682854147
raw,point,-0.31032639740322854,6.038623545849283
raw,point,-0.394954131108897,4.532635337116888
raw,point,-0.504120489843298,5.4568906645916595
raw,point,-0.5076561528138681,6.162832115081559
raw,point,-0.28333798244549124,4.758086432935465
raw,point,-0.44661576431680694,6.484707603298251
raw,point,-0.5914197536237489,8.212376990585994
raw,point,-0.3489315814458614,5.067902492941169
raw,point,-0.4298786612502577,6.768708185260682
raw,point,-0.47255265290134313,5.529764382576963
raw,point,-0.413889253267249,5.628177534901907
raw,point,-0.5320564420200529,6.187571761393956
raw,point,-0.4324564083716973,4.0760494269399254
raw,point,-0.4653254173157491,4.650966479431406
raw,point,-0.3699422202385926,5.357804581814894
raw,point,-0.621032249594147,7.60461462925842
raw,point,-0.3270229273531633,5.178338567412162
raw,point,-0.40320366441413097,6.720995123481872
raw,point,-0.5093561355098232,7.5636039994225746
raw,point,-0.3815979346000551,6.192223977104882
raw,point,-0.3990568425687357,7.450510012595073
raw,point,-0.38199121020132465,8.115034853964467
raw,point,-0.4331834997434116,5.4519943722785715
raw,point,-0.5616372203117961,5.4989612438334206
raw,point,-0.38531328270803483,5.917297449000597
raw,point,-0.47227327948185455,6.36748501687342
raw,point,-0.36253861700529433,7.154845989028736
raw,point,-0.5845011109910658,5.376486377822615
raw,point,-0.35188497618912856,6.289468427401662
raw,point,-0.1353296466893964,6.274350161137645
raw,point,-0.5297644382237638,6.784550487481607
raw,point,-0.4180051774884306,5.84722638774483
raw,point,-0.178696327936273,7.656944639600066
raw,point,-0.5515932278726996,5.38705992647728
raw,point,-0.4755349983458059,6.102507752865048
raw,point,-0.6007140287985273,6.937205557374942
raw,point,-0.5197776670454608,6.8079886653192245
raw,point,-0.4338820943599538,4.652945344464038
raw,point,-0.5010279865759174,6.918754024591768
raw,point,-0.3731182298214398,4.380740676507941
raw,point,-0.47112002588903307,6.107012123926901
raw,point,-0.6106894030798804,5.314950494205711
raw,point,-0.39992757258781986,5.615621429859222
raw,point,-0.42909346414015165,6.726232266311746
raw,point,-0.5159837982290305,6.4502659309513
raw,point,-0.3118861423326038,8.275636552004261
raw,point,-0.40435299267218294,6.669512377604457
raw,point,-0.49828590699370334,5.63977144989382
raw,point,-0.3089983270592907,5.208652018528034
raw,point,-0.28157418065823125,6.644537211127764
raw,point,-0.3880603910493889,6.342182027970452
raw,point,-0.4923590044667048,5.703411138528449
raw,point,-0.6395797686279979,6.388596801852795
raw,point,-0.5189711252286507,6.126179508188648
raw,point,-0.566662512116683,5.903104042268921
raw,point,-0.4236255575702105,7.11330409229648
raw,point,-0.5149846406990568,7.979457728569063
raw,point,-0.3616509693462789,6.548408703194612
raw,point,-0.2818742332347983,6.902770600954983
raw,point,-0.426767527846928,6.231170112244983
raw,point,-0.6001068832797494,4.993999033016322
raw,point,-0.5146750434351552,5.425132362518622
raw,point,-0.37564335082025885,4.778305578683566
raw,point,-0.32762727909703815,5.526827222195813
raw,point,-0.4654581768274032,5.213782290094558
raw,point,-0.11605334112507304,7.3395559494713964
raw,point,-0.4662637001589374,5.115173521864461
raw,point,-0.4139876526665022,6.324915698295939
raw,point,-0.5767268294391998,5.401698985764363
raw,point,-0.4749191137518073,5.188456568406241
raw,point,-0.3686316032568757,4.711956600431059
raw,point,-0.35640108494198536,5.748327102627215
raw,point,-0.5376748557569315,7.652329170505018
raw,point,-0.34020961954319445,7.004916754771232
raw,point,-0.4911479208809263,6.584266200515614
raw,point,-0.3467577366518308,6.406137653631443
raw,point,-0.40856623826240673,4.923582626645755
raw,point,-0.45792630966951314,5.612081474663855
raw,point,-0.49724697237285864,4.636725010457291
raw,point,-0.24285268852132783,6.714042077649778
raw,point,-0.41763437547254245,5.73264116532072
raw,point,-0.2942535070261871,5.439548168690671
raw,point,-0.276210492646548,5.099618582851407
raw,point,-0.5664675585230666,6.071735759662093
raw,point,-0.4880173991797129,6.511459829737225
raw,point,-0.3580619074355913,6.996522204607363
raw,point,-0.4149308614992752,6.029974158838891
raw,point,-0.4295857700739234,5.287552008765978
raw,point,-0.40985016049220285,7.001108928900791
raw,point,-0.5133899178394759,6.3355782945299275
raw,point,-0.46926059592049973,6.509649118842599
raw,point,-0.4176748018335734,6.243683806995078
raw,point,-0.225021922110201,7.271995168307207
raw,point,-0.5345614096115628,6.278354011529696
raw,point,-0.5583093745689109,4.817998038806722
raw,point,-0.5100965286889544,5.475041560036868
raw,point,-0.28990055157512057,4.559324905517173
raw,point,-0.4643577948396452,6.013260752365506
raw,point,-0.5595397823113146,6.92245687470681
raw,point,-0.5508143810809278,6.883906490073228
raw,point,-0.40010107450321536,6.143602524673828
raw,point,-0.3897438502655999,5.805990464327089
raw,point,-0.30654762253035445,4.835668325723251
raw,point,-0.5590509595696828,6.676310918496194
raw,point,-0.35333506411183924,6.6548709344521635
raw,point,-0.37332474801144117,6.891398704226961
raw,point,-0.5705293948866452,6.761985210240195
raw,point,-0.6125756080014115,8.298522290929613
raw,point,-0.4682106224479086,5.656887508718025
raw,point,-0.4497495685451171,5.407740441096868
raw,point,-0.38104368567671304,5.298669270521568
raw,point,-0.46478120276995083,6.9806812930473745
raw,point,-0.5016547063831543,2.8659478900405264
raw,point,-0.626883699201942,5.566053383698255
raw,point,-0.08247351005941345,5.061205964961276
raw,point,-0.320960465363047,6.5591858670483445
raw,point,-0.39737504225931486,7.685946474932622
raw,point,-0.35063634495319645,7.2822138001623316
raw,point,-0.44650008915839695,5.782304002797681
raw,point,-0.3719457840907826,7.237989353532761
raw,point,-0.3511156604957653,3.3451550561072643
raw,point,-0.3362068712071905,6.60463305688701
raw,point,-0.49126421587449637,6.415490717039332
raw,point,-0.4326900449567968,4.92280370727574
raw,point,-0.39746241274417915,5.651193998417669
raw,point,-0.35215397248356495,7.699045363776801
raw,point,-0.23325253015000205,6.927030396891176
raw,point,-0.5209061571075377,6.577856472223043
raw,point,-0.5486147698641011,8.47695972614044
raw,point,-0.40718672789113014,6.667390414865269
raw,point,-0.3733029399232184,5.289816191808614
raw,point,-0.3679663084718328,6.07828711308984
raw,point,-0.34711740193086515,7.527206772808187
raw,point,-0.44658232470061887,5.207743077943212
raw,point,-0.3609254402491899,6.765347471066697
raw,point,-0.435483287399547,5.566464490803397
raw,point,-0.5708809214358432,5.30032696658596
raw,point,-0.5081115976242119,6.070338683583059
raw,point,-0.5381591855978646,6.171973365733559
raw,point,-0.3647269063124157,6.045357190781644
raw,point,-0.3802231674139567,7.210554615988766
raw,point,-0.42596525397770474,7.48871011348214
raw,point,-0.4450587557938156,5.844171801576791
raw,point,-0.3886484197327956,6.318021003537288
raw,point,-0.44827561397976606,4.214393385118649
raw,point,-0.47433114285478206,4.561748627723645
raw,point,-0.2765772922524858,7.220527968164864
raw,point,-0.49097316635580646,7.709997226724727
raw,point,-0.45202719071390307,5.526628042448892
raw,point,-0.3516073350668426,6.116394280794177
raw,point,-0.38483514122081924,6.494039572697516
raw,point,-0.24813333793248324,7.272243825418812
raw,point,-0.3703377720898936,4.9305915574505335
raw,point,-0.3414376891584747,5.9327383130152525
raw,point,-0.46446193566513405,3.8242441217655903
raw,point,-0.6399186695272159,6.63096086604339
raw,point,-0.3767328745426253,6.238702015849177
raw,point,-0.42709833279859005,6.986698223324594
raw,point,-0.42670599161492356,4.249809570558884
raw,point,-0.49316619128097805,6.951891513494635
raw,point,-0.4115464196879993,4.513123812520938
raw,point,-0.3477235986816327,7.025778718535912
raw,point,-0.427986659531811,6.614036872779968
raw,point,-0.6649074006108764,5.061949544678553
raw,point,-0.3145901827900912,7.053404322975016
raw,point,-0.4351200205140554,7.624565301168752
raw,point,-0.6119825945029389,7.218779971407405
raw,point,-0.41471650180048775,6.423044358456091
raw,point,-0.5293108643115426,7.7406304951629314
raw,point,-0.5909032159485362,7.2681806980501875
raw,point,-0.1520876478618331,4.792695189749475
raw,point,-0.2176268343783229,4.879559689280304
raw,point,-0.3724773970239609,7.129966570902676
raw,point,-0.17550745978008866,7.2600152632087775
raw,point,-0.49593871926910016,6.266280921377264
raw,point,-0.4440831948975316,8.252534345959157
raw,point,-0.4437214784021669,7.274742649528374
raw,point,-0.3612393345074358,6.3357968497281245
raw,point,-0.5495608305147484,6.825152496759772
raw,point,-0.511066513521997,6.577303064710719
raw,point,-0.6022632586153717,5.968110040432373
raw,point,-0.2877083634174225,8.24298247458337
raw,point,-0.4531882150357486,5.58482791103187
raw,point,-0.3953986198356391,6.098260396214211
raw,point,-0.3428989286116136,7.648778494002453
raw,point,-0.69384609655593,6.159039272024855
raw,point,-0.4236019834011069,5.949672615494375
raw,point,-0.36798393979677696,6.108197290589905
raw,point,-0.44259014179233913,4.7784242325781925
raw,point,-0.27524161718453,6.500101056741373
raw,point,-0.48234762018671873,5.887074253121215
raw,point,-0.4597734477456213,7.316568980605343
raw,point,-0.4175519903827756,6.386362841240823
raw,point,-0.4203147119947728,5.923674136912543
raw,point,-0.5969870200792669,6.027147939980856
raw,point,-0.5137550681003609,6.798114684067689
raw,point,-0.36099219142367317,4.964202894604926
raw,point,-0.22105962563504128,7.767075082524521
raw,point,-0.2860949813786975,7.19106721663846
raw,point,-0.42095490065514723,6.752328423320811
raw,point,-0.5908677835506216,7.00922464803197
raw,point,-0.3870580728435731,7.018031219769034
raw,point,-0.5400591198976029,6.349997405198052
raw,point,-0.577366518963545,6.816350286143865
raw,point,-0.42670238816539774,7.605993238871624
raw,point,-0.4360951613304339,4.815122616657867
raw,point,-0.32833221084334596,5.273838664100154
raw,point,-0.6890694565667117,4.461918861398969
raw,point,-0.22945493927219426,4.585952570429633
raw,point,-0.22353769507867594,6.09869919886882
raw,point,-0.6466111651486564,9.059504009126
raw,point,-0.19432715223840577,6.819651601138871
raw,point,-0.5256495038593202,6.960954721837701
raw,point,-0.40161955226693435,6.203559838928434
raw,point,-0.5325723544928902,4.401132999005474
raw,point,-0.36584838080842375,5.970464839107558
raw,point,-0.03211894178848296,7.584630929534137
raw,point,-0.3952311273466414,6.85625196944201
raw,point,-0.3090638227419875,7.68143689902501
raw,point,-0.4883258895347742,7.350919959127069
raw,point,-0.4984123920559613,5.481809151052355
raw,point,-0.3237963188924706,6.944729894133619
raw,point,-0.21828765437675837,6.423081387214519
raw,point,-0.4757723992900198,5.40342448922903
raw,point,-0.48856091644823463,6.081877784894023
raw,point,-0.15958399553269748,4.592406984065031
raw,point,-0.5454591544284692,6.251827432962238
raw,point,-0.5569122532744801,6.493163116473372
raw,point,-0.42092361250473465,4.062552433669838
raw,point,-0.35528716166063257,7.163002081237389
raw,point,-0.36741988906644557,5.426499176832064
raw,point,-0.4744248866857779,5.322732644303323
raw,point,-0.4250515508676885,5.220449598807548
raw,point,-0.28660658860557,4.0036364351200175
raw,point,-0.5150474908956745,6.152017592526542
raw,point,-0.4416885330669369,6.999504522454675
raw,point,-0.377663135886733,3.979081430287013
raw,point,-0.5557894934831092,5.612885419773173
raw,point,-0.4469557951577733,4.025339334843208
raw,point,-0.3882496379202571,5.804834207958054
raw,point,-0.4688600900997461,4.893538325123359
raw,point,-0.2825071390887365,6.849724662642816
raw,point,-0.38737724405537655,6.145987599246508
raw,point,-0.41758864097851495,6.454079143096222
raw,point,-0.5733230275986723,7.74021076216294
raw,point,-0.5465905959248667,6.643291498297387
raw,point,-0.43214438566442764,5.47038328794516
raw,point,-0.2691256168937572,4.536926863712589
raw,point,-0.41985256912514723,5.85903137974801
raw,point,-0.38182044919327285,6.2181185673700705
raw,point,-0.5182234513964815,5.7619344498249445
raw,point,-0.5520902651702658,4.476409169247139
raw,point,-0.4446955527062148,6.6368707192984715
raw,point,-0.5255923596611569,8.181556520641063
raw,point,-0.46505831977224993,6.186824977212487
raw,point,-0.4611596249272427,5.386678448956541
raw,point,-0.26857004488553027,5.14373835174691
raw,point,-0.6629825125738875,5.463337619937331
raw,point,-0.34268061849938763,5.673966678825844
raw,point,-0.4456278798924655,6.284730350952335
raw,point,-0.2946433567862156,7.640968171015728
raw,point,-0.5961338808454565,7.155103692762152
raw,point,-0.4105857376823797,7.701275393530564
raw,point,-0.5743861113069704,7.952552389491408
raw,point,-0.4502919072751674,5.333246239867315
raw,point,-0.19501791182977096,6.808087007424855
raw,point,-0.5290340979247227,6.549229273025919
raw,point,-0.34149189213619635,6.030428914311935
raw,point,-0.29900280768005655,6.406787724611339
raw,point,-0.36844539486017247,6.94964550346054
raw,point,-0.3228427492262995,6.3218695464674735
raw,point,-0.4663274077096223,5.737488345339854
raw,point,-0.3495714909119051,5.034652701476289
raw,point,-0.6631664422954464,6.341273328923203
raw,point,-0.34206595395661366,4.773822413528611
raw,point,-0.3199254382326893,6.030090159255204
raw,point,-0.43508413643218163,5.9741272872537206
raw,point,-0.5076057956415571,5.3784440265407785
raw,point,-0.5216369432021256,5.376376864957385
raw,point,-0.5266168067720274,7.02262133384683
raw,point,-0.4370524595463782,8.554049994313651
raw,point,-0.31826318250223024,7.405465369123448
raw,point,-0.24663902584328665,7.128400262580328
raw,point,-0.4816400251458176,5.1132064321479085
raw,point,-0.38214424625480803,6.587289243491488
raw,point,-0.41743660050900117,5.104069002560632
raw,point,-0.44430088981336213,7.550731821692562
raw,point,-0.363506771101031,5.895605493185179
raw,point,-0.3419832280617121,7.002301124751309
raw,point,-0.6291426063267628,5.793906971973105
raw,point,-0.6374238020629466,6.345440571022075
raw,point,-0.5234764752270518,5.504927110475357
raw,point,-0.45104803931623466,5.705380925697622
raw,point,-0.3689101730469853,6.2320321058860735
raw,point,-0.6904850301364349,5.839617280314181
raw,point,-0.3699064565294406,7.975059829946977
raw,point,-0.6521732052417266,7.513508937701758
raw,point,-0.28642175163720734,6.51109169020775
raw,point,-0.2869767547365224,6.55841991065486
raw,point,-0.5507710938110623,6.238528455476213
raw,point,-0.5604031514050096,6.347067855405591
raw,point,-0.38228938143054725,6.310258689801835
raw,point,-0.07010131115666862,6.40783651045632
raw,point,-0.4942510183289948,6.559186562285987
raw,point,-0.3095850125178864,6.967774772391145
raw,point,-0.341631602285801,5.719196798274491
raw,point,-0.542473094674103,7.849063884823931
raw,point,-0.4856040151541722,6.10849432175266
raw,point,-0.43796540636991016,5.466384648752672
raw,point,-0.499640759338566,5.740001248803461
raw,point,-0.31571496793247733,6.6346020310712115
raw,point,-0.5796598993375135,6.586585880809182
raw,point,-0.5349402702762271,7.454298773891386
raw,point,-0.4846460636068043,7.157874968978323
raw,point,-0.48371809958196493,7.194692771839758
raw,point,-0.40533466154482234,5.912034772262158
raw,point,-0.32106237309567287,6.240221915547753
raw,point,-0.3270915065645417,7.080862496728426
raw,point,-0.2634316282961604,6.7873795879667345
raw,point,-0.3134994611161491,6.080389107372699
raw,point,-0.4763006228345429,5.077396265941289
raw,point,-0.5817257405157317,5.471463824710868
raw,point,-0.477016804380903,7.698630030574739
raw,point,-0.28075416673445797,6.65261388228667
raw,point,-0.5270596107800418,7.55356097375692
raw,point,-0.2607569269194562,4.623972514733719
raw,point,-0.3200910886740851,5.001195014894483
raw,point,-0.428322590389395,5.2449051083065585
raw,point,-0.4164982037339253,6.913062810782372
raw,point,-0.533110751679524,4.28868913251859
raw,point,-0.6366677628351111,5.885517634559976
raw,point,-0.5092722939990152,4.923654835795311
raw,point,-0.6065047491123285,7.0952649689124065
raw,point,-0.5217183950795035,8.354602597958555
raw,point,-0.5022633306373147,6.326882119784167
raw,point,-0.5217653853250916,6.558235351801276
raw,point,-0.4314970131416065,6.1476687730394834
raw,point,-0.4262340584959214,5.250826407144652
raw,point,-0.46238072740652025,7.183311691420374
raw,point,-0.2793434906979252,7.912573628500868
raw,point,-0.5188460552674978,6.684249980465394
raw,point,-0.3689311689710272,7.800519973978279
raw,point,-0.33432410519255334,7.365618746382289
raw,point,-0.219452490129353,6.14088635064022
raw,point,-0.4610361040046467,9.980151855858393
raw,point,-0.5982874088303288,7.201776002760052
raw,point,-0.46577180106401284,6.211121812000478
raw,point,-0.4244381225635635,7.394485390238726
raw,point,-0.4261749787177044,6.000862261193988
raw,point,-0.5099785375662856,5.8789617270113235
raw,point,-0.4255253440765297,8.442788936583547
raw,point,-0.4563878282052899,6.298216230194504
raw,point,-0.4815128231999948,6.898922003494974
raw,point,-0.6305133858611485,4.598554361163752
raw,point,-0.2317172616921362,7.422689368771724
raw,point,-0.4407469155937644,7.721674442988867
raw,point,-0.4945073127686119,7.679998642062905
raw,point,-0.4652910218548673,5.080206004644769
raw,point,-0.3234366729936686,6.734892371694834
raw,point,-0.41124974901952865,4.793020832856877
raw,point,-0.4993174497042276,2.9205631009526205
raw,point,-0.33127944239876783,8.554533506702239
raw,point,-0.25663387874431554,6.2875092214449255
raw,point,-0.4801574025102955,5.248213630400184
raw,point,-0.378053702117879,5.111244902120936
raw,point,-0.5045756073009321,5.991879662500594
raw,point,-0.27214770040218494,5.312310786831333
raw,point,-0.3362098787207449,6.035520625073476
raw,point,-0.20834228579130668,7.338951854438104
raw,point,-0.5437492523792262,6.291916866188777
raw,point,-0.445049024419154,6.9277204343488314
raw,point,-0.6547409064352768,6.3642548420992355
raw,point,-0.595334520470084,6.585457598401234
raw,point,-0.4510134916520194,6.063265740823919
raw,point,-0.5767273126031789,4.875707769363428
raw,point,-0.46419137864317805,7.514961172169345
raw,point,-0.43933863756275915,5.473952381007564
raw,point,-0.42299233964959304,6.100504119120943
raw,point,-0.5401695639792778,7.871338081148013
raw,point,-0.33526496108499093,7.127605069921508
raw,point,-0.39759435770569196,6.651743838967542
raw,point,-0.24581387142430197,4.920479280993762
raw,point,-0.592362063145439,5.162379912611403
raw,point,-0.49228697268951427,7.165382016236195
raw,point,-0.5411458436349668,4.781286912428253
raw,point,-0.38313988855765213,6.290051149963537
raw,point,-0.29787603696662335,7.1551495442601745
raw,point,-0.23144234689061322,6.906666985896319
raw,point,-0.27361233255393635,5.076028704000124
raw,point,-0.4182813258116959,4.597926715718847
raw,point,-0.25445452902763754,4.2975333461039
raw,point,-0.4709235420741287,9.609922983993522
raw,point,-0.42159858333963907,6.763533886742149
raw,point,-0.5073501586156137,6.938221499217914
raw,point,-0.4800283180640317,6.151168017459855
raw,point,-0.26385738857507957,6.002650213453165
raw,point,-0.467536462870314,6.650447336960083
raw,point,-0.5368620305973191,6.493127296955338
raw,point,-0.4176976575454579,6.910829854941895
raw,point,-0.3798312862991447,5.725796498624029
raw,point,-0.5260590634932423,6.211015905771772
raw,point,-0.44737039982356136,6.0041640156316305
raw,point,-0.4338309956406262,5.019395679604127
raw,point,-0.2574675430062753,7.03072466228132
raw,point,-0.5574701494317489,7.246512074361125
raw,point,-0.1339126951303507,5.576779909223828
raw,point,-0.26247945984241694,4.5081602752230925
raw,point,-0.4683455897476786,6.773340930551978
raw,point,-0.4406174659472013,6.231200071391217
raw,point,-0.6625951275497425,6.562505630468431
raw,point,-0.27127162254431625,5.393448739648264
raw,point,-0.5293751316991773,5.663417277025188
raw,point,-0.487221670530985,7.180776920434959
raw,point,-0.4344279841074797,5.397351233229202
raw,point,-0.3814910614231042,7.684058275575775
raw,point,-0.5477367796882574,7.086927752308845
raw,point,-0.6643568718568127,6.476701466620647
raw,point,-0.35428470720707395,5.63822775946092
raw,point,-0.3232052301184314,6.300889390856992
raw,point,-0.38228892219048916,6.699982605268424
raw,point,-0.40729172816225295,4.748519407005261
raw,point,-0.20199176116697862,8.3438359016017
raw,point,-0.3749345657496473,7.129641395656757
raw,point,-0.3573991964147034,6.905251530633369
raw,point,-0.3002832135744715,5.440165607032378
raw,point,-0.3875198936784483,6.148904633062883
raw,point,-0.4936429076529039,6.863551665512074
raw,point,-0.5737490580348437,5.675997423701222
raw,point,-0.5629185344704941,5.736669459777075
raw,point,-0.49580764213776585,5.58127577282796
raw,point,-0.3845009681512567,6.372132949832988
raw,point,-0.4164926277397966,5.4910214051581345
raw,point,-0.42330293532848245,5.434232300018893
raw,point,-0.6494868382989267,4.7255736455972785
raw,point,-0.43486780866981456,6.114256256668461
raw,point,-0.4445141996358129,4.847998493541986
raw,point,-0.2770103109056631,7.238014130602652
raw,point,-0.5506044175827831,6.865913147789143
raw,point,-0.5417100836368022,5.02558585612918
raw,point,-0.46346714395257566,6.532312459668131
raw,point,-0.46474590945032596,7.40045548950523
raw,point,-0.39216446235974944,5.376218248035897
raw,point,-0.48847497540666596,6.431106619506706
raw,point,-0.43347243146073483,6.879527140505947
raw,point,-0.5219199455877906,7.075684833642186
raw,point,-0.32941004941336505,6.85605608141631
raw,point,-0.39503859030437005,5.426161851247743
raw,point,-0.46287223105167863,5.855276288341607
raw,point,-0.33449022424953945,7.076142734416799
raw,point,-0.3716131496050244,6.905523157130045
raw,point,-0.0803481954409227,5.830499634462221
raw,point,-0.35184049866053146,5.268620209426604
raw,point,-0.426875899951489,6.486855844420122
raw,point,-0.28751518658832664,5.3090643105665185
raw,point,-0.5187953555159237,7.376772943101171
raw,point,-0.39421565195619673,5.843067936254063
raw,point,-0.25582934791030365,5.572374118249033
raw,point,-0.3907442013333754,6.576665490379126
raw,point,-0.5033016637564879,9.057057241146397
raw,point,-0.4633675277390178,6.630210267345983
raw,point,-0.36548957470334975,7.277955064035825
raw,point,-0.4407890021588749,6.512616770812153
raw,point,-0.37353589178706886,5.2723836420772034
raw,point,-0.44465274403818933,5.988909726327328
raw,point,-0.40918213624586897,7.563587513981037
raw,point,-0.44315137377153285,6.437677651793136
raw,point,-0.301508842283742,6.097552316179504
raw,point,-0.37867618887026144,7.761466746200653
raw,point,-0.2586089243676697,7.94349895816108
raw,point,-0.5704856917783478,6.791330308717878
raw,point,-0.23157936786326105,6.054255286965216
raw,point,-0.4456815880521256,6.429851402164806
raw,point,-0.4645160429951878,6.218442795550813
raw,point,-0.2235534898125354,6.7231323043102815
raw,point,-0.32456286591890315,5.262441510801738
raw,point,-0.48745747209181,6.4326852591604595
raw,point,-0.29396213291461293,5.666037016954853
raw,point,-0.5231674341271879,7.738659146677943
raw,point,-0.4626588264337093,6.852037487076437
raw,point,-0.6459424571894471,7.4489521963574425
raw,point,-0.31472943373680484,7.94767865681804
raw,point,-0.3318897130291577,7.57151069043837
raw,point,-0.2812461926142472,7.417101022773723
raw,point,-0.45457473804467563,5.534147762500347
raw,point,-0.5840709082356605,6.571754596056914
raw,point,-0.4165681675719368,6.801037546163034
raw,point,-0.5529803234623893,4.226849526032812
raw,point,-0.35460498322333384,5.436686460069729
raw,point,-0.290421448423328,8.816672387388106
raw,point,-0.36041293084965553,5.172678638488084
raw,point,-0.49551312233629036,8.361680570319036
raw,point,-0.72,6.54653182621732
raw,point,-0.5039842287084487,5.35579346262896
raw,point,-0.39334436480958607,8.279716196790806
raw,point,-0.38262604644528675,6.408190985586983
raw,point,-0.3562583632012109,5.374142347524161
raw,point,-0.4381934383189663,7.788839575668968
raw,point,-0.49236738510032346,7.714829876742054
raw,point,-0.46328350417776404,5.478050246645818
raw,point,-0.5620192551428612,5.712966278684531
raw,point,-0.31664581170829387,6.254694720386292
raw,point,-0.38609382514048396,7.650861321476671
raw,point,-0.4511654977279771,7.114455856872936
raw,point,-0.30831743951449664,4.665166379103713
raw,point,-0.5687490955945351,8.460370271932954
raw,point,-0.48712223658596976,7.221821984854008
raw,point,-0.28296635034163425,5.686219518237531
raw,point,-0.4740169182109989,6.550423088351848
raw,point,-0.34041873324295274,7.969120510125604
raw,point,-0.5680335223619649,6.334454669034363
raw,point,-0.5592662665057921,6.102113830938348
raw,point,-0.3608665808297981,5.190084938308247
raw,point,-0.6177365801883716,6.03462021322322
raw,point,-0.3775475866747866,6.991438235334248
raw,point,-0.4665966583198977,6.951969051377493
raw,point,-0.4823378700854602,6.149622517801898
raw,point,-0.33763805569893063,7.151331346482273
raw,point,-0.47250232404161907,7.411422013565901
raw,point,-0.48797663857841356,5.6718019888193245
raw,point,-0.21300245587531916,5.165074425433093
raw,point,-0.23036593775090736,4.408308254272024
raw,point,-0.3679485418882775,5.7480378417592615
raw,point,-0.40035191457328995,4.520287978126995
raw,point,-0.468099963318683,6.389162252460227
raw,point,-0.2112961786841295,5.597221455727516
raw,point,-0.4865079974989903,6.490635988620727
raw,point,-0.35901885853653764,5.315884526611699
raw,point,-0.39875551189162567,6.05690295234894
raw,point,-0.45331614861120373,5.895189575573692
raw,point,-0.4297231388106434,6.7287934713087125
raw,point,-0.5320113799433408,7.009395135680961
raw,point,-0.5678451932573496,5.815593362064832
raw,point,-0.3124692902310189,4.638020490221673
raw,point,-0.4528427709563857,7.248521176009893
raw,point,-0.39869926053429794,6.668798894158421
raw,point,-0.38888265995726146,5.438963820873696
raw,point,-0.16370597238565182,6.216589776556341
raw,point,-0.297178172874117,6.442529664565587
raw,point,-0.3168727115393573,7.985906916477315
raw,point,-0.4988153229442831,5.516230442990701
raw,point,-0.3534922023695026,3.4939403188385603
raw,point,-0.22640808109744082,5.192087077248846
raw,point,-0.6995242514084283,5.671414095984945
raw,point,-0.45578262387205737,6.592958130573352
raw,point,-0.5566591081231331,5.925234193201925
raw,point,-0.30842100668005606,4.796818722985993
raw,point,-0.358793115178794,6.113290627240641
raw,point,-0.38957741209926283,6.934093594101599
raw,point,-0.3740634712355905,7.11701431190353
raw,point,-0.3096007900775466,7.781086619920262
raw,point,-0.5131476473723009,6.094069779391834
raw,point,-0.283233322026881,6.220601672597165
raw,point,-0.4133261495282264,7.732322820751294
raw,point,-0.5180570357299515,6.086978874906778
raw,point,-0.5880017615497868,5.91035073587282
raw,point,-0.4707360676324729,4.809067389906867
raw,point,-0.39677639921408264,6.142065035721167
raw,point,-0.26263789062871973,5.630935598705507
raw,point,-0.41872979176775194,4.534905064619193
raw,point,-0.5288565856900576,5.541017118757027
raw,point,-0.5700678530011826,7.2151055513591364
raw,point,-0.4812334449739254,5.390988496447864
raw,point,-0.533067580572186,6.033684837947351
raw,point,-0.3547241885499455,3.8890112029545674
raw,point,-0.5135182242242943,5.110270388594725
raw,point,-0.507907768542323,7.637370588174711
raw,point,-0.22140374125782894,5.212747555115034
raw,point,-0.41923120853874585,6.983540692675655
raw,point,-0.42210377832823653,6.815742975579582
raw,point,-0.6282961422415654,5.835514166282587
raw,point,-0.5047794638387966,4.389263412027551
raw,point,-0.4230243474452506,8.46703906614097
raw,point,-0.4145978805034602,7.096856737456285
raw,point,-0.4097800117994546,5.821881064378359
raw,point,-0.6493337021489647,5.1441737283740885
raw,point,-0.41708571708985853,5.858561755981599
raw,point,-0.4036187735695814,4.919702284778161
raw,point,-0.4526347045805854,6.08798788255014
raw,point,-0.6516027550185739,4.764370471143067
raw,point,-0.34515019727561447,6.163975227415555
raw,point,-0.3012139966993057,7.31067328640217
raw,point,-0.4760648924764128,7.302174821863504
raw,point,-0.3236740505517758,5.477659715274928
raw,point,-0.41407386255475614,3.434909991481176
raw,point,-0.5462335616315346,5.313669701897418
raw,point,-0.14237422176615244,6.6324244553288185
raw,point,-0.3823947991906198,6.57904122426842
raw,point,-0.3745910563639242,7.436110595329143
raw,point,-0.4039497792988118,7.195790474375587
raw,point,-0.38822848951670635,5.369947159826376
raw,point,-0.4642694887176422,5.193747825996814
raw,point,-0.37680033337788,6.193118293114037
raw,point,-0.3428297435337865,7.567624857002754
raw,point,-0.49100432653479253,5.311137990366793
raw,point,-0.5685627884254012,7.052668502652348
raw,point,-0.46911560600925367,8.19114713235769
raw,point,-0.1811666366111114,7.253695139184043
raw,point,-0.25193695364780055,6.845403124439303
raw,point,-0.4198701276042834,5.637271768428142
raw,point,-0.3866009775568378,5.537083991962348
raw,point,-0.4938148800536939,6.176327160737913
raw,point,-0.5090087358744708,5.0008030082079555
raw,point,-0.5811568934151861,6.749737787707119
raw,point,-0.4809008930142741,5.30878001283136
raw,point,-0.5385213225767173,7.180157085213547
raw,point,-0.2115431935737311,5.222867151046216
raw,point,-0.5162203128829517,6.77681392252177
raw,point,-0.45075995442509237,5.805818557435923
raw,point,-0.20911892867495993,6.382284782331463
raw,point,-0.5399564051749615,6.777614061730892
raw,point,-0.2562013497548551,5.046705039392818
raw,point,-0.29599135187180686,7.524230655019812
raw,point,-0.7089741036460251,6.8537442489022435
raw,point,-0.359670938223108,5.402938567628452
raw,point,-0.3907882179282345,6.824166847821178
raw,point,-0.4754265614878299,5.765611195743534
raw,point,-0.5289833440562428,4.789399874572009
raw,point,-0.5816330357546357,4.715088492880786
raw,point,-0.31792938900638834,5.626730939529435
raw,point,-0.3873450922168202,6.367918235388401
raw,point,-0.3473863876051668,5.3822198133230055
raw,point,-0.5755444092760328,6.162555252143214
raw,point,-0.3349906840629245,7.970727036370837
raw,point,-0.4222698085243644,5.283272009446575
raw,point,-0.47422312138441813,6.734802883117011
raw,point,-0.5262273527493622,6.0677076689213845
raw,point,-0.6868402915969114,6.884528205291326
raw,point,-0.3856510885481751,5.782273078540475
raw,point,-0.35227819687074946,6.945652163847153
raw,point,-0.6312060044023695,7.263428579492698
raw,point,-0.4172868234292844,6.671847547572767
raw,point,-0.5382763734854331,8.590135309165145
raw,point,-0.5076856371189029,6.6966337492943655
raw,point,-0.3933668693800549,5.885792702621635
raw,point,-0.2483927632281743,7.910836189179397
raw,point,-0.47685248682553605,6.969703302115185
raw,point,-0.5604575424941534,6.004041231649078
raw,point,-0.4309488866276892,8.685496396206961
raw,point,-0.39376938194939914,6.861065590972028
raw,point,-0.20777752237160005,6.075883176194984
raw,point,-0.5593518750323326,6.767503681294372
raw,point,-0.37885674821462306,6.322564438742489
raw,point,-0.3073439876619245,5.900363260629999
raw,point,-0.3203033027827666,6.874773101145993
raw,point,-0.5035767924853435,5.104206849391357
raw,point,-0.6938642857595261,6.799389561503093
raw,point,-0.6006434757488744,7.026627066961276
raw,point,-0.4702224994670449,6.622075254934906
raw,point,-0.46124356520836246,5.015596919013174
raw,point,-0.31262836558768614,4.997174637994206
raw,point,-0.5260686330581595,7.3804237213859505
raw,point,-0.4406269291917745,7.617391692982982
raw,point,-0.46665463391669143,8.71590157894479
raw,point,-0.32749150462960075,3.9408530082304614
raw,point,-0.31114898945206637,7.109838369161303
raw,point,-0.21621026765227738,5.205279167211342
raw,point,-0.6609959868955091,5.699973425356053
raw,point,-0.4676695985381534,4.79623068348588
raw,point,-0.5478345258601542,6.496656009171232
raw,point,-0.4879440032511351,4.866343054035279
raw,point,-0.5855357769896995,6.28037085972334
raw,point,-0.5611552116434411,6.466963650474855
raw,point,-0.43743260048421595,5.1196811719788435
raw,point,-0.39334014077509427,6.9148707395263935
raw,point,-0.3854149669971104,6.898200904151595
raw,point,-0.28556491746898244,6.274102562756283
raw,point,-0.5666619552722807,5.446920696307259
raw,point,-0.24009348564972247,5.603118181780891
raw,point,-0.6123338912938932,5.4094738178548365
raw,point,-0.6236298312304528,7.714405927735614
raw,point,-0.3777083212927294,7.615303703204177
raw,point,-0.4688791482351549,3.6282335062548023
raw,point,-0.5090395250761277,6.377767643840097
raw,point,-0.4850183260832633,4.5022994644219025
raw,point,-0.46704013784058684,4.932025181993655
raw,point,-0.4161524115605523,8.165692025607564
raw,point,-0.29092027203854487,6.891236876109955
raw,point,-0.38713216502458736,5.68733284091976
raw,point,-0.29772754615644414,7.165110450772132
raw,point,-0.5846070890729602,6.481285713619472
raw,point,-0.30256992720921627,8.343346925196796
raw,point,-0.40117735658660014,5.7675460837966295
raw,point,-0.42036715435617944,5.6496561661706295
raw,point,-0.6061739388377214,6.652429623566178
raw,point,-0.6005654058961574,6.317160770639068
raw,point,-0.42348770886474285,5.193787875312846
raw,point,-0.4344086584129975,7.859030845388221
raw,point,-0.523813060576659,5.801678276513065
raw,point,-0.26694901445731806,5.850957196708567
raw,point,-0.39041258772615955,4.502775891801364
raw,point,-0.42816632893030815,4.765771196348039
raw,point,-0.3323300751441828,7.090102405597891
raw,point,-0.2896035132393834,4.259893392405527
raw,point,-0.72,5.849287892923982
raw,point,-0.5136025626856406,7.1440822815931755
raw,point,-0.6369566144186856,5.705529260386302
raw,point,-0.3268174841293536,5.400866751435002
raw,point,-0.42047328194927364,6.040528355464838
raw,point,-0.48001481306973515,5.137857595057785
raw,point,-0.5152988561459322,5.71111741322759
raw,point,-0.3295769715811231,5.434315185298147
raw,point,-0.2667629727938077,5.186480597693819
raw,point,-0.3196528650428505,7.466578727252349
raw,point,-0.5765204672902331,6.377921816660415
raw,point,-0.48697558831020976,6.175160192059015
raw,point,-0.3876782473032132,7.186298709630409
raw,point,-0.1732775788584763,7.458507260132609
raw,point,-0.5150358465731484,4.773566052368543
raw,point,-0.3967196159144389,6.178032638951303
raw,point,-0.430153472201376,7.026427590328084
raw,point,-0.5270991748700272,7.325407333519247
raw,point,-0.44905549379713033,4.891046287990077
raw,point,-0.41962345965324405,7.135589601687057
raw,point,-0.43692996261035827,7.334025008715125
raw,point,-0.4354833568528349,5.566541006712044
raw,point,-0.661825415493855,5.402265611472307
raw,point,-0.35041314283144015,5.407320775444747
raw,point,-0.4189230311342957,4.797897897722147
raw,point,-0.669638932239218,5.5164038764154375
raw,point,-0.5464713386281803,6.802312914897791
raw,point,-0.47685550633890106,6.472725540295748
raw,point,-0.663863119806331,5.734051174001823
raw,point,-0.5253805379391718,3.8089212951107934
raw,point,-0.6321321701526313,5.255813112316689
raw,point,-0.7005178722654248,6.082683411111046
raw,point,-0.4398402143171357,5.861170521279985
raw,point,-0.313393405326425,5.979704369725147
raw,point,-0.37717911828246914,6.714098800218321
raw,point,-0.5523941245479802,3.746573968877708
raw,point,-0.14192948934222965,7.613200161098642
raw,point,-0.18494925989727173,4.663400551612116
raw,point,-0.42594828029170506,6.695214584418249
raw,point,-0.2998238008477171,6.992781197939309
raw,point,-0.31662837348707584,5.496616850757221
raw,point,-0.551997941474693,5.444086998658914
raw,point,-0.40235191147640964,6.8357148317101615
raw,point,-0.396802790395974,5.907877351471261
raw,point,-0.21492865349754048,6.761214555697249
raw,point,-0.5792179051453105,6.704671871190837
raw,point,-0.4366551728726427,7.032541085652165
raw,point,-0.3471595182643984,6.47240877885312
raw,point,-0.4991331537662047,4.308625445594188
raw,point,-0.5706797316686578,5.685749484336137
raw,point,-0.3530413475451411,3.6162985107077175
raw,point,-0.340804197310458,5.248145279422908
raw,point,-0.4805632537837637,4.946223538372868
raw,point,-0.310283234653901,6.39940917776403
raw,point,-0.72,5.520792297720919
raw,point,-0.4302052640089995,7.02457810311504
raw,point,-0.3141513534456054,5.401186910585397
raw,point,-0.3902078436184639,5.867843032619948
raw,point,-0.41898354435784557,6.524879630171471
raw,point,-0.32111807767765815,6.495985058699906
raw,point,-0.5801317179919305,7.320184646982471
raw,point,-0.44226216264029283,4.220962373469703
raw,point,-0.5119568104314456,7.486076237206663
raw,point,-0.16640321498448485,5.788289718856153
raw,point,-0.41658815971774876,4.37176953154466
raw,point,-0.4516087459461242,6.043980689384836
raw,point,-0.4533067589615225,8.061531711752943
raw,point,-0.41457387172376453,4.874338325527693
raw,point,-0.5198265967508341,5.248820077898794
raw,point,-0.3633897716906854,4.188353838284853
raw,point,-0.3123506028268683,6.141923094372968
raw,point,-0.1379929888087476,7.183374419201305
raw,point,-0.5442288174832561,7.209464272562004
raw,point,-0.3257655091586985,6.73561212263771
raw,point,-0.35980553573573615,6.850227168517323
raw,point,-0.40715341474269295,6.356766160059032
raw,point,-0.40667226193474965,6.9693079156887405
raw,point,-0.3168174937492012,4.118621529039329
raw,point,-0.32849728406877543,8.13630350183407
raw,point,-0.699526299335114,7.934022769667124
raw,point,-0.5182363866950981,6.252002598056248
raw,point,-0.3158930399883567,6.995869875345051
raw,point,-0.4919155531319672,5.744218934006244
raw,point,-0.7160378472226676,6.658367305372545
raw,point,-0.31907541888921165,5.961977240805905
raw,point,-0.3666254662925662,5.193957434903595
raw,point,-0.3938766803225824,6.59078655463933
raw,point,-0.5089601983706329,5.973049418366558
raw,point,-0.6177720660480641,6.174263280763908
raw,point,-0.4971848420398624,6.769247555611151
raw,point,-0.3761751697170776,6.345357938319979
raw,point,-0.6291642442360775,6.25087726205503
raw,point,-0.5219767205408707,7.456221179447931
raw,point,-0.36718363799367515,5.425972091822825
raw,point,-0.4177308412964144,5.8453594341112245
raw,point,-0.6088342783645041,5.858217368551531
raw,point,-0.2539160641598337,6.068866548878115
raw,point,-0.4165200341120158,4.157482762168535
raw,point,-0.33752157439551433,6.643844337731004
raw,point,-0.3911420139593074,6.080678752111578
raw,point,-0.3508828698744291,4.221937779322148
raw,point,-0.41669675512143967,5.818595832501023
raw,point,-0.5524034198402605,7.62931174262431
raw,point,-0.4281099394991679,6.69643474665595
raw,point,-0.46216025795722615,5.242029542705267
raw,point,-0.4654191510461242,6.402428658611234
raw,point,-0.3133322138138618,8.557564432030428
raw,point,-0.5542684714056645,6.321026293823071
raw,point,-0.3399455124118773,6.55218807510122
raw,point,-0.39676753499086465,6.1284060575918735
raw,point,-0.48228963698238525,7.398351129807067
raw,point,-0.2841811213152725,6.546717143723631
raw,point,-0.45144593357576623,4.9158954293674695
raw,point,-0.23209547029141805,6.2599344621957265
raw,point,-0.5722246123655066,5.663874070962444
raw,point,-0.4498589714842437,5.890934923580284
raw,point,-0.2895662239457689,6.652323479674184
raw,point,-0.383663094788529,5.9327562128556375
raw,point,-0.4616301096819155,5.112827599880785
raw,point,-0.3332418734680496,4.2992003364589
raw,point,-0.5035292748190181,6.652461643908673
raw,point,-0.5655817773506835,7.595973493300407
raw,point,-0.72,5.773186540935238
raw,point,-0.4107815827026259,7.177631867650684
raw,point,-0.23219377036864347,5.38350707749326
raw,point,-0.3159265186016677,5.012207549324816
raw,point,-0.3707633186098698,6.342894770463603
raw,point,-0.5826546832200699,5.2583246011730695
raw,point,-0.4156669541530545,5.4351008355428165
raw,point,-0.3562380712986781,6.347330624224548
raw,point,-0.35218803598799125,5.89413193288277
raw,point,-0.40485108547367893,5.729423106857025
raw,point,-0.6739177511837582,5.964349531086313
raw,point,-0.5074848969933016,6.189970409287271
raw,point,-0.43492662173460783,5.413431584076328
raw,point,-0.3305801520842876,5.458401954176458
raw,point,-0.46885521397991836,6.45464510216992
raw,point,-0.2543906366301123,7.025412506380305
raw,point,-0.5481292845836914,5.62835713264454
raw,point,-0.3666182835332319,6.504283668734913
raw,point,-0.4041197935485334,6.143026950648467
raw,point,-0.4113613135548757,7.85072907438272
raw,point,-0.27043060034831734,6.72009457435807
raw,point,-0.669994456856695,8.634335195869921
raw,point,-0.35864821896842464,6.664841194274406
raw,point,-0.04553864120549917,6.305996617007451
raw,point,-0.04099279855547524,5.681159960963732
raw,point,-0.04852812254495159,5.014113075150318
raw,point,-0.05755149640873845,6.500209950993696
raw,point,-0.05836134219913764,5.323056522987128
raw,point,-0.048033769149832435,4.895663036653052
raw,point,-0.06310181192046498,5.387644109319112
raw,point,-0.056588067190245527,7.179095647940278
raw,point,-0.046034537752757045,6.519718767027557
raw,point,-0.056444271547960126,6.162651685945463
raw,point,-0.06791454154488694,4.984106572469185
raw,point,-0.047723864198270495,4.698294416711666
raw,point,-0.063499112632313,6.319585534227909
raw,point,-0.04842725833881292,5.363802801449829
raw,point,-0.05663294325048202,6.529285402893965
raw,point,-0.05236497094863241,4.361163816275104
raw,point,-0.03779735456654662,6.250002653545251
raw,point,-0.05378312106318874,8.0009456908593
raw,point,-0.04873863336179732,4.73967794743555
raw,point,-0.04914939963693484,5.676799273084985
raw,point,-0.04150100846803352,6.536753025995449
raw,point,-0.06183111314338765,5.922814672458151
raw,point,-0.059234505347991226,5.416474625379952
raw,point,-0.046312724482297264,5.437046873873129
raw,point,-0.05274678270687017,6.9784184249714665
raw,point,-0.041122985660980986,5.557357517887889
raw,point,-0.06009354882005524,6.50571510522037
raw,point,-0.05307973078754813,6.019797787952071
raw,point,-0.046829891929754924,6.483607044133312
raw,point,-0.048626571120709616,6.529197020239815
raw,point,-0.053750285276532916,6.06520914890134
raw,point,-0.05011652444365063,6.392780505844964
raw,point,-0.057353682648422985,5.534227188160478
raw,point,-0.04249529063563129,5.278510046120312
raw,point,-0.0580423896953737,5.986088218041461
raw,point,-0.05266864461762684,4.6802448722369
raw,point,-0.039180651975351206,6.877158240071988
raw,point,-0.04595419253759822,6.797499021035284
raw,point,-0.05473653290072733,5.170239838701214
raw,point,-0.05363754156469597,5.986389109678859
raw,point,-0.05395044694888721,4.127621859250272
raw,point,-0.044770392559471434,4.428452254048988
raw,point,-0.0526591070185448,6.529721417925755
raw,point,-0.043987004406633654,6.360971985498864
raw,point,-0.0399511348351109,7.165631215630574
raw,point,-0.051992545209718494,5.368231131593685
raw,point,-0.058798089286743946,8.403824091080732
raw,point,-0.05317027109687945,6.072123678862209
raw,point,-0.0544112199157369,6.819877279460709
raw,point,-0.057808360876238904,5.725715196517313
raw,point,-0.06509097470893499,6.3257793012053245
raw,point,-0.03034773379251215,4.732459006088034
raw,point,-0.03804166472423249,5.924475762616511
raw,point,-0.055926122952783354,7.2402580331721484
raw,point,-0.05308656837863484,5.118227548455413
raw,point,-0.04977881699606293,7.354260750000645
raw,point,-0.04192660841954189,6.93891017593521
raw,point,-0.051501272686606175,5.585860928422948
raw,point,-0.04987286715776034,5.28228778104626
raw,point,-0.04789993997301092,7.239681827644416
raw,point,-0.03937136261912823,6.206784210800844
raw,point,-0.04911419952619683,7.8501555177582425
raw,point,-0.05777546197423801,7.034812463515942
raw,point,-0.060147308914776335,6.231185555846904
raw,point,-0.036237316571054626,5.979356558873379
raw,point,-0.03823287212642526,6.249616840462608
raw,point,-0.03987137919032509,7.06959599450322
raw,point,-0.03958621362899234,5.961052375034514
raw,point,-0.05570175895858587,7.960835115462362
raw,point,-0.04966167521160749,6.924114769169646
raw,point,-0.04700105457800199,6.219198339507993
raw,point,-0.04791605810752116,7.88178595297745
raw,point,-0.04744679851733154,5.365464858205165
raw,point,-0.05230398213880946,5.499616376164503
raw,point,-0.047865646112099425,6.22698116811124
raw,point,-0.05161100964677666,5.473820173065535
raw,point,-0.044784500082977026,6.521281549026877
raw,point,-0.053070700018805476,6.128819318515738
raw,point,-0.04633967359180913,6.583009205115766
raw,point,-0.050226811742409956,7.300138343270162
raw,point,-0.06319824323158288,6.783729969553848
raw,point,-0.053108119006531375,4.944730518371252
raw,point,-0.04888074803435975,6.573483227967963
raw,point,-0.05963424750220523,3.577487375806842
raw,point,-0.038479415405179566,5.173175904124809
raw,point,-0.0541492846759593,6.5779215889576985
raw,point,-0.05323305208075643,5.959568785849417
raw,point,-0.04486394470587763,7.705401820902126
raw,point,-0.05572111550897166,6.324005983631901
raw,point,-0.055586207926197985,4.924954906066546
raw,point,-0.06252362715754549,5.459730038089138
raw,point,-0.04950016342493945,4.369360465631448
raw,point,-0.05326434687752939,6.978220442654191
raw,point,-0.05013365770648988,4.570201571432147
raw,point,-0.058171933445031715,4.635309848907172
raw,point,-0.039793215959808254,4.554817064976929
raw,point,-0.04261761268605525,6.1686792822668
raw,point,-0.05591811267268053,6.812313662058535
raw,point,-0.04964818254238882,6.216389715824593
raw,point,-0.04332525457470034,5.841831622599536
raw,point,-0.03375161991434931,2.5970838465423953
raw,point,-0.042761070148894804,8.065316085318312
raw,point,-0.05391816938503571,7.090252418818829
raw,point,-0.05066710201229332,5.60800194311731
raw,point,-0.07423737385833248,8.132650716232217
raw,point,-0.05953296233032874,5.363943384306994
raw,point,-0.05498863575165049,5.267196100334649
raw,point,-0.042342130534524965,6.5489192255461255
raw,point,-0.04502663600255568,4.868131803992695
raw,point,-0.04505963141918906,6.865605029718863
raw,point,-0.05476840203698501,6.852234662372216
raw,point,-0.03781671100393927,5.974597397892746
raw,point,-0.040140870808493614,5.947479906210225
raw,point,-0.050364998412083,6.2452195098480745
raw,point,-0.042811810024610694,4.918318419692273
raw,point,-0.045314526773152626,7.348013340724997
raw,point,-0.05720265889656776,5.394304958264977
raw,point,-0.05979490415408491,7.283108130540375
raw,point,-0.05430546434448719,6.923787266032467
raw,point,-0.03712847271497396,7.767242589367497
raw,point,-0.045065983973438126,4.873333387491933
raw,point,-0.05467086806767974,7.510141269906369
raw,point,-0.06698905731955014,6.249290499776976
raw,point,-0.058521939114680815,6.0749499201101145
raw,point,-0.051671869680953206,7.488215324951589
raw,point,-0.04716841693170397,5.6306047953118945
raw,point,-0.05675920724148664,5.462888594345303
raw,point,-0.049722538422321376,4.383581377455793
raw,point,-0.04854747259311365,7.290921762777299
raw,point,-0.05857538628852913,6.776854288127262
raw,point,-0.0583038073085974,7.425196191092057
raw,point,-0.05244161516805099,7.769543158006668
raw,point,-0.05758537156999927,7.859562397580108
raw,point,-0.06730571139712607,5.358293265806987
raw,point,-0.04631194933311362,4.606248211915521
raw,point,-0.05002437115640511,5.188595508344078
raw,point,-0.04415212255993694,5.006017711653603
raw,point,-0.04628944700409068,6.6119000766287614
raw,point,-0.03523033172104715,5.439647376530479
raw,point,-0.050459662264941,6.587532145251315
raw,point,-0.042192037416913325,6.322552023264761
raw,point,-0.06333222166581377,6.530047105146881
raw,point,-0.059312088041649356,7.424925131374213
raw,point,-0.04521085852165836,6.893204311158849
raw,point,-0.05968243832377567,7.258020164356989
raw,point,-0.0435142853840973,7.009010363809169
raw,point,-0.04652020503092166,7.641416359651617
raw,point,-0.050710239064957134,6.547502508960688
raw,point,-0.049334396245602596,7.855596464261696
raw,point,-0.04303377684103885,7.415196221583545
raw,point,-0.03608689965982452,4.707885365947651
raw,point,-0.05009129599529755,5.472871322943177
raw,point,-0.051290668372663724,5.747184973292436
raw,point,-0.037149183851686654,6.218682738952892
raw,point,-0.051428634632548355,5.581241383319936
raw,point,-0.03186462065190922,4.777035210567367
raw,point,-0.04339035737849857,5.608155389203314
raw,point,-0.0426248430994925,6.059049291112393
raw,point,-0.0489769136985632,7.237652078626543
raw,point,-0.0522858280596647,5.453168038979959
raw,point,-0.053966738417334896,7.830303995649642
raw,point,-0.0388843019637022,4.796852809092042
raw,point,-0.05092146249105714,6.943825634542712
raw,point,-0.05727631334242079,6.424503694519196
raw,point,-0.03835974820731762,5.557358866320644
raw,point,-0.045308872547456885,6.047632928770433
raw,point,-0.03496029755156661,5.091003187230239
raw,point,-0.04862986784277846,6.0350096307221825
raw,point,-0.03956868199862222,7.341431062215074
raw,point,-0.03915560741054607,7.0267993721551765
raw,point,-0.04803671714242293,5.242370146472466
raw,point,-0.048924646917089046,6.024567214621114
raw,point,-0.03979409867900887,4.907774542854292
raw,point,-0.055738113232203956,6.581026713941412
raw,point,-0.04574053484288521,5.26261172577177
raw,point,-0.04723006735841329,4.711389603869649
raw,point,-0.042002293778421115,7.144500677577797
raw,point,-0.05255490876854584,4.664871541764595
raw,point,-0.05324423710944496,6.257747115110744
raw,point,-0.04863548437263607,6.768477777092012
raw,point,-0.047635290619141325,8.380720719801618
raw,point,-0.043081319759978635,5.726370308562947
raw,point,-0.046482877806225766,4.579014002074461
raw,point,-0.026406053855605103,5.048915876467204
raw,point,-0.052788342062028946,5.904855408457993
raw,point,-0.0513772473979448,7.18264323049579
raw,point,-0.04951508992872774,5.730019950262804
raw,point,-0.062494762572213765,4.997294198270646
raw,point,-0.05761186923506834,5.995338105275435
raw,point,-0.05474007889390943,6.36819958942466
raw,point,-0.03693519755828261,6.88499962649782
raw,point,-0.054208044367583016,6.633359780812094
raw,point,-0.05442221297643473,7.02240376379168
raw,point,-0.05899679422895233,7.318647938624805
raw,point,-0.04748025178456928,5.819388773759406
raw,point,-0.05550696343856935,5.761055631939567
raw,point,-0.0496655980337437,4.382160120020741
raw,point,-0.061301684480823765,5.4912465910635495
raw,point,-0.05005205073279582,6.707402564726053
raw,point,-0.046401522503456284,6.2087206388984155
raw,point,-0.04973764871539119,4.958018165598722
raw,point,-0.05081924404316904,8.20319308978165
raw,point,-0.039005068139220084,5.352542369461892
raw,point,-0.0625206140196051,5.282287754894869
raw,point,-0.05486819937840148,6.539996903095215
raw,point,-0.036887964456602994,4.584650698816256
raw,point,-0.0469838374949517,6.91001399592094
raw,point,-0.05178151020512213,7.914480272181781
raw,point,-0.055942539579224314,5.93167489915002
raw,point,-0.048681170983152965,5.6764971050737145
raw,point,-0.05291929926190226,7.034380993702533
raw,point,-0.05464161518030417,6.679680852549033
raw,point,-0.04411548991584863,4.921272846061284
raw,point,-0.047028181562949696,6.357200157349605
raw,point,-0.05148297276957737,6.398080844510919
raw,point,-0.04811982491805798,4.306233480197573
raw,point,-0.05311067515462489,8.245197180332983
raw,point,-0.0480483159233067,6.211810567002316
raw,point,-0.06577189267229566,5.8121778488494416
raw,point,-0.04782885920330974,5.322662441870859
raw,point,-0.05857056128250334,5.385866243222225
raw,point,-0.050160273849190626,6.257985436414427
raw,point,-0.0502470354585122,5.4571036998373375
raw,point,-0.05864377378171966,5.965634727737213
raw,point,-0.040591310553363125,6.63308464399494
raw,point,-0.048014965666307335,7.090621680564249
raw,point,-0.04613001464677962,4.957231849277996
raw,point,-0.06283807819781308,7.958378328263353
raw,point,-0.05813440834626016,6.212871991110364
raw,point,-0.04841846643986653,6.26676568328851
raw,point,-0.0429998339690227,8.10807452350462
raw,point,-0.0329089085294,6.478827331415795
raw,point,-0.05103626968870122,4.637409427453234
raw,point,-0.05324107353295537,4.360582838629595
raw,point,-0.04883306069616732,7.056451118566394
raw,point,-0.04999910721608003,6.003617402268534
raw,point,-0.0466385651976158,8.892003854256837
raw,point,-0.044075287481956445,8.077849946782855
raw,point,-0.06053349730808718,6.271900851553135
raw,point,-0.04913586513989887,7.066325302068162
raw,point,-0.031266830259281016,6.136663638093204
raw,point,-0.052346539336956564,7.17366985837345
raw,point,-0.051014477354039585,6.6941062405837
raw,point,-0.04336707053905136,7.854553831558801
raw,point,-0.05321675818864382,5.879593182639089
raw,point,-0.04761024695468702,6.350623512221564
raw,point,-0.032132090925297646,6.791849403405605
raw,point,-0.04254607594055437,5.796816812532413
raw,point,-0.06042167035647611,7.373100411542877
raw,point,-0.049837019120845094,7.5484959545049
raw,point,-0.060421529915369865,6.8527311506224935
raw,point,-0.07180365016711457,7.262075699977846
raw,point,-0.0423297887837468,6.5055039464815625
raw,point,-0.0531130305828369,5.754412512559418
raw,point,-0.03979978379093962,7.8181688307903165
raw,point,-0.042279890777117926,4.855770018168286
raw,point,-0.06239563238022665,6.1358108022285345
raw,point,-0.04907973831882406,6.678667111456361
raw,point,-0.04229766729329869,4.009235166400716
raw,point,-0.05403948785774474,6.759124440754629
raw,point,-0.05064152858470869,6.126943653902492
raw,point,-0.0542985631209381,8.410468317417763
raw,point,-0.04166134285445031,5.267753368985083
raw,point,-0.060843282941966434,6.023196639693571
raw,point,-0.05031211470374752,5.941663583985025
raw,point,-0.06342658242795662,4.020224545675213
raw,point,-0.060491804219585076,5.838331725689049
raw,point,-0.03553186594559159,5.836173387366193
raw,point,-0.055718598735901466,5.543035513630004
raw,point,-0.041265709026140636,5.869044842813599
raw,point,-0.05487462445807059,5.039833822783906
raw,point,-0.04787735674544594,8.344017628257017
raw,point,-0.07188999732708377,4.858455936143162
raw,point,-0.030903229082623666,5.524465127128362
raw,point,-0.05985552198032283,6.101019028839007
raw,point,-0.04707798547973809,6.020911328577402
raw,point,-0.05157668421732422,4.148789400230546
raw,point,-0.04405900643145347,5.296263607473137
raw,point,-0.05423748992682569,6.051467499653282
raw,point,-0.05121039332502604,6.494556722762802
raw,point,-0.04827211404001228,5.954312105116027
raw,point,-0.04014905026631771,5.83308773811805
raw,point,-0.05845662823797195,4.961530930826493
raw,point,-0.05218460562026303,6.781123028837683
raw,point,-0.05293784922329726,6.548921058681817
raw,point,-0.05139145918448918,5.936802000667824
raw,point,-0.0711700064271357,6.1640149664658255
raw,point,-0.06088946219067511,6.954885319201716
raw,point,-0.0501036981891375,6.09556252330959
raw,point,-0.048821867207674556,6.5260099535264215
raw,point,-0.05068316027889616,5.808413319935855
raw,point,-0.05530202350277093,5.481846163488393
raw,point,-0.052696626003513984,5.4468130383139055
raw,point,-0.06285959469223808,6.1503284942349055
raw,point,-0.044746182247202886,5.218662877587756
raw,point,-0.043357828769167966,6.810999589544109
raw,point,-0.05206365969698818,6.962590110048744
raw,point,-0.04967589579597846,6.899140522177704
raw,point,-0.053322324142519945,5.617574655550355
raw,point,-0.03806120260235678,6.241219429867465
raw,point,-0.05514664695724176,5.125029432004444
raw,point,-0.04939925359877522,5.590888004119356
raw,point,-0.03841735012873536,7.981959944017835
raw,point,-0.04510468033870606,9.106664373132453
raw,point,-0.05884070505430053,7.422021966816111
raw,point,-0.05769561945688756,7.009334910021082
raw,point,-0.04452758583514975,6.5728629758016375
raw,point,-0.05402110618406811,4.666324985763957
raw,point,-0.0481207052017603,7.551791727774767
raw,point,-0.06109934220262982,5.129159292726199
raw,point,-0.06461822143951754,6.5205242510179025
raw,point,-0.0453102269643003,6.350092332693347
raw,point,-0.060507653043295924,7.363886975397282
raw,point,-0.05022758081351318,4.999247537711661
raw,point,-0.05744830773484472,6.8527526728865
raw,point,-0.06494017001150866,6.4330851067938095
raw,point,-0.0583309439337579,6.991814030423463
raw,point,-0.05219629825630719,7.744905344756252
raw,point,-0.05230472217100167,6.582115751980963
raw,point,-0.057901139223883465,6.2433873654179886
raw,point,-0.04552094035183396,6.83352759424604
raw,point,-0.06153250714181559,7.0554287208114825
raw,point,-0.05565838966021225,5.415423781372452
raw,point,-0.04028468483534998,7.307086998254708
raw,point,-0.04838790098117667,5.787614829430713
raw,point,-0.04318863757847722,7.960007215224073
raw,point,-0.05076703618416908,5.897478512549231
raw,point,-0.05169632327139227,5.2654565871742705
raw,point,-0.052405735835000175,5.770168941808966
raw,point,-0.04791274984886876,7.640625491607841
raw,point,-0.042824747385701536,5.334711085956603
raw,point,-0.05756649095343742,7.3128927176596905
raw,point,-0.050457525323584135,3.6504184618264732
raw,point,-0.05019569390997621,6.7582134968064915
raw,point,-0.07074329305573517,4.546278328784444
raw,point,-0.06269413112900385,6.926475496149793
raw,point,-0.04288967996925784,4.79726273953221
raw,point,-0.05754199938259493,5.887190484819655
raw,point,-0.06160377502877376,6.467916545823477
raw,point,-0.040758297170299884,5.853375139701484
raw,point,-0.05039158217807831,4.79530939924374
raw,point,-0.042527291027407564,8.15635025805853
raw,point,-0.03651963842224999,4.671878438094641
raw,point,-0.06597232681601983,5.091413974304499
raw,point,-0.051681268092793255,3.68221229951346
raw,point,-0.043630094745970086,7.86889048400385
raw,point,-0.059105180016391715,6.835371436003341
raw,point,-0.04139064727481367,6.571459993585561
raw,point,-0.05330979736191077,6.210105992207894
raw,point,-0.03981079114375265,3.8028571053379423
cutoffs,point,-0.33790763455444806,4.789039720218402
cutoffs,point,-0.48832774338146684,5.062011611968934
cutoffs,point,-0.1274070337758071,5.836854706359263
cutoffs,point,-0.72,5.362168981773238
cutoffs,point,-0.33249650200532566,4.0
cutoffs,point,-0.4899058873861148,7.186561812642809
cutoffs,point,-0.2600521332693194,6.050931837453836
cutoffs,point,-0.279075698212245,5.330008489071699
cutoffs,point,-0.4804693137371322,6.701776828005304
cutoffs,point,-0.5174464859297114,6.417185083579567
cutoffs,point,-0.2782387050391169,7.4592549655316205
cutoffs,point,-0.33511875918581013,5.664229316675167
cutoffs,point,-0.35016500491672076,5.424149912727137
cutoffs,point,-0.37445564648774293,6.364041330447233
cutoffs,point,-0.06868089168900415,4.99953042216428
cutoffs,point,-0.5294025783460565,4.681466704405374
cutoffs,point,-0.2652646378611556,4.4178657646814
cutoffs,point,-0.3593013756270634,5.821158934002358
cutoffs,point,-0.5870722616941008,6.17465553639645
cutoffs,point,-0.2985301097131967,4.253471123931836
cutoffs,point,-0.19079728027401446,7.020982073448714
cutoffs,point,-0.219321610025074,7.076913231505737
cutoffs,point,-0.44443830893985026,6.193172147730838
cutoffs,point,-0.15713055670352805,4.263475353152945
cutoffs,point,-0.5435936429818337,4.9074236173188845
cutoffs,point,-0.3030934307382295,4.770390520494318
cutoffs,point,-0.30527608796973527,4.696769256190016
cutoffs,point,-0.258893165495707,4.924952514668336
cutoffs,point,-0.23502400109660454,7.742245273124148
cutoffs,point,-0.3170551033681499,6.43646844519927
cutoffs,point,-0.3379318729839482,6.183472093354286
cutoffs,point,-0.534560633747358,6.8424723953103515
cutoffs,point,-0.08789207605548077,7.292002366864444
cutoffs,point,-0.3606027054476013,4.841508461139468
cutoffs,point,-0.44749080381911455,5.982728937747331
cutoffs,point,-0.14326551675264104,6.736493627574242
cutoffs,point,-0.4254952280354316,4.4898737462738065
cutoffs,point,-0.6066082129129196,7.470066996923222
cutoffs,point,-0.5875023045857078,6.563698816985239
cutoffs,point,-0.03,7.654211800667786
cutoffs,point,-0.3301930980365721,5.831006337298813
cutoffs,point,-0.5533777683436458,7.198278507049647
cutoffs,point,-0.4128260355482946,4.351848829467235
cutoffs,point,-0.5737271580177434,4.0
cutoffs,point,-0.5075891706873119,4.37289568282946
cutoffs,point,-0.4110732035451592,5.328454345097396
cutoffs,point,-0.16169143339385453,6.346079896905011
cutoffs,point,-0.5156652086011932,5.636143586072414
cutoffs,point,-0.6165688818893668,4.100922966433955
cutoffs,point,-0.4307089870944513,6.3241751246724895
cutoffs,point,-0.1884451085197724,4.461456353980335
cutoffs,point,-0.2337261570591176,5.056256849395984
cutoffs,point,-0.6383418970469867,8.0
cutoffs,point,-0.5105690158249767,6.88506059195518
cutoffs,point,-0.18212502713868928,5.835346779546869
cutoffs,point,-0.4770421959829875,6.136197276059227
cutoffs,point,-0.25909721313429607,5.008844159773594
cutoffs,point,-0.5059716706344097,7.201967424535013
cutoffs,point,-0.129221925760787,4.607976730670216
cutoffs,point,-0.40599051851282625,5.319483233460647
cutoffs,point,-0.31671743868349184,4.914842443936066
cutoffs,point,-0.450021834989644,5.242370415665203
cutoffs,point,-0.5204324372907627,5.1696824431581305
cutoffs,point,-0.2877820226122966,5.850913936428146
cutoffs,point,-0.6133589010582812,4.079464331969932
cutoffs,point,-0.03,5.994708938789181
cutoffs,point,-0.6609571192702486,5.557556777042329
cutoffs,point,-0.5354747799502089,7.44742974895485
cutoffs,point,-0.6381806529976335,5.920284868679283
cutoffs,point,-0.25771208419875485,8.0
cutoffs,point,-0.5445532909345747,4.96034603381987
cutoffs,point,-0.15651278573888153,5.127329289991448
cutoffs,point,-0.03,5.431993635014223
cutoffs,point,-0.5149651282579129,5.211277117041055
cutoffs,point,-0.5428051075066873,4.427433228111531
cutoffs,point,-0.38306019897492805,5.562966151998479
cutoffs,point,-0.41071406149710954,5.736755594602448
cutoffs,point,-0.6409892894378785,7.608091182379896
cutoffs,point,-0.47477714013804884,5.743435810043871
cutoffs,point,-0.29902215100080365,6.358221281693476
cutoffs,point,-0.03,6.345464149452091
cutoffs,point,-0.5707709811062902,6.325393194607386
cutoffs,point,-0.3530568906160309,4.0
cutoffs,point,-0.2703329802696625,5.760653363400245
cutoffs,point,-0.5169665476108195,7.632770661832857
cutoffs,point,-0.41427277476080665,6.682663219970665
cutoffs,point,-0.3269574265832651,6.082336986653206
cutoffs,point,-0.42539385460318346,4.501868203013756
cutoffs,point,-0.4130683215554827,6.695401699168674
cutoffs,point,-0.37787563646369426,7.514722281340822
cutoffs,point,-0.25731655823022914,6.571066900229088
cutoffs,point,-0.6572206949059127,7.507497746407593
cutoffs,point,-0.4062000212663161,7.493348875091049
cutoffs,point,-0.4699079506620948,6.389241077868728
cutoffs,point,-0.4226783188522834,4.418164453608034
cutoffs,point,-0.43370005231023173,6.256846263692884
cutoffs,point,-0.4383831617453455,4.530045578320959
cutoffs,point,-0.30572531624414545,4.393676591636821
cutoffs,point,-0.43772307804036803,6.305598381693842
cutoffs,point,-0.2604012101186944,6.077267787755919
cutoffs,point,-0.20187574535207975,6.31664720682549
cutoffs,point,-0.5495046554853734,5.728913667674922
cutoffs,point,-0.26958360654138863,6.742744947609718
cutoffs,point,-0.72,8.0
cutoffs,point,-0.4220731458230315,5.696049658597017
cutoffs,point,-0.4585497943146132,8.0
cutoffs,point,-0.3953847655167085,6.546119219066795
cutoffs,point,-0.35305834899051247,6.626168812178256
cutoffs,point,-0.42119348359970055,5.120932985259771
cutoffs,point,-0.03,4.406739192003167
cutoffs,point,-0.27999757665448743,6.573745625285416
cutoffs,point,-0.5173080108229787,6.809947368052848
cutoffs,point,-0.6333958391407692,6.545093252825745
cutoffs,point,-0.444962943358862,8.0
cutoffs,point,-0.3016726813090149,6.121516915700695
cutoffs,point,-0.4709964019433023,5.162566466388772
cutoffs,point,-0.5177459898941725,5.063797796353042
cutoffs,point,-0.1339387461696624,4.2874264371142585
cutoffs,point,-0.5564310918766306,7.80467098683286
cutoffs,point,-0.3929980595104325,5.274533224891443
cutoffs,point,-0.07899382510641789,4.443157856490613
cutoffs,point,-0.7099025098739433,6.122430689311037
cutoffs,point,-0.2818283983531636,5.858144669420291
cutoffs,point,-0.4299715007477008,5.7955223898804755
cutoffs,point,-0.18499214211399567,4.8278207137757345
cutoffs,point,-0.4259765347005602,5.782478132835515
cutoffs,point,-0.3885839986724674,5.1982463531722
cutoffs,point,-0.22506175130820447,6.251268476979471
cutoffs,point,-0.25595650322891444,7.555609103737436
cutoffs,point,-0.44856102752657756,4.614086037830082
cutoffs,point,-0.2930861281806707,4.9405380589458305
cutoffs,point,-0.30539371757927114,5.389213562961216
cutoffs,point,-0.18691695905211908,8.0
cutoffs,point,-0.72,6.385999093351266
cutoffs,point,-0.23994822397961957,5.251295614234101
cutoffs,point,-0.43436267905200693,6.34968764174626
cutoffs,point,-0.24036895129251087,5.3461403788790545
cutoffs,point,-0.4994871111706703,4.524723215431481
cutoffs,point,-0.5362196208444714,5.549636617851919
cutoffs,point,-0.5046838423192604,6.423317918205912
cutoffs,point,-0.5250800067970951,5.793734589244553
cutoffs,point,-0.4796766298723924,4.0
cutoffs,point,-0.6602587323993587,5.832766975986013
cutoffs,point,-0.3194767611157676,6.6393238212303896
cutoffs,point,-0.07935866678182063,5.54570489188346
cutoffs,point,-0.6373608549219264,7.391723245749952
cutoffs,point,-0.6027732860661529,4.0
cutoffs,point,-0.5102997785440125,4.0
cutoffs,point,-0.5150346467061784,6.366895961803033
cutoffs,point,-0.388837029963218,5.547267002453986
cutoffs,point,-0.29109526385089984,6.026779778674957
cutoffs,point,-0.1502210205160491,6.110951383052848
cutoffs,point,-0.2674030029852015,6.537301135970811
cutoffs,point,-0.4801608910715197,5.957428659031001
cutoffs,point,-0.47833474897676653,4.372649757853377
cutoffs,point,-0.06428208570389254,6.705138912079247
cutoffs,point,-0.3788760974316747,5.555310510841675
cutoffs,point,-0.32172086160552427,6.517073629285236
cutoffs,point,-0.661179633539589,5.402785270235104
cutoffs,point,-0.6335101893912077,4.881287370492195
cutoffs,point,-0.4417213689580872,5.3273926336069914
cutoffs,point,-0.6854899050521546,5.135564011590041
cutoffs,point,-0.353587569983283,5.792151012708084
cutoffs,point,-0.24999073110445869,5.537218115186038
cutoffs,point,-0.41741202861677595,7.2852823721941125
cutoffs,point,-0.2564804317215245,5.920022332264693
cutoffs,point,-0.4725572573154264,5.295412391033203
cutoffs,point,-0.72,5.312772205128458
cutoffs,point,-0.2677073761039661,5.479368179089216
cutoffs,point,-0.3578870278868864,8.0
cutoffs,point,-0.5349249432618379,4.0
cutoffs,point,-0.5086053075283644,5.246065160807361
cutoffs,point,-0.3301107753925269,7.494636121140409
cutoffs,point,-0.26154549012393646,8.0
cutoffs,point,-0.3723225647781541,4.0
cutoffs,point,-0.09396297412614213,4.457716579841244
cutoffs,point,-0.38929692408166544,4.781774209824707
cutoffs,point,-0.5168596820615552,5.235302139356281
cutoffs,point,-0.715893796295879,4.4934625945399285
cutoffs,point,-0.3148991057457288,6.487104347526486
cutoffs,point,-0.23922952112860854,4.6082238794849335
cutoffs,point,-0.21654477158269528,4.0
cutoffs,point,-0.2634745644536032,5.871863480203532
cutoffs,point,-0.5003693909164956,6.749574446951119
cutoffs,point,-0.5418645928219806,6.1721984910363386
cutoffs,point,-0.47445159664706615,5.611262220642988
cutoffs,point,-0.5213024368787014,6.740387263877906
cutoffs,point,-0.72,5.715959826657397
cutoffs,point,-0.72,7.291875116434365
cutoffs,point,-0.10856894160414055,7.047398685893195
cutoffs,point,-0.4633683231994426,5.769005240049011
cutoffs,point,-0.13655893579983816,5.357735914070907
cutoffs,point,-0.497669224984332,5.936993464349382
cutoffs,point,-0.651841971007435,6.857909324087043
cutoffs,point,-0.3070613469782186,5.855091373502034
cutoffs,point,-0.72,4.180082919534272
cutoffs,point,-0.72,6.741110084548992
cutoffs,point,-0.1741243730259157,6.1706006334478545
cutoffs,point,-0.03,6.401861212540488
cutoffs,point,-0.41400965313903415,6.914408941831063
cutoffs,point,-0.5449816435703935,5.803693297851179
cutoffs,point,-0.44468315140337805,6.6656937094204105
cutoffs,point,-0.6134031788751517,5.969032303946193
cutoffs,point,-0.24107032273157372,8.0
cutoffs,point,-0.05375650044758107,5.688823912356017
cutoffs,point,-0.2320031789623961,4.80190927229377
cutoffs,point,-0.72,6.46604454844907
cutoffs,point,-0.17896395279979282,6.852237368471031
cutoffs,point,-0.30535962199253935,4.871840180068178
cutoffs,point,-0.03565504059306546,6.28722368743477
cutoffs,point,-0.03,4.879221732835945
cutoffs,point,-0.5802411628964429,4.886969759750087
cutoffs,point,-0.3075374289142915,6.018940059982961
cutoffs,point,-0.5123897020100497,5.805569364988056
cutoffs,point,-0.3807353785855999,5.39770893420353
cutoffs,point,-0.23704343319666882,4.9928798052557655
cutoffs,point,-0.12360069298105453,6.533775226424679
cutoffs,point,-0.6612788087284975,5.271055932022771
cutoffs,point,-0.5742839239852263,6.720019522136422
cutoffs,point,-0.6268693129656696,5.78061161729054
cutoffs,point,-0.31224615765765446,7.8235943460082265
cutoffs,point,-0.3198179593715666,5.1774464774626425
cutoffs,point,-0.1659536507202496,4.0
cutoffs,point,-0.47648915425453875,8.0
cutoffs,point,-0.13730766366198546,4.979839670746177
cutoffs,point,-0.2664918816244513,6.40105864613584
cutoffs,point,-0.44803015348574693,5.991664062425253
cutoffs,point,-0.43213372662642785,6.03791003282277
cutoffs,point,-0.5772661010958464,5.190101276091769
cutoffs,point,-0.30904762669922053,5.256769431304893
cutoffs,point,-0.36485327647252813,4.0
cutoffs,point,-0.30817099195999886,4.316787107581424
cutoffs,point,-0.3904352569148017,5.2197737555012935
cutoffs,point,-0.33835604110737083,5.1238329710915895
cutoffs,point,-0.28161527238265643,7.056244731193977
cutoffs,point,-0.5301739814459615,6.149583099772367
cutoffs,point,-0.4994621196154926,4.547727625869451
cutoffs,point,-0.6181941171484961,5.862694004959893
cutoffs,point,-0.06285190608553132,5.174971958811124
cutoffs,point,-0.32863536401603666,6.014853514582752
cutoffs,point,-0.43475867742128055,6.4370078585803
cutoffs,point,-0.03,4.768933437886316
cutoffs,point,-0.44357098417649016,7.33274943135425
cutoffs,point,-0.24103925601656861,6.957357422024472
cutoffs,point,-0.4145170814847362,4.957533366859834
cutoffs,point,-0.5512915501415259,6.436971886950265
cutoffs,point,-0.38938114432933807,4.770190400421653
cutoffs,point,-0.46788793112410415,7.126955106482464
cutoffs,point,-0.43522551343628035,7.529123453711061
cutoffs,point,-0.6104765017283852,4.4062090328684445
cutoffs,point,-0.2161223034461667,7.01119643573982
cutoffs,point,-0.7139245763211545,5.888853741149977
cutoffs,point,-0.32851676858121426,5.992000765728042
cutoffs,point,-0.3662965384173447,6.241683015523276
cutoffs,point,-0.180447043864515,4.855591477250814
cutoffs,point,-0.558495311357239,6.8954209103862585
cutoffs,point,-0.06757725083247912,4.424536669541166
cutoffs,point,-0.72,6.828263137381273
cutoffs,point,-0.049481409428907,6.226632452449734
cutoffs,point,-0.37915711480367476,5.117693022477478
cutoffs,point,-0.38113107321330664,5.31112244138302
cutoffs,point,-0.479694891171462,4.7412289322888075
cutoffs,point,-0.5395882031798875,5.707888099595871
cutoffs,point,-0.21135968454361195,5.92315933637316
cutoffs,point,-0.11786989598567754,4.52710388661238
cutoffs,point,-0.2404358712807674,6.464693487482108
cutoffs,point,-0.43092592385633743,4.304384137599152
cutoffs,point,-0.46999251632021555,6.53033166213453
cutoffs,point,-0.27806403105394006,6.59400079746991
cutoffs,point,-0.28878212410478876,6.4193676020733905
cutoffs,point,-0.4110533778135295,6.720377315380034
cutoffs,point,-0.15818734280940772,4.719143818250836
cutoffs,point,-0.45838831297732135,4.907731286302276
cutoffs,point,-0.6345772816894686,5.0202679155028305
cutoffs,point,-0.5085161665817741,4.741458951073426
cutoffs,point,-0.46402870166411414,7.122898940485394
cutoffs,point,-0.3711382380181171,5.131271746613594
cutoffs,point,-0.5605306964392986,5.546804669114615
cutoffs,point,-0.37401300201326937,5.2643444777642685
cutoffs,point,-0.2467276148508404,4.844489499106139
cutoffs,point,-0.41719680427848915,4.400854707698617
cutoffs,point,-0.3232594777407374,5.636351774869378
cutoffs,point,-0.3792784452694639,7.207853958292782
cutoffs,point,-0.6038316746082244,5.699388477547025
cutoffs,point,-0.38081513783613447,5.903614163169617
cutoffs,point,-0.19164117108338222,7.306838188539726
cutoffs,point,-0.20028841551719012,5.421640513041732
cutoffs,point,-0.2607643025387134,4.297624766266365
cutoffs,point,-0.22701199350293935,4.942983708564917
cutoffs,point,-0.32640479928248206,6.465753688973856
cutoffs,point,-0.4418957035954128,4.190921814384873
cutoffs,point,-0.3611437130768798,5.753156016340895
cutoffs,point,-0.19588203368939933,7.450323081301345
cutoffs,point,-0.03,4.81710834793782
cutoffs,point,-0.5743032656465245,7.0301636142093535
cutoffs,point,-0.23275517914440103,5.629243423971496
cutoffs,point,-0.7000533276838525,5.971039286461709
cutoffs,point,-0.5036006514856077,5.769107708734233
cutoffs,point,-0.4689025325350611,5.639913678944515
cutoffs,point,-0.03,4.310690917192312
cutoffs,point,-0.19985890422208408,8.0
cutoffs,point,-0.35020885331540563,4.0
cutoffs,point,-0.28074493806659406,7.381986603676692
cutoffs,point,-0.23879524435225952,6.53807444918516
cutoffs,point,-0.14350299946040815,5.533921378347207
cutoffs,point,-0.2843161693211107,8.0
cutoffs,point,-0.28882159651116224,6.334796012783254
cutoffs,point,-0.4288032978404226,5.646591783622592
cutoffs,point,-0.2701479163900675,5.544892280976997
cutoffs,point,-0.33464645045070185,6.023374101973114
cutoffs,point,-0.536647818886116,5.932058182376492
cutoffs,point,-0.10047014960811346,6.453663724185681
cutoffs,point,-0.4161093774604187,6.8603912558206295
cutoffs,point,-0.4274160882113128,7.192558757798594
cutoffs,point,-0.3425904381560403,5.773033253546479
cutoffs,point,-0.5901868035492843,5.272939979733468
cutoffs,point,-0.72,6.804525478360796
cutoffs,point,-0.3074259264169913,4.557751734937614
cutoffs,point,-0.4051314659774756,4.772073613689155
cutoffs,point,-0.2925659687624994,7.23143724529517
cutoffs,point,-0.4008690283711081,6.033056141662831
cutoffs,point,-0.4199024138801824,6.72462025540781
cutoffs,point,-0.72,5.782166716068513
cutoffs,point,-0.72,8.0
cutoffs,point,-0.2698693369840403,4.523868822357826
cutoffs,point,-0.6299724732133494,5.643737697568344
cutoffs,point,-0.5571139408910916,5.121863288562416
cutoffs,point,-0.3544291284592233,8.0
cutoffs,point,-0.38226940597517944,7.17558104696182
cutoffs,point,-0.566463556853293,5.515642405502678
cutoffs,point,-0.72,6.347644070283217
cutoffs,point,-0.6011041808806472,7.263457477933896
cutoffs,point,-0.3746223894576922,5.537612521133939
cutoffs,point,-0.563911037333616,7.9773675550885494
cutoffs,point,-0.16059061676139683,7.616421023503206
cutoffs,point,-0.4504601213295109,4.0
cutoffs,point,-0.37186133436381635,6.028024733079414
cutoffs,point,-0.5952711386073817,5.331399698546585
cutoffs,point,-0.4932934639453213,4.945039174978709
cutoffs,point,-0.36618079598775644,5.864965337587207
cutoffs,point,-0.3917024573058477,4.0
cutoffs,point,-0.30370967462595627,7.400325366845331
cutoffs,point,-0.20499700119835593,5.604630477351327
cutoffs,point,-0.2732220189164303,6.654060980625478
cutoffs,point,-0.43256010901150665,7.57620696013729
cutoffs,point,-0.2574632885356829,4.937083874368302
cutoffs,point,-0.601444087535921,8.0
cutoffs,point,-0.5400769377610664,5.781605658524826
cutoffs,point,-0.5676676821546658,5.777245578012711
cutoffs,point,-0.5848320763350552,6.197733302428311
cutoffs,point,-0.3974730367752653,5.15092737264067
cutoffs,point,-0.28721451613896665,5.330322384369143
cutoffs,point,-0.2338007129828372,6.970984095168925
cutoffs,point,-0.23396371861988596,6.783153420897557
cutoffs,point,-0.4334966708062779,4.0
cutoffs,point,-0.4204328809629272,4.0
cutoffs,point,-0.30965289434334664,5.054007948627383
cutoffs,point,-0.4189005877368884,5.393875139136467
cutoffs,point,-0.4653037664215033,7.460644197461882
cutoffs,point,-0.3336904840086788,4.468766986238619
cutoffs,point,-0.6414690973248308,5.641599813799129
cutoffs,point,-0.48402865329664696,7.466512892604679
cutoffs,point,-0.42427379306817325,5.96960678568224
cutoffs,point,-0.38014404587138517,7.398982257809357
cutoffs,point,-0.5579881678813295,4.412157550156482
cutoffs,point,-0.72,6.725044765419488
cutoffs,point,-0.665390053144783,5.874379497455075
cutoffs,point,-0.6618944972415239,5.017597476763949
cutoffs,point,-0.4221183295142486,6.934040490022389
cutoffs,point,-0.11302298701221858,7.2141660687109495
cutoffs,point,-0.47053579545913504,5.607885846156672
cutoffs,point,-0.5393996343898106,6.423358111753491
cutoffs,point,-0.19928930562914718,6.095254445412155
cutoffs,point,-0.5127358213022946,5.55863742430612
cutoffs,point,-0.5886856181163268,8.0
cutoffs,point,-0.6006029018169471,5.546076545021272
cutoffs,point,-0.4222446682115668,4.507084400396555
cutoffs,point,-0.21066030843426992,5.180865386237149
cutoffs,point,-0.5749394923035209,6.3431573117103826
cutoffs,point,-0.3138069158860347,5.364164504001863
cutoffs,point,-0.5668597733891242,6.008142348434167
cutoffs,point,-0.2632958663746211,5.212114172880123
cutoffs,point,-0.3682422697955679,6.358219944764727
cutoffs,point,-0.5296090281353525,6.464067593774666
cutoffs,point,-0.49614395675331197,8.0
cutoffs,point,-0.4612119217925993,6.34791249913642
cutoffs,point,-0.5079649669864599,7.256070563371509
cutoffs,point,-0.6246732326906281,6.99046243950302
cutoffs,point,-0.3878767594281795,6.01211453136349
cutoffs,point,-0.5040779893263583,4.796659903080473
cutoffs,point,-0.6840350511995379,5.063038055486507
cutoffs,point,-0.45457885750880334,7.0674926729715875
cutoffs,point,-0.22732961832518975,4.838342571087237
cutoffs,point,-0.5674781093661256,5.1275005105197
cutoffs,point,-0.3640983289044206,5.644979259964863
cutoffs,point,-0.34630934302962363,5.938364330669576
cutoffs,point,-0.1869442324939329,6.092234834481382
cutoffs,point,-0.3436125040886293,7.3090610242299245
cutoffs,point,-0.48927949095209927,5.212644383295682
cutoffs,point,-0.3018160328314284,6.866458853215023
cutoffs,point,-0.31287006848135823,5.099653094308485
cutoffs,point,-0.5861754197160686,5.754928455069215
cutoffs,point,-0.7023327989136867,5.859760366226404
cutoffs,point,-0.18686321152560734,6.639813803221493
cutoffs,point,-0.515335965749369,6.244219913159353
cutoffs,point,-0.4918160330114305,5.462612143038528
cutoffs,point,-0.25458592643817624,6.827483916461901
cutoffs,point,-0.06825692448256504,4.6923970962377055
cutoffs,point,-0.17402561008092204,4.2841262871832955
cutoffs,point,-0.543345183182928,5.020115057085615
cutoffs,point,-0.6088040067043456,4.590414041924378
cutoffs,point,-0.4625344008057311,5.119547256662649
cutoffs,point,-0.3430302110143663,4.826175160141161
cutoffs,point,-0.19764912705691534,7.065822376868397
cutoffs,point,-0.4838959646587809,7.522787203362619
cutoffs,point,-0.12241829021944628,4.522715270036337
cutoffs,point,-0.713799689692112,5.661665547449759
cutoffs,point,-0.425019178671614,6.245821126571269
cutoffs,point,-0.2856705949270271,5.561530287927533
cutoffs,point,-0.3064131301735201,6.071861456593596
cutoffs,point,-0.3280373520547811,6.365928292006187
cutoffs,point,-0.19758262105684718,4.9128776612975615
cutoffs,point,-0.061579774666989884,4.577905954774236
cutoffs,point,-0.4529314732685466,5.729856074580513
cutoffs,point,-0.55497737486415,4.734953133374533
cutoffs,point,-0.5495902408461966,4.0
cutoffs,point,-0.48911316910358943,5.9220280340975915
cutoffs,point,-0.1970742165209438,5.822559003639269
cutoffs,point,-0.23361044587560084,6.615139960554718
cutoffs,point,-0.4554296864039879,5.246689950800841
cutoffs,point,-0.38795087022693736,5.6664589229064415
cutoffs,point,-0.3804406267872637,7.055134125211048
cutoffs,point,-0.72,7.2025590305072145
cutoffs,point,-0.2784202381513404,4.508929357596161
cutoffs,point,-0.5638731749043973,6.540281162421872
cutoffs,point,-0.03,4.610657122309382
cutoffs,point,-0.2805956252248393,6.82313006114892
cutoffs,point,-0.6103472955956898,5.285743914347683
cutoffs,point,-0.5051215008184503,6.062041593427776
cutoffs,point,-0.5769167802231667,6.510040608837104
cutoffs,point,-0.22038472656857727,4.747525969778201
cutoffs,point,-0.37923747329239893,5.1244078475748625
cutoffs,point,-0.12360205580080497,7.16757611058086
cutoffs,point,-0.4686734744433191,4.0
cutoffs,point,-0.5925685444716089,5.288422758467737
cutoffs,point,-0.45659838314423323,5.590466437762235
cutoffs,point,-0.49063733591593667,4.0
cutoffs,point,-0.5443095291805566,6.1979355171685135
cutoffs,point,-0.1763712081202182,5.14109292562469
cutoffs,point,-0.1552822150054011,5.3442296672228915
cutoffs,point,-0.3996288535854802,7.357450263162784
cutoffs,point,-0.3096865091569504,5.7767795532085975
cutoffs,point,-0.17603487932160242,8.0
cutoffs,point,-0.3038271327029364,4.048452631338595
cutoffs,point,-0.4783777498095716,5.256362593226077
cutoffs,point,-0.510907386158735,4.0
cutoffs,point,-0.38549315305132015,6.689724564498077
cutoffs,point,-0.2615070945154945,5.998929640308027
cutoffs,point,-0.1885542519271624,5.525970533036928
cutoffs,point,-0.11826464482396848,5.43228402219922
cutoffs,point,-0.36587795696422076,7.00489612486467
cutoffs,point,-0.38588278012082233,7.200905730579651
cutoffs,point,-0.4211461770703915,5.857195489009049
cutoffs,point,-0.3198250801588626,6.4089056917970115
cutoffs,point,-0.34635383105590556,5.749584988705123
cutoffs,point,-0.03,5.406055344983474
cutoffs,point,-0.72,6.085171421702579
cutoffs,point,-0.1701595550580478,4.676899793357652
cutoffs,point,-0.6525879503291103,7.8571357278421345
cutoffs,point,-0.5014751711948325,5.663574341627726
cutoffs,point,-0.03,8.0
cutoffs,point,-0.5956073404368298,5.369817788721192
cutoffs,point,-0.4900913651373057,5.751657833690287
cutoffs,point,-0.4870809073404173,6.095684058634468
cutoffs,point,-0.3363698613289751,5.842870852737037
cutoffs,point,-0.5783567728449084,7.004606868457723
cutoffs,point,-0.534055411562132,4.0
cutoffs,point,-0.40090968279844735,7.00790597537151
cutoffs,point,-0.48118986637882,6.65731789772344
cutoffs,point,-0.26047565239776316,4.0
cutoffs,point,-0.2948177354166368,4.811516583803822
cutoffs,point,-0.3568781723498728,6.8915576490818395
cutoffs,point,-0.4481725150888933,5.659094242797462
cutoffs,point,-0.5877039792593979,7.000330002230996
cutoffs,point,-0.4492323151804041,4.0
cutoffs,point,-0.33424698370619216,4.0
cutoffs,point,-0.3736819034120662,6.004760662362733
cutoffs,point,-0.28481451420521287,7.5956272939708365
cutoffs,point,-0.33016445443061715,6.395591869529732
cutoffs,point,-0.72,5.897354358014939
cutoffs,point,-0.6306501373248812,5.211373883299306
cutoffs,point,-0.1443890401496214,5.567849098771109
cutoffs,point,-0.632141087616795,4.178170324451596
cutoffs,point,-0.20104483296526296,5.857535836039411
cutoffs,point,-0.49851346288150133,6.9177444885885295
cutoffs,point,-0.5043405108554723,4.870352423448553
cutoffs,point,-0.5308271222534922,7.087674247829891
cutoffs,point,-0.4350306440349491,4.301962940151619
cutoffs,point,-0.5693941888169274,5.428872424822365
cutoffs,point,-0.07340975262337224,4.985229108788202
cutoffs,point,-0.72,7.447775454371605
cutoffs,point,-0.39652029940597316,5.398490839020683
cutoffs,point,-0.29207837524228325,5.546680969002866
cutoffs,point,-0.3933724645459192,6.012715425791952
cutoffs,point,-0.6595790712312468,5.404358902026948
cutoffs,point,-0.41071238815371663,6.028783200785003
cutoffs,point,-0.47588734582634384,6.924944922103567
cutoffs,point,-0.16201010064051202,6.442622518961562
cutoffs,point,-0.64269733805451,5.7640696556037865
cutoffs,point,-0.286098863427782,4.465965914709899
cutoffs,point,-0.5412899279130883,7.008054003927042
cutoffs,point,-0.29532189555869526,5.871004236924072
cutoffs,point,-0.6548114972792431,4.0
cutoffs,point,-0.27176812710333453,5.620840003159083
cutoffs,point,-0.43184183330638537,4.644895551516468
cutoffs,point,-0.4748111614580464,5.280597340879839
cutoffs,point,-0.26445957183282587,4.561781050410211
cutoffs,point,-0.72,6.999740781426615
cutoffs,point,-0.32382543610904246,6.081950296042402
cutoffs,point,-0.42485522998759384,5.16000866431216
cutoffs,point,-0.716327842786158,6.014929224543001
cutoffs,point,-0.6306513124575025,5.399483502634144
cutoffs,point,-0.26101573757189056,6.403626095301487
cutoffs,point,-0.22474055069846488,5.833050349585707
cutoffs,point,-0.3839099832441056,5.005442417073452
cutoffs,point,-0.6834802833440549,6.084894258275874
cutoffs,point,-0.5762470311534393,6.666452693766763
cutoffs,point,-0.6524128336657615,4.937289048222027
cutoffs,point,-0.35895112604937957,6.2202630312019425
cutoffs,point,-0.44642833787714914,7.330197856939026
cutoffs,point,-0.44034731575699015,5.207830180963482
cutoffs,point,-0.3652827393097586,5.822238268479736
cutoffs,point,-0.2992358341095783,7.747637617607195
cutoffs,point,-0.5555821142990087,8.0
cutoffs,point,-0.16337561959375926,5.689155139971249
cutoffs,point,-0.4463173906953819,6.181300701053587
cutoffs,point,-0.5898336429506397,6.695646613673107
cutoffs,point,-0.5844135737082342,5.324500393794031
cutoffs,point,-0.2827168847455533,6.773453358190948
cutoffs,point,-0.29606034914376705,4.614317459932786
cutoffs,point,-0.1464279565717323,4.0
cutoffs,point,-0.3406317933710192,4.4917356132070925
cutoffs,point,-0.3329831763599245,4.0
cutoffs,point,-0.44826406695229976,6.141102954536789
cutoffs,point,-0.046800434998988616,7.493160876784493
cutoffs,point,-0.3101421981474237,7.674773115900997
cutoffs,point,-0.2661083549002027,5.75584262477155
cutoffs,point,-0.5878215594519669,5.609297652050673
cutoffs,point,-0.72,5.36693875921288
cutoffs,point,-0.4413322152195126,7.400399139342289
cutoffs,point,-0.409402844990795,6.030796772556559
cutoffs,point,-0.29128496304275286,5.440532669118281
cutoffs,point,-0.3718406577423826,4.939524229216017
cutoffs,point,-0.08387229697691517,6.263777025133798
cutoffs,point,-0.250418616965632,5.07306644629867
cutoffs,point,-0.36980447531287886,6.826556762053418
cutoffs,point,-0.72,4.583629613067161
cutoffs,point,-0.2123178055704014,6.4331476411729485
cutoffs,point,-0.29160907384757495,7.586310728001512
cutoffs,point,-0.4843348635842323,5.905536594805442
cutoffs,point,-0.5527921332725906,5.334590755164891
cutoffs,point,-0.0713906121102062,4.938227422068213
cutoffs,point,-0.3059498469858828,6.778096575706577
cutoffs,point,-0.2521761676941536,5.791020471804965
cutoffs,point,-0.5085885438361258,5.640554218819949
cutoffs,point,-0.43853633124148783,5.8459207770456265
cutoffs,point,-0.38416551355851924,6.6402152794898885
cutoffs,point,-0.539446520977568,6.484303910587493
cutoffs,point,-0.26702690923456573,6.002588149966445
cutoffs,point,-0.29150657823414056,5.642941110466042
cutoffs,point,-0.36457179896010605,6.588047522585079
cutoffs,point,-0.574131738782891,6.438203672837303
cutoffs,point,-0.21854107807900452,6.143577263031576
cutoffs,point,-0.19176360611765203,6.096461176872083
cutoffs,point,-0.2438539258352629,4.558938238796907
cutoffs,point,-0.323735987603539,5.650226783750455
cutoffs,point,-0.5572213545792895,4.538045108644791
cutoffs,point,-0.5310190419433379,6.3896267515583265
cutoffs,point,-0.15687701160021114,6.641386910311063
cutoffs,point,-0.7107562561540826,5.699493365597416
cutoffs,point,-0.031569663524469715,6.140902133968095
cutoffs,point,-0.380827008661212,6.150014026188538
cutoffs,point,-0.39956293709571,6.0788758927165105
cutoffs,point,-0.3192733766457413,5.29515361983225
cutoffs,point,-0.40266223728983724,5.504904152200703
cutoffs,point,-0.2563635032194492,5.942673931996468
cutoffs,point,-0.20763335059803528,6.660367526353367
cutoffs,point,-0.5458977244791556,5.704399502793174
cutoffs,point,-0.32162352594818455,5.68717031149593
cutoffs,point,-0.4367150961429823,6.362975375247381
cutoffs,point,-0.22034394714858865,5.113555427826036
cutoffs,point,-0.5143373276733278,6.849324955756902
cutoffs,point,-0.40650067292099307,6.893952057885838
cutoffs,point,-0.6098261789478137,4.809800897138881
cutoffs,point,-0.5552582660356646,6.302464588607739
cutoffs,point,-0.2094480317553557,6.012519093348807
cutoffs,point,-0.4190872377447681,4.96534092536552
cutoffs,point,-0.35656450563957137,6.4871608315967055
cutoffs,point,-0.5187449898858739,7.668037942462683
cutoffs,point,-0.19907403898333995,5.77426035624395
cutoffs,point,-0.2775717789460906,6.27389513187175
cutoffs,point,-0.17753437746332512,5.944493497333419
cutoffs,point,-0.6159718364148499,6.548085049672661
cutoffs,point,-0.6304979148665555,4.826350712986562
cutoffs,point,-0.45400103953082216,6.781121332343698
cutoffs,point,-0.22001463718421688,6.1511819217412995
cutoffs,point,-0.6101241342298207,6.960952521238675
cutoffs,point,-0.5165658708933571,6.126033713677897
cutoffs,point,-0.16709075917833754,4.5938695580716775
cutoffs,point,-0.43879928801470736,6.462710206703795
cutoffs,point,-0.6537223512118426,7.178202492540045
cutoffs,point,-0.2248278955268412,6.71390639549737
cutoffs,point,-0.11358916078855646,4.0
cutoffs,point,-0.20327647297013432,5.800421502878896
cutoffs,point,-0.21048145506382565,5.435483870599396
cutoffs,point,-0.5403712692056539,6.7553257722931
cutoffs,point,-0.6053141678270586,5.902974490293752
cutoffs,point,-0.44090694881210546,6.934684506582246
cutoffs,point,-0.4914857494262757,7.3215745203438205
cutoffs,point,-0.6703773985031827,6.726817668054752
cutoffs,point,-0.5477721046860174,5.707344487291375
cutoffs,point,-0.72,5.087044048916708
cutoffs,point,-0.5178282337630323,4.221687817197462
cutoffs,point,-0.4040743538909117,4.0
cutoffs,point,-0.08601857078441305,5.285147340871192
cutoffs,point,-0.20753735943269816,6.416797331236993
cutoffs,point,-0.6469313672384445,5.282172793780856
cutoffs,point,-0.177448297724027,5.920039001985558
cutoffs,point,-0.6395129933883896,5.836225199240477
cutoffs,point,-0.5568713575271527,8.0
cutoffs,point,-0.45048776273003543,7.079160508393261
cutoffs,point,-0.45054123976160154,5.192274145259362
cutoffs,point,-0.6619479812615963,5.220382992992973
cutoffs,point,-0.595226998661981,5.7012709499298255
cutoffs,point,-0.43399203982874707,8.0
cutoffs,point,-0.72,5.1320563644386255
cutoffs,point,-0.2432863084055135,6.027766835138331
cutoffs,point,-0.30692675389142837,6.25338668919601
cutoffs,point,-0.4213013017876515,5.929582832417581
cutoffs,point,-0.4510828985853883,4.518673359465064
cutoffs,point,-0.24017299446111834,8.0
cutoffs,point,-0.229513113154454,4.775989316180587
cutoffs,point,-0.5114266935767928,7.706623361911417
cutoffs,point,-0.2185182679052007,8.0
cutoffs,point,-0.5995200616015849,5.597002264858431
cutoffs,point,-0.19028311841230267,6.460726343483981
cutoffs,point,-0.10072745397326538,6.743335354538172
cutoffs,point,-0.34180985475916065,4.0
cutoffs,point,-0.3425065367960681,5.425874471044894
cutoffs,point,-0.3329131482085661,5.611196093577386
cutoffs,point,-0.413970514986034,7.0443123414860205
cutoffs,point,-0.3897416579050146,8.0
cutoffs,point,-0.4325754395967696,4.0
cutoffs,point,-0.7091903642825158,4.61768986273627
cutoffs,point,-0.35818288530311015,7.604404341151697
cutoffs,point,-0.7080038998031533,4.214607465280906
cutoffs,point,-0.5681644206514675,5.023888808455421
cutoffs,point,-0.31208031642067546,5.730050147903632
cutoffs,point,-0.20866304213221995,4.587913169692675
cutoffs,point,-0.27842978474737917,4.0
cutoffs,point,-0.35068071394710787,4.0
cutoffs,point,-0.23074889713460642,5.193349021095295
cutoffs,point,-0.26508351966479504,8.0
cutoffs,point,-0.03,5.071343747174257
cutoffs,point,-0.37975811526735603,5.339015463686559
cutoffs,point,-0.3965215130384445,5.527031492685449
cutoffs,point,-0.4772047489976673,6.479469603357627
cutoffs,point,-0.4876222419882833,5.7369478860865275
cutoffs,point,-0.5667209066523069,5.503240659054401
cutoffs,point,-0.11421132321572319,6.845195442573079
cutoffs,point,-0.1492246394392583,4.499216933840157
cutoffs,point,-0.4201148713917369,5.651343132385975
cutoffs,point,-0.2460123178738182,4.657440007171236
cutoffs,point,-0.4102368428269168,7.077641423432176
cutoffs,point,-0.5712897866126224,5.305705841214726
cutoffs,point,-0.37704908233359913,4.0
cutoffs,point,-0.19761951838354314,5.602353877013668
cutoffs,point,-0.5017284630127578,5.5233996000302295
cutoffs,point,-0.5782237877619782,6.034102008063237
cutoffs,point,-0.28115842652666856,6.588445234225158
cutoffs,point,-0.20455727871723367,8.0
cutoffs,point,-0.34789739715924395,6.741689274435964
cutoffs,point,-0.2376316375636608,6.417729072499322
cutoffs,point,-0.33833794399855993,4.708459032991442
cutoffs,point,-0.2885395912049866,7.516666354850661
cutoffs,point,-0.46850264727528085,7.607368357236976
cutoffs,point,-0.1728765226156133,5.448321811131084
cutoffs,point,-0.3986287118875767,4.81211157461709
cutoffs,point,-0.37266528760457795,7.760239236567522
cutoffs,point,-0.47058182223479605,4.483160552855206
cutoffs,point,-0.3201099593031691,6.959163398135792
cutoffs,point,-0.44449581278618455,6.5502404757933235
cutoffs,point,-0.3599026424193324,4.164726486288383
cutoffs,point,-0.21777661391485492,6.676718956006056
cutoffs,point,-0.3282250798648153,4.0
cutoffs,point,-0.46568147065398097,4.524289642995189
cutoffs,point,-0.27210269194047987,5.37998852630978
cutoffs,point,-0.46197411824155543,6.197390234890152
cutoffs,point,-0.5043577342167016,5.946696365241216
cutoffs,point,-0.4236263860418005,5.390284383063147
cutoffs,point,-0.27368994694953375,7.344531164207771
cutoffs,point,-0.08848324164602694,6.464371911462937
cutoffs,point,-0.4748085956387848,5.420667905978677
cutoffs,point,-0.4110924810946098,5.257154326793989
cutoffs,point,-0.42859240304843454,6.236078677270941
cutoffs,point,-0.138979326134601,4.320929946546709
cutoffs,point,-0.4834475574031119,6.927142835023037
cutoffs,point,-0.36429200138581175,6.177343841155233
cutoffs,point,-0.24182551797356508,6.18734216551906
cutoffs,point,-0.394356322973955,6.737046770027042
cutoffs,point,-0.4122671321780817,7.1423590130045325
cutoffs,point,-0.21451577941463146,4.5394696068359774
cutoffs,point,-0.5240855385148643,7.346743406214979
cutoffs,point,-0.5210625753859521,4.4576404144352
cutoffs,point,-0.5593982999707483,8.0
cutoffs,point,-0.4083217812420885,7.814894741873159
cutoffs,point,-0.2944154548322778,5.948939847867176
cutoffs,point,-0.6695263688606145,5.968989520785556
cutoffs,point,-0.4421054068988811,6.338140683730856
cutoffs,point,-0.225961502752231,5.783581798621972
cutoffs,point,-0.44998227567833204,4.0
cutoffs,point,-0.16465850999973777,7.6230845335986395
cutoffs,point,-0.2093583247218654,5.8204574645561475
cutoffs,point,-0.72,5.491202033980958
cutoffs,point,-0.2656981589469752,5.041561472814445
cutoffs,point,-0.31405681835700894,4.67582793942546
cutoffs,point,-0.6255449431366374,5.216383043732764
cutoffs,point,-0.2716370712323624,5.139885084137981
cutoffs,point,-0.6455116552536009,7.496704534484968
cutoffs,point,-0.1829864787715005,4.0
cutoffs,point,-0.5414577445178024,6.917788645194125
cutoffs,point,-0.5452744618754929,6.355403531997258
cutoffs,point,-0.31349629515573807,4.8758606597350465
cutoffs,point,-0.6018534042477162,4.0
cutoffs,point,-0.6126283549998052,7.725424546862609
cutoffs,point,-0.3940576166111542,7.647524364253449
cutoffs,point,-0.2608135097892216,7.668778582683781
cutoffs,point,-0.1445466210026421,4.810587718869288
cutoffs,point,-0.4378393059962488,6.114454466496058
cutoffs,point,-0.4777295605722049,6.09816644505447
cutoffs,point,-0.3309951219618224,5.077681096884431
cutoffs,point,-0.5709591477275175,7.419458512266705
cutoffs,point,-0.72,8.0
cutoffs,point,-0.26466796681640153,4.2753641028352485
cutoffs,point,-0.5969654564708424,6.202277924728209
cutoffs,point,-0.72,5.4779151335918375
cutoffs,point,-0.3960259881862311,4.454468313163697
cutoffs,point,-0.3471381398034262,6.407036823932209
cutoffs,point,-0.25443704124228766,6.572702797581074
cutoffs,point,-0.4760853994969275,5.7549736910270815
cutoffs,point,-0.20916339440591164,7.65823592517931
cutoffs,point,-0.5299405207755628,6.5665578477119535
cutoffs,point,-0.36092620597644953,5.327040665147613
cutoffs,point,-0.4745952950484986,7.052911406256611
cutoffs,point,-0.37192197984157366,6.799572398624537
cutoffs,point,-0.297168141496803,7.286951973032138
cutoffs,point,-0.4302216548720068,5.666243259330753
cutoffs,point,-0.3005656950567121,5.0758916184724
cutoffs,point,-0.6218969288372721,6.003280944255222
cutoffs,point,-0.4418885184031249,5.43381105675907
cutoffs,point,-0.6338696869683189,8.0
cutoffs,point,-0.03,5.594764085562554
cutoffs,point,-0.41137665835393633,5.103701381242964
cutoffs,point,-0.03,5.908556852939613
cutoffs,point,-0.680642088638302,5.345868621375071
cutoffs,point,-0.10071878288346098,6.5551146167516805
cutoffs,point,-0.2934326359500768,8.0
cutoffs,point,-0.46389150399479695,5.104860451168033
cutoffs,point,-0.19826743679108008,7.156090799639756
cutoffs,point,-0.17120496187812628,5.105171345586657
cutoffs,point,-0.28231811060223067,7.880721260793338
cutoffs,point,-0.2641657370086188,6.6130986494140584
cutoffs,point,-0.14089656595806827,4.300875537162563
cutoffs,point,-0.3459830393623393,5.145735982278335
cutoffs,point,-0.5502979311660038,6.952486409512048
cutoffs,point,-0.72,5.5719464643546806
cutoffs,point,-0.23974073209524757,6.88290718135013
cutoffs,point,-0.17081222380032762,5.615624133153565
cutoffs,point,-0.43906193586164477,5.464258224149026
cutoffs,point,-0.2346756611888325,6.133914781903034
cutoffs,point,-0.6825055640727294,4.416809019399993
cutoffs,point,-0.47973955730909884,4.882987854702202
cutoffs,point,-0.366624953040971,4.412298382732319
cutoffs,point,-0.5278751867436937,6.361484056183112
cutoffs,point,-0.4169133944462772,5.122388388840261
cutoffs,point,-0.367758118752247,4.969819220585176
cutoffs,point,-0.22539618427991753,4.826087714260066
cutoffs,point,-0.08963328933023712,6.018621986818219
cutoffs,point,-0.4457554761280913,4.147532805886872
cutoffs,point,-0.72,6.773835203214974
cutoffs,point,-0.3738016604358461,4.71346064667519
cutoffs,point,-0.14033358409490204,5.698141627027241
cutoffs,point,-0.17668390035377096,7.168278151474759
cutoffs,point,-0.3252806641623427,4.930381875840321
cutoffs,point,-0.3051985067017077,4.118171553040279
cutoffs,point,-0.10711038419083901,7.057947277510809
cutoffs,point,-0.31531319017868054,7.193725278605881
cutoffs,point,-0.527171138599848,5.33328714289209
cutoffs,point,-0.036918639384356966,6.57480719919022
cutoffs,point,-0.348765985174556,6.014169759896942
cutoffs,point,-0.26704455251263237,6.182678807082007
cutoffs,point,-0.7158226244150194,6.112490211795539
cutoffs,point,-0.38464413396164443,4.846895774373983
cutoffs,point,-0.6660432211403899,8.0
cutoffs,point,-0.51568413806157,6.2638108149058365
cutoffs,point,-0.28678914445791576,6.833816718023963
cutoffs,point,-0.20993031579593804,8.0
cutoffs,point,-0.548494669643006,7.1896356573973765
cutoffs,point,-0.20271070944484654,6.745155346328813
cutoffs,point,-0.44602149553269466,5.820090913083955
cutoffs,point,-0.5423584151945187,6.761666604926982
cutoffs,point,-0.33428121891708734,6.408941847156683
cutoffs,point,-0.5141382983376562,6.901938325447689
cutoffs,point,-0.30058849249979186,4.0
cutoffs,point,-0.10122907637288203,5.328761469127288
cutoffs,point,-0.11903976612232903,4.66203454033989
cutoffs,point,-0.2852266675550733,4.703419688341681
cutoffs,point,-0.04449398079200878,5.364763819131447
cutoffs,point,-0.40417351353049435,5.362539903744305
cutoffs,point,-0.2630810778350314,6.089241442424754
cutoffs,point,-0.20980147923425796,5.054494867172649
cutoffs,point,-0.08413261943923012,6.199673637532692
cutoffs,point,-0.1806484021279291,5.188721605468701
cutoffs,point,-0.46832265120856076,4.0
cutoffs,point,-0.22431536400640192,5.9877424129011985
cutoffs,point,-0.72,7.328954509680394
cutoffs,point,-0.5159577054590005,5.838678664276269
cutoffs,point,-0.10379407163600379,6.465978359366522
cutoffs,point,-0.23170557340597556,6.4973814472810325
cutoffs,point,-0.39118778478249244,7.29710173886154
cutoffs,point,-0.30600131312902323,6.9927856910003205
cutoffs,point,-0.72,7.780893614817251
cutoffs,point,-0.488243696864226,5.099043077050363
cutoffs,point,-0.10028890279620012,5.001115664692088
cutoffs,point,-0.25586685701463696,4.383757525541018
cutoffs,point,-0.31823413480933854,6.3605617013003695
cutoffs,point,-0.4000246422810828,6.82477407333609
cutoffs,point,-0.4918389778040575,5.981649024576732
cutoffs,point,-0.608482593693463,5.1672538130418095
cutoffs,point,-0.5013797754077429,6.0361762821621925
cutoffs,point,-0.5699036726075526,5.71408626166314
cutoffs,point,-0.347414403332129,5.813808663641276
cutoffs,point,-0.1318872962202133,5.729442238541612
cutoffs,point,-0.3104711213949183,5.349757059127933
cutoffs,point,-0.20174642909551854,6.609675266127646
cutoffs,point,-0.5201144101606812,4.307131428681856
cutoffs,point,-0.42103761484238394,7.07197896682287
cutoffs,point,-0.1187530853556451,5.544219026179203
cutoffs,point,-0.5721452731456974,8.0
cutoffs,point,-0.6309051909781204,5.654823615001352
cutoffs,point,-0.516845025252453,4.856576262121852
cutoffs,point,-0.5065544591302712,5.219061242480764
cutoffs,point,-0.3930921662226654,7.108868807493909
cutoffs,point,-0.4381934948669669,6.173145939999676
cutoffs,point,-0.40655053052284734,5.669862957787303
cutoffs,point,-0.19947598720530954,6.05518585045306
cutoffs,point,-0.4718502287396187,4.7139858463341255
cutoffs,point,-0.584379889697609,5.823821787469529
cutoffs,point,-0.36349044157028143,7.294684600017675
cutoffs,point,-0.23608097262698985,4.82843621071377
cutoffs,point,-0.2485594365283639,6.424948981771782
cutoffs,point,-0.5391312727895128,6.5729742104715365
cutoffs,point,-0.19645390709605143,6.523879431430296
cutoffs,point,-0.5771163427998008,6.683975606652411
cutoffs,point,-0.4551852933811139,6.8988090101148485
cutoffs,point,-0.72,4.857105902409727
cutoffs,point,-0.5226978967693212,4.962612045607262
cutoffs,point,-0.5163764715858021,4.6889427175725125
cutoffs,point,-0.4454687396704248,4.0
cutoffs,point,-0.45310071316059447,6.773582570987245
cutoffs,point,-0.17056547680514866,6.400870963226047
cutoffs,point,-0.44652441832531303,7.255134037463135
cutoffs,point,-0.4666769730205142,5.282332369320858
cutoffs,point,-0.2628410905592311,4.5417165006360225
cutoffs,point,-0.2767005252975283,4.74090830599362
cutoffs,point,-0.1380351723271948,4.3376277929200695
cutoffs,point,-0.38159660268975076,5.964526549679491
cutoffs,point,-0.37524951142847773,7.274127845231154
cutoffs,point,-0.25370475921872226,4.0
cutoffs,point,-0.3305347254176161,4.0
cutoffs,point,-0.4041610311347278,6.395601837746485
cutoffs,point,-0.28889852137337246,4.0
cutoffs,point,-0.3513091221283983,6.54796258745979
cutoffs,point,-0.43508793246192473,6.246358383198365
cutoffs,point,-0.49681280397025807,6.8135892045423105
cutoffs,point,-0.3188136864018608,7.652490609331307
cutoffs,point,-0.5807981810289325,7.997461420254469
cutoffs,point,-0.12793034135366876,6.566743414455843
cutoffs,point,-0.22578582461003144,5.305385388631216
cutoffs,point,-0.568194511774433,5.722040074209836
cutoffs,point,-0.42818360350407714,5.99048537459289
cutoffs,point,-0.30950577842238436,6.717888251258743
cutoffs,point,-0.03,4.773890566717034
cutoffs,point,-0.72,5.415894792558636
cutoffs,point,-0.279113845814311,5.070882607817287
cutoffs,point,-0.6525429213979359,7.00129605067613
cutoffs,point,-0.11980437798081794,5.806653384850738
cutoffs,point,-0.444428955571695,6.06262658477517
cutoffs,point,-0.19843607343519967,5.041458984003849
cutoffs,point,-0.547264111730736,7.189026003423678
cutoffs,point,-0.46327286805204576,7.16520937116322
cutoffs,point,-0.72,6.15732099859512
cutoffs,point,-0.38980483621373135,7.2936034880313985
cutoffs,point,-0.5223570676971226,4.901296601921063
cutoffs,point,-0.44291501244533527,5.706942490705927
cutoffs,point,-0.4374655869824444,4.679247730412897
cutoffs,point,-0.03,4.586351484613139
cutoffs,point,-0.6160832957694151,4.878363696667588
cutoffs,point,-0.4844219578660499,6.968154878616296
cutoffs,point,-0.5477401422863409,4.678887585048875
cutoffs,point,-0.6685589334760214,6.763593115562022
cutoffs,point,-0.6016829149067824,5.832428463363244
cutoffs,point,-0.20783813931419745,6.819824020071218
cutoffs,point,-0.15352996503727542,5.580016966264921
cutoffs,point,-0.27497669138901065,7.82603060790472
cutoffs,point,-0.3149929259064844,5.950114029992346
cutoffs,point,-0.2183064175079438,7.577081882318424
cutoffs,point,-0.411120444958858,5.833576464072762
cutoffs,point,-0.22199718301794616,4.0
cutoffs,point,-0.454795651655304,6.358554249354936
cutoffs,point,-0.1313769227767833,7.255059964763564
cutoffs,point,-0.4837743366082171,4.0
cutoffs,point,-0.4274420529617347,6.420082144934295
cutoffs,point,-0.09435289169812794,6.030052603462711
cutoffs,point,-0.5608905871337897,6.144251737014399
cutoffs,point,-0.35124043348545564,5.118669980796131
cutoffs,point,-0.5228410628034185,5.935268156919252
cutoffs,point,-0.21613784793593127,6.175061446941302
cutoffs,point,-0.5983246532310372,5.986536253635995
cutoffs,point,-0.2996088562326475,6.193605671352209
cutoffs,point,-0.03195517605211956,4.0
cutoffs,point,-0.2530802489383868,7.009692894588295
cutoffs,point,-0.6393083635677077,5.577921472882294
cutoffs,point,-0.2521768994018282,6.0289513077419405
cutoffs,point,-0.3330126932844446,5.940645042198411
cutoffs,point,-0.07683031102930887,7.733098668124748
cutoffs,point,-0.1053312622739061,6.015371027392284
cutoffs,point,-0.5457133035901897,5.455362793035013
cutoffs,point,-0.4042188870403184,5.0004265919986075
cutoffs,point,-0.1814361782553383,6.323785053261732
cutoffs,point,-0.2190130126022935,6.57975102312353
cutoffs,point,-0.34555267395160544,6.266114603838067
cutoffs,point,-0.340873798449254,8.0
cutoffs,point,-0.48582786572566383,7.102260750575827
cutoffs,point,-0.22898837930263793,6.675010374750768
cutoffs,point,-0.680778661262323,7.067199413416238
cutoffs,point,-0.22836844024420683,5.160955481173803
cutoffs,point,-0.72,5.758146916360973
cutoffs,point,-0.45011174190415265,7.468178816763293
cutoffs,point,-0.3086807048578002,5.054451520356858
cutoffs,cut,-0.7,
cutoffs,cut,-0.6409090909090909,
cutoffs,cut,-0.5818181818181818,
cutoffs,cut,-0.5227272727272727,
cutoffs,cut,-0.4636363636363636,
cutoffs,cut,-0.40454545454545454,
cutoffs,cut,-0.34545454545454546,
cutoffs,cut,-0.2863636363636364,
cutoffs,cut,-0.2272727272727273,
cutoffs,cut,-0.1681818181818182,
cutoffs,cut,-0.10909090909090913,
cutoffs,cut,-0.05,
cutoffs,mean,-0.65,6.2625
cutoffs,mean,-0.57875,6.0804375
cutoffs,mean,-0.5075000000000001,6.3183750000000005
cutoffs,mean,-0.43625,6.4663125
cutoffs,mean,-0.365,5.914250000000001
cutoffs,mean,-0.29374999999999996,6.2821875
cutoffs,mean,-0.22249999999999998,5.970125
cutoffs,mean,-0.15125,6.078062500000001
cutoffs,mean,-0.08,5.726
binscatter,mean,-0.62,6.4645
binscatter,mean,-0.5599999999999999,6.2335
binscatter,mean,-0.5,6.5325
binscatter,mean,-0.43999999999999995,6.5715
binscatter,mean,-0.38,6.1405
binscatter,mean,-0.31999999999999995,5.9895000000000005
binscatter,mean,-0.25999999999999995,6.1685
binscatter,mean,-0.19999999999999996,5.887500000000001
binscatter,mean,-0.13999999999999996,5.7065
binscatter,mean,-0.08,5.835500000000001
binscatter,fit,-0.68,6.5955
binscatter,fit,-0.02,5.7045
conditional,segment,-0.64,6.6205
conditional,segment,-0.5777777777777778,6.530277777777778
conditional,segment,-0.5155555555555555,6.440055555555555
conditional,segment,-0.45333333333333337,6.349833333333334
conditional,segment,-0.3911111111111111,6.259611111111111
conditional,segment,-0.3288888888888889,6.169388888888889
conditional,segment,-0.26666666666666666,6.079166666666667
conditional,segment,-0.20444444444444443,5.988944444444445
conditional,segment,-0.1422222222222222,5.898722222222222
conditional,segment,-0.08,5.8085
